question,answer
Scenario: A Viking chieftain in East Anglia seeks to legitimize his rule. Which historical figure might he claim descent from to strengthen his claim?,"Halfdan the Black, a 9th-century king of East Anglia, often claimed lineage to the Anglo-Saxon royal family to bolster his authority against Viking rivals. His alliances and military campaigns, such as the Battle of Meriden, reflected this political strategy."
"Which Viking battle saw the decisive use of the longship's maneuverability to outflank a larger, slower enemy force?","The Battle of Helgeå (986) showcased this tactic. Danish longships, with their shallow drafts and speed, enabled Viking warriors to bypass fortified positions, demonstrating naval superiority over larger, less agile enemy fleets."
Where were the most significant temples dedicated to the Norse god Thor discovered in Viking Age Scandinavia?,"Temples to Thor were primarily found in Uppsala, Sweden, where the ancient Thing (assembly) met. These sites featured wooden altars and sacrificial pits, reflecting Thor's role as a god of thunder and war."
"Scenario: An archaeologist uncovers a burial site with a boat, sword, and gaming pieces. What does this indicate about the deceased?","This suggests the individual was a high-status Viking warrior. Boats symbolized power and travel, swords indicated combat prowess, while gaming pieces reflect leisure and social status, common in elite Viking burials."
"Which Viking law code addressed the compensation for damaging a ship, a critical economic asset?","The Danish Law Code (c. 965) specified fines for damaging ships, emphasizing their economic value. Offenders faced penalties like forced labor or monetary restitution, reflecting maritime trade's importance in Viking society."
Which Viking leader established Normandy as a Duchy in 911?,"Rollo, the leader of the Viking raiders, secured Normandy through the Treaty of Saint-Clair-sur-Epte, becoming its first Duke and integrating Norse and Frankish cultures."
Why were Varangian Guards recruited by the Byzantine Empire?,"The Byzantine Empire hired Varangian Guards for their loyalty, combat skills, and reputation as elite warriors, ensuring protection for the emperor and reinforcing Norse-Byzantine military ties."
Which institution served as the primary assembly for lawmaking in Norse society?,"The thing was the central institution, where free men gathered to debate laws, settle disputes, and enact collective decisions, reflecting Norse social and legal values."
"When did Cnut the Great unify England, Denmark, and parts of Germany?","Cnut the Great ruled from 1016 to 1035, consolidating power over England, Denmark, and northern Germany, creating the North Sea Empire through strategic alliances and military campaigns."
Why did Viking raids intensify in France after 843?,"The Treaty of Verdun (843) fragmented the Carolingian Empire, creating vulnerable regions that attracted Viking raids for wealth, trade, and territorial expansion in western France."
What archaeological evidence suggests Viking settlements in France during the 9th century?,"Excavations at Portezgues-Loarre reveal longhouses and hearths, indicating permanent settlements. These sites show trade networks with the Frankish territories, highlighting Viking integration into local economies."
"When did Viking raids on France intensify, and what factors contributed to this shift?","Raids intensified after 843 due to the Treaty of Verdun, which fragmented the Carolingian Empire. This created vulnerable targets, prompting Viking expeditions to exploit political instability in Francia."
What artifact discovery in France provides insight into Viking craftsmanship and trade?,"The 9th-century sword found at Fécamp showcases intricate engravings and ironwork, linking Viking metalworkers to Frankish markets. Its design reflects cultural exchange and technical skill in the region."
How did Halfdan of East Anglia's reign impact Viking interactions with France?,"Halfdan's alliance with the Mercians in 870 stabilized East Anglia, allowing Vikings to focus on Normandy. This shift intensified raids along the Seine, shaping early Norman settlements in the region."
What historical interpretation explains the decline of Viking settlements in France by the 10th century?,"Archaeological evidence shows gradual assimilation into Frankish society, with Norse cultural elements fading. This transition, marked by mixed burials and bilingual inscriptions, reflects integration rather than conquest."
What role did the conversion to Christianity play in the decline of Norse pagan practices?,"The conversion of Viking elites to Christianity, especially after the 9th century, accelerated the abandonment of pagan rituals. Christian missionaries, supported by Scandinavian rulers, established monasteries and bishoprics, which replaced traditional temples and rituals. This shift was driven by political alliances and the growing influence of the Christian world, gradually eroding older Norse spiritual traditions."
What historical interpretation explains the spread of Norse craftsmanship across Eastern Europe through trade networks?,"The Viking Age trade network facilitated cultural exchange, with Norse artisans exporting goods like swords and textiles. Archaeological finds in Eastern Europe, such as decorated silver items, suggest hybrid styles blending Norse and local techniques. This indicates that trade not only spread material goods but also influenced artistic and technical practices across regions."
How did Viking longships contribute to their tactical advantage in naval warfare?,"Viking longships featured shallow drafts, allowing access to rivers and coastlines, and a flexible sail- oar system for speed. Their light construction enabled rapid maneuvers, while the ship's design allowed for boarding attacks. These features gave Vikings a decisive edge in raiding and engaging larger, slower enemy vessels."
What was the significance of the Varangian Guard's recruitment by the Byzantine Empire?,"The Varangian Guard, composed of Norse warriors, became Byzantium's elite military unit. Recruited for their discipline and combat skills, they protected the emperor and participated in campaigns. Their presence also fostered cultural exchanges, blending Norse and Byzantine traditions, and ensuring a steady supply of loyal, battle-hardened troops."
How did Viking raids on Ireland transform the island's political landscape?,"Viking raids on Ireland, beginning in the late 8th century, led to the establishment of Norse settlements like Dublin. These outposts evolved into powerful polities, merging Norse and Gaelic governance. Over time, Viking chieftains secured control over key ports, reshaping Ireland's political structure and fostering a unique Norse-Gaelic cultural identity."
What artifact discovery in Estonia reveals Viking Age maritime navigation techniques?,"The 10th-century wooden compass found in Estonia's Lähtselähtsi site shows Viking navigational tools using sun shadows and stars, indicating advanced maritime knowledge."
How did the Byzantine Empire's reliance on Varangian Guards influence Scandinavian political alliances?,"The Byzantine reliance on Varangian Guards fostered Scandinavian elite alliances, enabling Viking leaders like Olaf the Holy to secure political and military support through reciprocal loyalty."
What historical interpretation explains Ivar the Boneless' strategic use of divided Viking forces in the 9th century?,"Ivar's use of divided forces, as recorded in the Anglo-Saxon Chronicle, reflects a calculated strategy to overwhelm defenses, leveraging mobility and surprise in key Viking campaigns."
How did Viking daily life in Eastern Europe differ from Scandinavia in terms of diet and trade?,"Eastern Viking communities adopted more grain-based diets and intensive trade networks, incorporating Mediterranean goods, contrasting with Scandinavia's reliance on fish and forest products."
What role did the Viking kings' control over the thing assembly play in consolidating power?,"Viking kings used the thing assembly to legitimize rule, settle disputes, and enforce laws, centralizing authority while maintaining local governance through elected representatives."
How did Leif Erikson's expedition to Vinland differ from typical Viking raids?,"Leif Erikson's voyage to Vinland aimed at exploration and trade, not conquest. He sailed west from Greenland, landing in North America around 1000 CE, seeking resources and forging alliances with indigenous peoples rather than pillaging."
"Who established the Varangian Guard, and what role did they play in Byzantine politics?","Byzantine Emperor Basil I recruited Norse warriors in the 9th century to form the Varangian Guard. These elite soldiers protected the emperor, secured trade routes, and influenced Scandinavian political alliances through their loyalty to Byzantine rulers."
Why did Viking laws emphasize the concept of wergild in Norse society?,"Wergild, a system of compensation for injuries, resolved disputes without violence. It reflected Norse values of honor and retribution, ensuring social order by quantifying human life in terms of wealth to balance wrongdoing."
How did Viking trade networks connect Scandinavia to Eastern Europe?,"Vikings used rivers and the Volga trade route to exchange goods like furs, amber, and silver for luxury items. This linked Scandinavia to the Byzantine Empire and the Islamic world, fostering economic and cultural exchange across vast territories."
Who was the first Norse ruler to formalize a legal code in Denmark?,"King Gorm the Old of Denmark established the first recorded Norse legal code in the 9th century. It standardized laws, regulated land ownership, and reinforced royal authority, marking a shift from tribal to centralized governance."
What role did the Viking legal code's emphasis on compensation play in resolving disputes?,"Viking law prioritized wergild, a system of fixed payments for injuries, to resolve conflicts without blood feuds. This structured compensation, based on social status, maintained order by deterring violence and ensuring accountability, reflecting Norse values of justice and reparation."
What caused the shift from open-field farming to enclosed plots in Viking settlements?,"Population growth and land scarcity in the 9th century led to enclosed farming. By dividing land into smaller, privately owned plots, Viking farmers improved efficiency, reduced overgrazing, and adapted to demographic pressures, enhancing food production for expanding communities."
Which Viking-era rune stone in France contains the earliest known Christian inscription?,"The Sainte-Madeleine stone in Normandy, dating to the 10th century, features a Christian inscription alongside runic text. This hybrid inscription marks a key transition from pagan to Christian practices, reflecting Viking conversions and cultural blending in the region."
What architectural adaptations did French fortifications undergo to counter Viking siege tactics?,"French castles incorporated high curtain walls, moats, and towers to resist Viking siege engines. Stone construction replaced wooden fortifications, enabling prolonged resistance. These changes, driven by Viking raids, fortified key cities like Rouen and Chartres by the 9th century."
What caused the Viking preference for double-edged axes over single-edged swords in combat?,"Double-edged axes provided versatility in close combat, allowing both cutting and thrusting. Their lighter weight and ease of production made them practical for warriors. While swords were elite weapons, axes were mass-produced, reflecting the Viking emphasis on utility and accessibility in warfare."
What role did runes play in Viking record-keeping compared to other Germanic scripts?,"Viking runes, used for inscriptions on stones and artifacts, differed from Latin script by lacking vowels and emphasizing phonetic clarity. They recorded names, legal terms, and personal messages, contrasting with other Germanic scripts that often included more complex letter forms. Runes also served as a means of preserving Norse identity and oral traditions in writing."
How did Viking trade with the Islamic world differ from their interactions with the Byzantine Empire?,"Viking trade with the Islamic world focused on textiles, silver, and slaves via the Black Sea, while Byzantine exchanges emphasized luxury goods like silk and spices. Islamic trade routes extended to the Mediterranean, whereas Byzantine interactions were more localized, reflecting distinct economic priorities and geopolitical networks."
What architectural features in Viking settlements reflected their religious beliefs?,"Viking settlements included wooden longhouses for communal living and smaller halls for rituals. Temples, like the Uppsala temple, featured sacred trees and altars for gods. These structures symbolized the connection between the natural world and Norse cosmology, blending practicality with spiritual significance."
How did daily life in Viking homesteads vary between coastal and inland communities?,"Coastal Vikings prioritized fishing, shipbuilding, and trade, while inland communities focused on agriculture, livestock, and craft production. Coastal homes often included drying racks for fish, whereas inland dwellings had storage areas for grain. Both shared communal hearths and seasonal festivals."
What strategies did Ubba use to coordinate Viking raids across different regions?,"Ubba employed messengers and scouts to relay intelligence, ensuring synchronized attacks on multiple fronts. He leveraged seasonal winds for swift naval movements and targeted weak defenses to maximize plunder. His tactics emphasized flexibility, allowing rapid shifts between raiding and defensive maneuvers."
Who was the first recorded Viking leader to establish a permanent settlement in England?,"Ivar the Boneless founded the Danelaw in eastern England, securing Viking control through strategic alliances and military dominance in the late 8th century."
Why did Viking settlements in England adopt wooden palisades for defense?,"Viking longhouses and farms were vulnerable to fire, so palisades provided quick, effective barriers against raids while allowing for easy expansion."
What caused the decline of open-field farming in Viking England?,Soil depletion from continuous cultivation and the rise of enclosed strip farming in the 9th century improved land management and crop yields.
"Who led the Viking raids on Lindisfarne in 793 CE, and what was their impact?","Offa of Mercia's forces were attacked by Norse raiders, marking the start of Viking raids that destabilized Anglo-Saxon kingdoms and spurred defensive reforms."
How did Norse society's emphasis on kinship affect Viking raiding strategies?,"Kinship networks ensured loyalty among raiding parties, enabling coordinated attacks across vast distances while maintaining communal resource sharing and leadership structures."
Where were the earliest archaeological remains of Viking longships discovered?,"The earliest Viking longship remains were found in Norway's Gokstad and Oseberg tombs, dating to the 9th century. These ships featured a clinker-built hull, high prow, and shallow draft, enabling swift travel across open seas while carrying cargo and warriors."
What prompted Erik the Red to settle in Greenland?,"Erik the Red, exiled from Iceland for alleged crimes, sailed westward in 982 CE. He named Greenland to attract settlers, leveraging its perceived Christian association. His voyage marked the Norse first permanent settlement in the New World, though survival was challenging due to harsh climates."
Where did Viking queens exert the most political influence?,"Viking queens, like Astrid of Sweden and Gyda of Denmark, influenced politics in Scandinavia and beyond. They mediated disputes, secured alliances, and sometimes ruled as regents. Their authority was strongest in regions with matrilineal traditions, such as the Uppsala Assembly in Sweden."
How did archaeologists determine the purpose of Viking runestones?,"Archaeologists analyzed runic inscriptions on stones, often commemorating warriors, leaders, or events. Contextual clues, like burial sites or proximity to settlements, helped identify their function. Some stones marked graves, while others served as boundary markers or memorials."
How did Viking longships achieve both speed and stability in open seas?,"Viking longships used a clinker-built hull with overlapping planks, providing flexibility. A shallow draft allowed swift movement, while a balanced sail rig and oars enabled maneuverability. The ship's design optimized speed for raids and stability for coastal navigation and open-sea voyages."
What was the strategic significance of the Battle of Brávellir in 870 CE?,"The Battle of Brávellir, fought between rival Norse jarls, marked a turning point in Viking societal unification. It resolved conflicts over Harald Fairhair's legacy, consolidating power under Harald Hardrada and accelerating Norway's centralization. The victory reinforced hereditary leadership and laid foundations for a centralized Norse state."
How did Harald Fairhair's legal reforms transform Viking society?,"Harald Fairhair's codification of Viking law introduced written statutes, standardizing justice across Norway. Emphasis on compensation over retaliation reduced blood feuds, while centralized governance strengthened state authority. These reforms balanced clan autonomy with royal oversight, fostering stability and resource management."
What role did Viking laws play in resolving property disputes?,"Viking laws mandated strict compensation for property damage, often in the form of wergild. These codes established clear value scales for different social classes, ensuring disputes were resolved through agreed-upon payments rather than violence. This system minimized conflict and reinforced legal order within settlements."
How did Viking settlers in Normandy reshape medieval French feudalism?,"Viking settlers in Normandy integrated into Frankish society, adopting land ownership practices and feudal obligations. Their Norse legal traditions merged with Frankish systems, creating a hybrid governance model. This fusion facilitated Normandy's rise as a power in France, later influencing the Capetian monarchy's development."
What role did the Varangians play in the Byzantine military during the 11th century?,"The Varangian Guard, recruited from Norse and Baltic regions, served as the Byzantine Empire's elite personal bodyguard. Their loyalty to the emperor and martial prowess made them critical in defending against invasions. By the 11th century, they had become indispensable, symbolizing the enduring cultural ties between Byzantium and Scandinavia."
What historical interpretation explains the Varangians' role in the formation of Kievan Rus'?,"The Varangians, Norse traders and warriors, facilitated the rise of Kievan Rus' by establishing trade networks and mediating between East Slavic tribes and Byzantine emperors. Their military expertise and political influence helped consolidate power among Rus' princes, shaping the region's early statehood through alliances and strategic leadership."
"What was the significance of Cnut the Great's rule over England, Denmark, and Norway?","Cnut's tripartite rule (1016–1035) unified Scandinavia and England under a single power, promoting stability through centralized governance and Christianization. His reign fostered economic growth and cultural exchange, though his focus on maintaining control over Denmark and Norway led to eventual fragmentation after his death."
What challenges did Erik the Red's Greenland settlements face in sustaining Norse colonization?,"Erik the Red's Greenland colonies struggled with harsh climate, limited arable land, and isolation. Despite initial success, over-reliance on trade with Vinland and the Norse homeland led to decline. Environmental factors and conflicts with indigenous populations eventually caused the settlements to collapse by the 15th century."
Historical interpretation: How did Harald Fairhair's reign reshape Viking Age Scandinavia?,"Harald Fairhair's unification of Norway (930s) centralized power, ending the fragmented Viking Age kingdoms. His consolidation of authority through military campaigns and legal reforms established a structured state, fostering stability and resource management, which influenced later Scandinavian political development."
How did Viking longships facilitate trade across the Baltic Sea?,"Their shallow draft and flexible hulls allowed navigation of inland waterways, enabling swift transport of goods between Scandinavia and the east."
Where were Viking Thing assemblies held in England during the 9th century?,"Viking Thing assemblies in England were held in the Danelaw region, such as in York or Stamford, where Norse settlers established governance. These meetings resolved disputes, enacted laws, and maintained order among the Viking community, reflecting their Scandinavian legal traditions adapted to English contexts."
Historical interpretation: How did the jarls' hereditary leadership in Viking England contrast with Anglo-Saxon royal succession?,"Jarls in Viking England passed power through lineage, emphasizing clan loyalty and military prowess, unlike Anglo-Saxon kings who relied on royal bloodlines and centralized authority. This decentralized structure allowed jarls to dominate regional governance, creating a hybrid system blending Norse and English administrative practices."
"Scenario: If a Viking jarl faced a rebellion in his longhouse, how might he use his ship's design to secure his position?","A jarl could exploit the longship's speed and shallow draft to flee to his vessel, leveraging its mobility for escape. The ship's reinforced hull and oar-driven agility would enable swift retreat, while its ability to navigate coastal waters ensured survival during internal conflicts."
Where did Viking longships primarily operate during the 9th-century raids on England?,"Viking longships dominated the North Sea and English Channel, targeting coastal towns like Lindisfarne and East Anglia. Their shallow draft allowed access to estuaries and rivers, enabling surprise attacks and swift withdrawal, crucial for raiding success in the 9th century."
Historical interpretation: How did Viking settlers in Normandy influence the development of feudal structures in medieval France?,"Viking settlers in Normandy integrated with local French nobility, adopting feudal practices while retaining Norse military traditions. This fusion strengthened feudal hierarchies, as Viking leaders like Rollo became dukes, blending their seafaring expertise with French land-based governance systems."
Scenario: A Viking farmer in the 9th century uses the three-field system to combat soil depletion. How did this method ensure sustainable crop rotation?,"The three-field system divided land into fallow, winter, and spring fields. By rotating crops annually, Vikings prevented soil exhaustion, maintained fertility, and reduced pest outbreaks, ensuring long-term agricultural productivity."
"Who was Halfdan Ragnarsson, and what role did he play in Cnut the Great's consolidation of power in England?","Halfdan Ragnarsson, Cnut's brother, led military campaigns in England after Cnut's death. His campaigns secured Danish control over English territories, reinforcing Viking dominance and stabilizing Cnut's legacy in the region."
Historical interpretation: How did the discovery of the Gokstad ship artifact reflect Viking Age Scandinavian shipbuilding expertise?,"The Gokstad ship's oak planks, iron fastenings, and symmetrical design demonstrated advanced craftsmanship. Its 70-foot length and shallow draft revealed Viking mastery of seafaring, enabling trade and exploration across northern Europe."
Artifacts: What does the intricate craftsmanship of the Oseberg ship burial reveal about Viking beliefs in the afterlife?,"The Oseberg ship, laden with goods and a woman’s grave goods, symbolized Viking funerary practices. Its detailed artifacts, including textiles and jewelry, suggest beliefs in an afterlife journey and the importance of status in the spiritual realm."
Daily Life: How did the use of the seax in Viking daily life reflect both practical utility and social status?,"The seax, a multi-purpose knife, was essential for farming and butchering. Its varying designs and materials indicated ownership status, with ornate versions signifying elite status or ritual significance in Viking society."
Which Viking goods were most sought after in Scandinavian trade networks?,"Amber, furs, and slaves were highly valued. Amber from the Baltic, furs from the east, and slaves from raids were traded across Europe, linking Scandinavia to Byzantium and the Islamic world."
When did Viking settlers establish permanent communities in Scotland?,"By the late 8th century, Vikings founded the Kingdom of the Isles, with key settlements like Orknev and Shetland, integrating Norse and local Gaelic cultures."
How did Viking daily life in Ireland differ from that in England?,"Irish Vikings, often Norsemen, settled in coastal areas and integrated with local chieftains, while English Vikings established fortified towns and intermarried with Anglo-Saxon elites."
Which Russian prince claimed descent from Viking leaders?,"Igor of Kiev, a 10th-century ruler, claimed ancestry from Rurik, a Norse chieftain, reinforcing the Varangian connection to Kievan Rus' formation."
How did Viking trade with Russia influence medieval Europe?,"The Varangian trade route between Scandinavia and Byzantium via the Volga River facilitated cultural exchange, spreading Orthodox Christianity and Byzantine influence across Eastern Europe."
What caused the use of runes in Viking trade networks?,"Runes enabled record-keeping for trade agreements, taxation, and resource management, ensuring economic stability and facilitating long-distance commerce. Their simplicity allowed widespread literacy, aiding in tracking goods and contracts across Scandinavia and beyond."
How did Viking longships differ from other medieval ships in terms of design and versatility?,"Viking longships had shallow drafts, broad sails, and flexible hulls, allowing navigation of both open seas and inland waterways. This design enabled swift raids, trade, and exploration, unlike heavier, deeper ships optimized for coastal or river use."
When did the Viking Age's focus on exploration and conquest shift towards trade and settlement?,"The Viking Age transitioned from conquest to trade and settlement by the late 9th century, driven by resource scarcity and political instability in Scandinavia. This shift led to permanent communities in regions like Scotland and the Danelaw."
How did Viking farming practices in Scotland contrast with those in England during the 930s?,"Scottish Vikings prioritized communal land management and adapted to harsh climates with hardy crops, while English Vikings integrated with local systems, favoring enclosed fields and crop rotation to maximize arable land."
What caused Viking farming techniques to support population growth in the 9th century?,"The three-field system and crop diversification increased agricultural output, sustaining larger populations and enabling surplus for trade and military campaigns. This efficiency countered soil depletion and supported Viking expansion."
How did the use of sunstones in Viking navigation aid their exploration of the North Atlantic?,"Sunstones, calcite crystals, refracted sunlight to locate the sun's position on overcast days. This enhanced navigational accuracy, enabling Viking longships to traverse vast Atlantic distances, including their expeditions to Vinland. The technique reflected advanced maritime expertise and supported their exploration efforts."
Historical interpretation: How did the distribution of Gotlandic silver artifacts reveal Viking trade networks' reach?,"Gotlandic silver artifacts, such as the Bracten, spread across Scandinavia, the British Isles, and the Mediterranean. This diffusion highlights the Vikings' extensive trade networks, linking distant regions through commerce. Such artifacts indicate economic integration and the Vikings' role as intermediaries in cross-continental exchange."
Scenario: A Viking chieftain in 874 CE faces a rival's ambush on their longship. How might their ship's design help evade or counterattack?,"The longship's shallow draft allowed swift maneuvering in coastal waters, while its lightweight construction enabled rapid acceleration. The ship's narrow hull and flexible keel provided agility for evasive maneuvers. If ambushed, the crew could use the ship's speed and mobility to escape or launch swift counterattacks, leveraging their tactical advantage."
How did Viking Age Thing assemblies in England differ from those in Scandinavia in legal proceedings?,"Viking Thing assemblies in England incorporated Anglo-Saxon legal traditions, such as the use of legal codes and judicial review. Scandinavian Things emphasized consensus and local customs. These adaptations reflect the Vikings' integration into English society while maintaining core legal principles of communal justice and dispute resolution."
What role did the Gokstad ship artifact play in understanding Viking shipbuilding techniques?,"The Gokstad ship, a 23-meter-long longship, showcased advanced Scandinavian shipbuilding, including a sturdy oak frame and water-sealed hull. Its discovery confirmed the Vikings' expertise in crafting vessels suited for both trade and warfare, demonstrating their engineering skills and the ship's versatility across diverse maritime environments."
Scenario: A Norse merchant in 950 CE arrives at a Slavic settlement near the Dnieper River. What trade goods would they exchange for furs and wax?,"The Norse would barter woolen textiles, iron tools, and honey for furs, wax, and slaves. This exchange reflects the Varangian trade network, where Scandinavian merchants facilitated commerce between the Byzantine Empire and the East Slavic principalities, establishing economic ties that shaped medieval Eastern Europe."
Historical interpretation: How did the discovery of the Ladby Ship in Denmark challenge assumptions about Viking Age Christianity?,"The Ladby Ship's 11th-century grave goods, including Christian crosses and a bronze mirror, indicate a blending of pagan and Christian symbols. This suggests gradual religious syncretism rather than abrupt conversion, highlighting the complex transition periods in Viking societies."
Where did Viking settlers establish the first permanent communities in Scotland by the late 9th century?,"Viking settlers founded the Isle of Orkney and the Shetland Islands by 875 CE. These outposts became administrative centers, integrating Norse and Pictish cultures. The fertile lands and strategic location facilitated long-term settlement and cultural fusion."
Artifacts: What does the intricate brooch design of the Ringerike style reveal about Viking Age craftsmanship?,"The Ringerike brooch, with its interlaced motifs and silver filigree, demonstrates advanced metalworking skills and artistic innovation. Such artifacts reflect the Vikings' ability to blend decorative traditions from Scandinavia, Britain, and the broader European continent."
Where did Viking raids on France's coastal regions primarily target during the 9th century?,"Vikings focused on the Seine River valley, targeting towns like Rouen and Le Mans. These raids, often led by figures like Rollo, exploited weak defenses and facilitated the establishment of Normandy. The strategic use of river routes enabled swift attacks and retreats."
Which French regions were primary targets of Viking raids in the 9th century?,"The Vikings primarily targeted the northern French regions of Normandy and the Seine River valley. These areas were rich in resources, had vulnerable coastal settlements, and offered access to trade routes. Raids often focused on monasteries and towns like Rouen, which were strategic hubs for plunder and conversion to Christianity."
What role did Jarls play in Viking Age governance and economy?,"Jarls were powerful Norse chieftains who governed regions through a mix of military strength and patronage. They oversaw trade networks, managed settlements, and mediated disputes. Their wealth from commerce and tribute allowed them to influence local politics, often acting as intermediaries between Viking leaders and regional authorities."
Why did Viking farming techniques in the British Isles differ from those in Scandinavia?,"Viking farming in the British Isles adapted to local climates and soils, emphasizing short-season crops like barley and oats. In contrast, Scandinavian techniques focused on livestock and long-season crops. These differences arose from varying environmental conditions and the need to integrate with local agricultural systems."
What archaeological discovery in France revealed Viking longship construction methods?,"The 2012 excavation of the Saint-Valery-sur-Somme ship in France uncovered a 11th-century Viking longship. Its remains provided insights into shipbuilding techniques, including the use of clinker construction and the ship's dual role in trade and warfare, reflecting Viking adaptability in diverse environments."
How did Harald Fairhair's unification of Norway impact Viking expansion into France?,"Harald Fairhair's consolidation of Norway in the 9th century created a centralized power base, enabling organized raids and trade expeditions. This stability allowed Viking fleets to target France more effectively, leveraging Norway's resources and strategic position for sustained expansion and influence in the region."
What caused the establishment of Viking settlements in Ireland?,"Overpopulation and resource scarcity in Scandinavia drove Viking raids on Ireland by the late 8th century. Successful raids led to permanent settlements, with Dublin becoming a key center by 840 CE. These settlements facilitated trade with the British Isles and continental Europe, transforming Ireland into a hub for Viking economic and cultural influence."
What role did Harald Fairhair's unification of Norway play in Viking expansion?,"Harald Fairhair's consolidation of Norway (c. 870s) created a centralized power base, enabling organized raids and trade networks. This stability allowed Vikings to extend their reach to the British Isles, France, and Byzantium, fostering economic growth and military coordination across the North Sea and Baltic regions."
How did Harald Hardrada's reign influence Viking Age settlements in Scotland?,"Harald Hardrada's campaigns in the late 11th century intensified Viking settlement in Scotland, particularly in the Orkney and Shetland islands. His rule encouraged Norse settlers to establish permanent communities, blending Scandinavian governance with local Scottish structures and reinforcing Viking cultural dominance in the region."
Which battle in 1009 marked a turning point in Cnut the Great's struggle for dominance in the North Sea?,"The Battle of HelgeÅ, where Cnut's fleet was decisively defeated by the Danish fleet, leading to his withdrawal from the region and the consolidation of his Scandinavian territories."
How did the establishment of Viking settlements in Normandy contribute to the formation of the Duchy of Normandy?,"Viking settlers in Normandy gradually integrated with local Frankish nobles, leading to the creation of the Duchy under Rollo in 911, which became a key power in medieval France."
"Who was the Viking chieftain responsible for the discovery of the Jelling Stones, a pivotal artifact marking the conversion of Denmark to Christianity?","Harald Bluetooth, who commissioned the Jelling Stones in the 10th century to commemorate his conversion to Christianity and his role in unifying Denmark."
What cause-effect relationship exists between the Battle of the Sound in 1003 and Cnut the Great's consolidation of power in Scandinavia?,"Cnut's victory over his brother Svein in the Battle of the Sound secured his control over Denmark, enabling him to later dominate England, Norway, and the North Sea."
Which Viking artifact found in Normandy provides evidence of the blending of Norse and Frankish cultures in the 10th century?,"The La Hougue-Bie ship burial, containing both Norse and Frankish artifacts, illustrates cultural exchange in Viking settlements along the Channel."
Who led the first major Viking raids on Ireland in 839?,"The Irish annals attribute the 839 raids to the Norsemen of the Uí Ímair, a coalition of Viking chieftains. Though no single leader is definitively named, their campaigns marked the beginning of sustained Viking presence in Ireland, establishing bases like Dublin."
What caused the decline of Viking farming in Scotland by the 11th century?,"The decline stemmed from shifting climate patterns, soil exhaustion, and increasing competition with Gaelic and Anglo-Norman settlers. Viking agricultural systems, reliant on slash-and-burn, struggled to sustain long-term growth in the region."
What role did Viking settlements in Ireland play in the spread of Christianity?,"Viking settlements in Ireland, particularly Dublin, became hubs for Christian conversion by the 10th century. Norse chieftains and clergy adopted Christian practices, blending pagan traditions with the emerging Irish Church, which facilitated broader cultural integration."
Who was the Norse ruler who solidified Harald Fairhair's unification of Norway?,"Harald Fairhair's son, Magnus the Good, formalized Norway's unification through strategic alliances and military campaigns. This consolidation enabled organized Viking expeditions, including raids on Scotland and France, by the early 11th century."
What caused the establishment of the Danelaw region in East Anglia?,"The Danelaw emerged from decades of Viking raids and settlements in eastern England, beginning in the late 9th century. After the Treaty of Saint-Clair-sur-Epte (911), Danish rulers secured control over the region, integrating it into Viking-controlled territories."
What was the strategic advantage of Viking longships in Harald Fairhair's conquest of Norway?,"Viking longships' shallow draft and speed allowed Harald Fairhair to navigate coastal waters and rivers, enabling swift raids and the transport of troops. This mobility was critical in subduing rival kings and consolidating power across Norway's fragmented regions."
Where did Ivar the Boneless lead his final campaign before his death in 873?,"Ivar the Boneless directed his final campaign in East Anglia, where he besieged the city of Leicester. After securing the region, he died shortly thereafter, marking the end of the Great Heathen Army's dominance in England."
"Scenario: If Viking runes had not been developed, how might Norse record-keeping have changed?","Without runes, Norse record-keeping would have relied on oral traditions and wooden tablets. This would have limited the preservation of legal codes, genealogies, and historical events, reducing the availability of written records for later historians."
What role did Norse mythology play in Viking Age religious practices?,"Norse mythology shaped Viking religious practices through the worship of gods like Odin and Thor. Rituals, sacrifices, and storytelling centered on these deities reinforced communal identity and justified warfare, raiding, and leadership."
Where did Viking settlements in Normandy primarily influence the development of French chivalry?,"Viking settlements in Normandy, particularly in the Seine Valley, influenced French chivalry by blending Norse warrior traditions with Frankish aristocratic values. This fusion created the chivalric code that later defined medieval knighthood in France."
Who presided over Viking Age Thing assemblies in Scandinavian settlements?,"A thingmaster, typically a local chieftain or free man of high status, presided over Thing assemblies. These gatherings, held in open fields, resolved disputes, enacted laws, and made collective decisions, reflecting the democratic nature of Viking governance in settlements."
What role did Viking longhouses play in daily life within Norse settlements?,"Viking longhouses served as communal and domestic centers in settlements, housing extended families, storing goods, and hosting social events. They symbolized wealth and status, with larger houses indicating greater influence among Norse communities."
Who was the Viking ruler credited with unifying Norway under a single throne?,"Harald Fairhair, Norway's first king, unified the country through military campaigns in the 9th century. His consolidation of power ended centuries of fragmentation, laying the foundation for a centralized Norwegian kingdom."
Which Viking archaeological site in Scotland reveals evidence of long-term settlement patterns?,"The village of Jarlshof showcases continuous occupation from the Iron Age to the Viking Age, with structures like longhouses and storage pits, indicating adaptation to local environments and cultural continuity."
"Who was Ubba Ragnarsson, and what was his significance in the Viking conquest of England?","Ubba, a leading Viking chieftain, played a key role in the 865 Great Heathen Army's invasion of Northumbria. His leadership contributed to the fall of York in 866, marking a turning point in Viking expansion into England."
Which Viking battle in 866 marked the beginning of the Siege of York?,"The Battle of York in 866, part of the Viking siege, saw the city's defenses overwhelmed by the Great Heathen Army. This event established Viking control over the region and initiated prolonged conflict with Anglo-Saxon forces."
What agricultural techniques did Viking settlers use to adapt to Scotland's harsh climate?,"Vikings employed crop rotation, including turnips and barley, and built drystone walls to manage soil erosion. They also domesticated hardy livestock like sheep, enabling sustainable farming in the rugged Scottish terrain."
What role did Viking farming practices play in the development of the Orkney Islands' economy?,"Viking farming in Orkney focused on sheep rearing and oat cultivation, supported by windmills and irrigation. This system sustained settlements and facilitated trade, contributing to the islands' economic stability during the Viking Age."
Who was the jarl responsible for establishing a Norse outpost in Rouen during the 9th century?,"Jarl Rollo, a Viking leader, founded a Norse settlement in Rouen in 880, securing Normandy through the Treaty of Saint-Clair-sur-Epte, which formalized Norse control over the region."
What cause-effect relationship existed between Viking jarls' governance and the formation of the Danelaw?,"Jarls' control over trade routes in England facilitated Norse dominance, leading to the Danelaw's establishment as a semi-autonomous Norse-controlled region in East Anglia by the late 9th century."
Where did Viking women primarily engage in textile production?,"Viking women produced textiles in longhouses using looms and natural dyes, creating essential goods for domestic use and trade, reflecting their central role in Norse economic systems."
What role did Viking runes play in documenting territorial claims in France?,"Runes on stones and metal objects in Normandy and other regions recorded Norse settlements, legal agreements, and boundary markers, reinforcing Norse presence and authority."
Who was the Viking leader whose campaigns significantly impacted the Danelaw's expansion?,"Ivar the Boneless led raids in East Anglia in 869, establishing the Danelaw as a Norse-controlled region, which became a base for further Viking expansion in England."
Where did the Viking archaeological site of Lejre reveal evidence of early Danish settlements?,"Lejre, Denmark, uncovered 11th-century farmsteads and burial mounds, showcasing early Danish agricultural practices and social structures. The site highlights the transition from pagan to Christian traditions, with artifacts like runestones and wooden tools indicating settled communities and trade networks."
When did Cnut the Great establish his rule over England?,"Cnut the Great secured England's throne in 1016 after defeating Edmund Ironside. His reign marked the consolidation of Viking control over the Anglo-Saxon realm, blending Danish and English governance. He later expanded his influence to Denmark and Norway, creating the North Sea Empire."
What role did the Viking kings play in the formation of the Danelaw?,"Viking kings like Ragnar Lothbrok and Halfdan the White facilitated the Danelaw's establishment through military conquests in East Anglia. They imposed Norse law, language, and governance, creating a semi-autonomous region that blended Viking and Anglo-Saxon cultures by the 9th century."
Where was Ivar the Boneless buried according to historical sources?,"Ivar the Boneless' burial site remains unidentified, but sagas suggest he was interred in York after his death in 873. His final campaign against Mercia and Northumbria marked a turning point in Viking expansion, though his legacy is preserved more in legend than verified records."
What was the impact of Halfdan's campaigns on the Viking presence in the British Isles?,"Halfdan the White's raids in the 860s intensified Viking pressure on East Anglia, leading to the establishment of the Danelaw. His strategies weakened Anglo-Saxon resistance, enabling sustained Norse settlement and cultural integration across the region by the late 9th century."
Why did Viking Age Norse warriors invoke Odin before battle?,"Viking warriors invoked Odin, god of war and wisdom, to seek his favor and guidance. Sacrifices, such as the binding of fallen warriors, were believed to ensure Odin's protection and grant warriors courage through his association with death and transformation."
When did the Rus' establish permanent settlements along the Dnieper River?,"By the 860s, the Rus' established permanent settlements along the Dnieper River after Oleg's conquest of Kiev. This marked the foundation of a trade network linking Scandinavia to the Byzantine Empire and facilitated cultural exchange."
How did Viking kings balance military expansion with maintaining Scandinavian cultural ties?,Viking kings like Cnut the Great integrated conquered regions into their realms while preserving Norse legal traditions and religious practices. This balance ensured loyalty through shared cultural values and strategic governance.
Why did Halfdan the White's campaigns focus on eastern England?,"Halfdan the White targeted eastern England to secure strategic locations and expand Norse influence. His campaigns aimed to control trade routes and establish a foothold against Anglo-Saxon resistance, securing long-term Viking dominance."
When did Norse longhouses transition from communal dwellings to private family homes?,"By the 9th-10th centuries, Norse longhouses shifted from communal spaces to private family homes due to societal changes. This reflected centralized family units and evolving social structures in settled Viking communities."
"Scenario: In 911, a Viking chieftain faced a dilemma. What was the strategic dilemma regarding the Danelaw's western borders?","Conflicting loyalties between Danish and English factions; some sought English alliances, others aimed to expand Norse control. This tension shaped the Danelaw's contested boundaries and internal power dynamics."
Who was the Viking leader who orchestrated the 991 siege of London under Cnut's reign?,"This question contains an inaccuracy. The 991 siege of London occurred during Edward the Elder's reign, not Cnut's. Cnut's reign began in 1016, after the Battle of the Sound."
When did Viking weaponmakers begin incorporating iron into the production of seaxes during the 9th century?,"Mid-9th century; iron replaced bronze, enhancing cutting efficiency for combat and utility. This shift reflected technological exchange and resource availability."
"What role did the Byzantine Empire play in the Viking Age trade network, particularly in the 9th century?","Byzantium facilitated Norse access to Mediterranean markets, though direct raids were rare. Trade in furs, amber, and slaves dominated, with Norse merchants seeking luxury goods."
When did the use of Viking runes in administrative records become widespread in the Danelaw region?,"9th to 11th centuries; runes documented land claims, legal agreements, and governance. This practice reinforced Norse identity and territorial control in England."
Compare the construction of Viking longships with the design of Anglo-Saxon war galleys.,"Viking longships featured narrow, shallow hulls with a single mast for speed and agility, ideal for raiding and navigating rivers. Anglo-Saxon war galleys had broader, deeper hulls with multiple masts, suited for open-sea combat and stability. Longships prioritized versatility, while galleys emphasized naval warfare."
Where did the Varangians establish permanent settlements in Eastern Europe?,"The Varangians settled along the Dnieper River, founding the Kievan Rus' state. They established trade hubs at Novgorod and Kiev, integrating Norse culture with Slavic societies and creating a hybrid political and economic system."
Who was the Norse god associated with war and death?,"Odin, the Allfather, was revered as the god of war, wisdom, and death. He sacrificed his eye for knowledge and guided warriors in battle, symbolizing both triumph and the inevitability of death in Viking cosmology."
Compare Leif Erikson's Vinland settlements with Norse colonies in Greenland.,"Vinland featured wooden longhouses and agricultural plots, indicating temporary settlement, while Greenland's Norse colonies built stone longhouses and relied on hunting and trade. Vinland's short-lived presence contrasted with Greenland's sustained, though isolated, Norse presence."
Where were Norse longhouses typically located in Viking settlements?,"Norse longhouses were situated near communal areas, often facing a central square or water source. They clustered in villages, with smaller homes for families and larger halls for feasts, reflecting communal living and social hierarchy."
"What caused the 885-886 Siege of Paris by the Norse, and how did it shape Viking-Frankish relations?","The Norse sought trade access to Frankish markets, leading to the Siege of Paris. The Treaty of Vernon granted them commercial rights, fostering cultural exchange. This event highlighted Paris as a strategic hub, blending Norse and Frankish traditions and securing Viking economic influence in Western Europe."
"How did Viking farming techniques adapt to different regions, and what were their impacts?","Viking farming adapted through crop rotation and soil management. In Scandinavia, they grew barley and rye, while in England, they utilized heavier plows and three-field systems. These techniques ensured food security, supporting larger settlements and military campaigns by sustaining populations and resources."
How did Varangians integrate into Kievan Rus' political structures?,"Varangians integrated into Kievan Rus by establishing tribute systems and political marriages. Their military expertise shaped the state's administration, while Rurik's rule blended Norse leadership with Slavic governance, fostering a hybrid political structure that balanced external influence with local traditions."
What caused the fragmentation of the West Norse alliance after Ubba's death?,"Ubba's death at the 879 Battle of Brávellir weakened the West Norse alliance. This caused fragmentation, leading to rivalries among Viking chieftains and diminishing their unified military strength in the North Sea region, altering power dynamics in Scandinavian politics."
How did Viking queens like Astrid of Sweden influence governance?,"Viking queens like Astrid of Sweden influenced governance through strategic alliances and administrative roles. Their marriages to local rulers facilitated political stability, while their counsel shaped policies, ensuring smooth transitions of power and economic prosperity by bridging Norse and regional interests."
What historical interpretation explains the decline of Norse pagan rituals in the 10th century?,"The gradual adoption of Christianity by Scandinavian rulers, supported by political alliances with Christian kingdoms, led to the decline of pagan rituals. Monasteries preserved Norse mythology through textual records, while Norse converts integrated Christian practices with lingering pagan traditions, creating syncretic religious customs."
"Scenario: In 874, a Viking chieftain planned to settle in a new land. What key factors influenced their choice of location?","Chieftains prioritized fertile land, access to waterways for trade, and defensible terrain. Coastal areas offered fishing and shipbuilding resources, while inland regions provided arable land. Proximity to existing settlements or trade routes also enhanced economic and strategic advantages."
When did the use of Viking runes in personal grave markers become common in Denmark?,"By the late 9th century, runes were widely used on gravestones in Denmark, often inscribed with names and brief epitaphs. This practice reflected the integration of runic writing into Norse funerary customs, preserving individual identities within a broader cultural framework."
How did Viking weaponry evolve to accommodate both raiding and land combat?,"Vikings adapted their weapons for diverse combat scenarios, using axes for close-quarters fighting, swords for precision, and shields for defense. Later, composite bows and iron-tipped spears improved ranged attacks, reflecting shifts in military tactics and resource availability."
Scenario: A Viking warrior faced a dilemma in 954. What religious conflict might have arisen during a battle against a Christian force?,"The warrior may have struggled between invoking Odin for strength and adhering to Christian prayers, reflecting the era's religious tensions. Such conflicts highlighted the struggle between pagan traditions and the growing influence of Christianity in Viking territories."
Why did Viking laws emphasize compensation over punishment for crimes?,"Viking laws, like the *Laws of the Land*, prioritized restitution to maintain social harmony. Offenders paid wergild (compensation) based on status, ensuring victims and communities were financially restored. This system reduced blood feuds and reinforced collective responsibility, reflecting Norse values of justice and order."
Historical interpretation: How did the Viking gods' roles reflect their societal values?,"Norse gods like Odin and Thor embodied ideals of wisdom, courage, and fate. Odin's sacrifice for knowledge mirrored the value of learning, while Thor's strength symbolized protection. These deities shaped moral frameworks, linking divine power to human virtues and communal survival."
Scenario: A Viking chieftain must choose between raiding or trading. What factors influenced this decision?,"The chieftain weighed resource availability, seasonal weather, and political alliances. Raiding offered quick wealth but risked retaliation, while trading ensured long-term stability and access to luxury goods. Seasonal migrations and enemy strength also dictated the optimal choice."
Why did Norse traders prefer specific routes for their commerce?,"Vikings chose routes based on navigational ease, existing networks, and resource access. Coastal paths and rivers minimized risks, while trade hubs like Birka and Hedeby facilitated exchanges. Seasonal ice conditions also shaped the timing and viability of long-distance voyages."
Historical interpretation: How did runes serve as both practical and symbolic tools?,"Runes were used for record-keeping, legal contracts, and personal markings, ensuring clarity in transactions. Symbolically, they reinforced Norse identity and spiritual beliefs, often linked to fate (*wyrd*). Their inscriptions on objects and monuments preserved cultural values and communal memory."
"What caused the 865 Great Heathen Army's invasion of Northumbria, and how did it alter Anglo-Saxon defenses?","The 865 Great Heathen Army's invasion, led by Ivar the Boneless, targeted Northumbria's weak defenses. After a 12-month siege, they breached the city, leading to its destruction. This victory weakened Anglo-Saxon kingdoms, prompting unified resistance and eventual Viking settlement in East Anglia."
"Who was the Norse god associated with fertility, fate, and warfare, and what symbols represented her?","Freyja, goddess of fertility, fate, and war, was linked to symbols like the boar and falcon. She governed marriage and death, often depicted as a warrior in battle. Her role reflected Norse values of strength and destiny, with offerings of amber and gold in her temples."
Scenario: A Viking artifact is discovered in Ireland with runic inscriptions. What does this suggest about Viking-Irish interactions?,"A runic-inscribed artifact in Ireland indicates cultural exchange between Norse settlers and the local population. Runes, used for record-keeping and legal texts, suggest Vikings integrated into Irish society while maintaining their linguistic traditions."
How did the design of Viking longships enable their dominance in 9th-century raids across the North Sea?,"Viking longships featured shallow drafts, flexible keels, and overlapping planks, allowing swift travel across both sea and rivers. These features enabled rapid raids on coastal targets, outmaneuvering slower ships and securing strategic advantages in the North Sea."
"Who led the 1014 Battle of Clontarf, and what was the outcome for Viking influence in Ireland?","Máel Sechnaill mac Domnaill, an Irish king, led the Christian alliance against the Viking forces of Brian Boru. Though Brian Boru died in battle, the Irish victory marked the decline of Viking power in Ireland, leading to their eventual retreat by 1018."
"Scenario: In 982, a Viking chieftain discovers a map suggesting land beyond the Atlantic. What action would align with Erik the Red's legacy?","Erik the Red would likely lead an expedition to Greenland, seeking new settlements. His exile from Iceland and later colonization of Greenland reflect his determination to expand Norse influence through exploration and colonization."
"Which Viking leader's voyages directly inspired the Norse settlement in Vinland, and what was their primary motivation?","Leif Erikson's voyages inspired the Norse settlement in Vinland. His motivation was to explore and establish trade routes, driven by Norse curiosity and the desire to find new lands for colonization and resource acquisition."
Cause-effect: How did Halfdan the White's alliances with the East Norse impact Viking raids on England?,"Halfdan's alliances with the East Norse intensified Viking raids on England by coordinating military efforts. This collaboration enabled larger, more coordinated attacks, weakening Anglo-Saxon defenses and accelerating the Dane's conquest of eastern England."
"Scenario: A Norse trader arrives in Kievan Rus' in 860. Which political entity would they most likely encounter, and why?","The trader would encounter the Varangian Rus' principalities, as Norse traders and warriors played a key role in establishing trade networks and political influence in early Kievan Rus', linking Norse and Slavic territories."
Cause-effect: How did Ivar the Boneless' tactics in the 865 Battle of York shape Viking strategies in England?,"Ivar's use of psychological warfare and coordinated assaults at York demonstrated the effectiveness of overwhelming force and surprise. This influenced future Viking strategies, emphasizing rapid, decisive attacks to destabilize Anglo-Saxon defenses."
Compare the legal codes of the Viking Age with those of the Anglo-Saxon kingdoms.,"Viking laws emphasized compensation over punishment, using wergild to balance offenses. Anglo-Saxon laws, like those in Æthelbert's code, prioritized fines and public humiliation. Viking codes, such as the Ting law, allowed settlements and compensation, reflecting communal justice, while Anglo-Saxon systems focused on social status and hierarchical accountability."
Which Viking king's reign marked the peak of Norse expansion into the Eastern Baltic?,"Sweyn Forkbeard's rule (986–1014) expanded Norse influence into the Eastern Baltic. His conquests of Jomsborg and control over the Baltic Sea routes secured trade dominance. This period saw the establishment of key settlements and the integration of Scandinavian and Baltic cultures, solidifying his legacy as a pivotal Viking leader."
Scenario: A Viking leader discovers a fertile valley in 850. What factors would influence their decision to settle there?,"Factors include resource availability, defensive positioning against raids, and proximity to trade routes. The valley's arable land would support farming, while its location near rivers or coastlines would enhance trade. Strategic defensibility against rival clans or armies would also be critical, ensuring long-term survival and prosperity."
Compare the strategies of the 865 Great Heathen Army with later Viking campaigns in England.,"The 865 Heathen Army used coordinated assaults and alliances to overwhelm Anglo-Saxon defenses, targeting key cities like York. Later campaigns focused on raiding and establishing settlements, leveraging local alliances and avoiding large-scale battles. This shift reflected evolving tactics from conquest to sustained presence and resource acquisition."
Which Viking settlement in the North Atlantic was most strategically advantageous for trade and defense?,"L'Anse aux Meadows in Greenland, established around 985, offered access to Norse trade networks and defensible terrain. Its location near the coast enabled maritime trade with Iceland and Vinland, while its isolation provided security from rival groups. This settlement exemplified Viking adaptability in exploiting remote yet strategically vital locations."
How did the Varangian Guard's recruitment practices ensure their loyalty to the Byzantine Empire?,"The Varangian Guard selected Norse warriors through rigorous trials, binding them to Byzantine service via oaths and wealth. Their loyalty stemmed from promises of land, wealth, and protection, ensuring they prioritized imperial interests over Norse homelands. This system made them a formidable, loyal force within the Byzantine military."
What caused the 1066 Battle of Stamford Bridge to significantly weaken Viking forces in England?,"The Battle of Stamford Bridge resulted in the death of Harald Hardrada, the Norwegian king, and many of his elite warriors. This heavy loss crippled Viking military strength, allowing Harold Godwinson to regroup and later face William the Conqueror in 1066, accelerating the end of Viking influence in England."
What factors contributed to the establishment of Lübeck as a Hanseatic League hub in the 12th century?,"Lübeck's strategic location on the Elbe River, access to trade routes, and early adoption of Hanseatic commercial practices made it a key hub. Its fortified position and cooperation with other towns allowed it to dominate Baltic trade, securing wealth and political power in the North Sea region."
Why did the decline of Viking longship warfare occur by the late 10th century?,"The decline of Viking longship warfare was due to technological shifts toward heavier, slower ships for trade and feudal warfare. As centralized kingdoms like England and Francia adopted feudal systems, Viking raiding became less viable, leading to a focus on settlement and commerce instead of conquest."
"What symbols represented Odin, the Norse god of war and wisdom, and what did they signify?","Odin was symbolized by the spear Gungnir, representing power and destiny, and the ravens Huginn and Muninn, symbolizing thought and memory. His association with the World Tree Yggdrasil and the eye of wisdom also reflected his role as a deity of knowledge, battle, and fate."
"What role did the seax play in Viking combat, and how did its design influence its use?","The seax, a curved knife, served as a primary weapon for close combat. Its lightweight and versatile design allowed for quick strikes and cutting, making it effective in hand-to-hand fighting. Viking warriors often paired it with a spear, leveraging its utility for both combat and daily tasks. The seax's simplicity and durability suited the harsh environments of the Viking Age, ensuring it remained a staple weapon."
"When did Leif Erikson establish the Norse settlement in Vinland, and what evidence supports this timeline?","Leif Erikson established the Vinland settlement around 1000 AD, as recorded in the Saga of the Greenlanders. Archaeological findings, such as the L'Anse aux Meadows site in Newfoundland, date to this period. These discoveries, combined with oral traditions, confirm the Norse presence in North America nearly 500 years before Columbus. The settlement likely existed for a few decades before being abandoned."
How did the Norse three-field farming system improve agricultural productivity in Viking settlements?,"The three-field system divided land into three sections: one for winter crops, one for summer crops, and one left fallow. This rotation prevented soil exhaustion, increased yields, and allowed for year-round food production. By reducing reliance on single-crop cycles, it supported larger populations and enabled Viking communities to sustain themselves during harsh winters."
"What symbols represented Freyja, the Norse goddess of fertility, fate, and war, and what did they signify?","Freyja was symbolized by the boar, sun, and necklace (Brísingamen). The boar symbolized strength and fertility, while the sun represented her role in fate and prosperity. Her necklace, a gift from the dwarves, signified her power and divine status. These symbols underscored her dual roles as a warrior goddess and fertility deity in Norse cosmology."
"When did Ivar the Boneless lead the 865 Great Heathen Army, and what was its strategic impact on England?","Ivar the Boneless led the Great Heathen Army in 865, launching a coordinated invasion of England. This campaign marked the beginning of sustained Viking raids, overwhelming Anglo-Saxon defenses through strategic alliances and rapid movements. The army's success weakened England's political structure, enabling the Vikings to establish the Danelaw and reshape the region's governance."
Compare the design and purpose of Viking Age sword hilts versus Byzantine sabers.,"Viking swords featured rounded, asymmetrical hilts for balance and grip, while Byzantine sabers had straight, symmetrical handles for thrusting. Viking hilts emphasized combat utility, whereas Byzantine designs reflected ceremonial and military prestige. Both weapon types highlight distinct cultural priorities: Viking practicality and Byzantine iconography."
Why did Harald Fairhair's unification of Norway in the 9th century mark a turning point in Viking history?,"Harald Fairhair's consolidation of Norway established centralized authority, ending fragmented Norse kingdoms. This shift enabled organized raids and expansion, transforming Vikings from decentralized raiders into a cohesive power. It also set a precedent for future Norse kingship, influencing political structures in the North Sea region."
"Where did the Viking Age Norse establish the most extensive trading network in Eastern Europe, and why was this location strategic?","The Norse established the most extensive trading network in Novgorod, Russia. Its position on the Volga and Neva rivers connected Baltic and Black Sea routes, facilitating access to Byzantine markets. Novgorod's strategic location allowed control of trade in furs, silver, and slaves, making it a vital hub for Viking commerce."
Compare the governance of Viking Age Thing assemblies with Anglo-Saxon moots in terms of legal authority and societal role.,"Viking Thing assemblies were open to free men, emphasizing collective decision-making and legal equality. Anglo-Saxon moots were often dominated by the king or elite, focusing on administrative matters. Both systems addressed disputes, but Viking Things prioritized communal law, while Anglo-Saxon moots reflected hierarchical governance."
Why did the Vikings establish trading posts along the Dnieper River in Eastern Europe?,"The Dnieper River provided access to rich trade networks connecting the Baltic to the Black Sea. Vikings exploited this route to exchange furs, amber, and slaves for Byzantine silk and spices, solidifying their economic influence in the region."
Compare the religious reforms of Cnut the Great with those of Harald Hardrada.,"Cnut promoted Christianity in England through patronage and legal reforms, while Harald Hardrada resisted Christianization, maintaining Norse pagan practices. Cnut's policies integrated Christianity with local traditions, whereas Hardrada's resistance delayed conversion in Norway."
"Where did the Varangian Guard primarily originate, and how did this shape their loyalty?","The Varangian Guard originated from Norse warriors in the Baltic, recruited for their martial skills. Their loyalty to the Byzantine Empire was reinforced through strict discipline, wealth, and integration into imperial administration."
Why did Ubba's leadership in the 865 Great Heathen Army prioritize rapid conquest over prolonged warfare?,"Ubba's strategy focused on swift, overwhelming attacks to destabilize Anglo-Saxon defenses. This approach maximized resource acquisition and minimized resistance, enabling the heathen army to secure key territories in Northumbria."
"Where was the Oseberg ship burial discovered, and what did it reveal about Viking craftsmanship?","Discovered in southern Norway, the Oseberg ship burial (c. 834 CE) showcased advanced woodworking and shipbuilding skills. The 72-foot-long vessel, with a lavishly adorned interior, included a large wagon, textiles, and a horse, illustrating Viking expertise in trade, artistry, and ritual practices."
Compare the economic strategies of Viking trade networks with those of the Byzantine Empire's commercial practices.,"Viking trade focused on long-distance maritime routes, exchanging goods like furs and amber for silver and luxury items. The Byzantine Empire centralized commerce through urban hubs and state regulation. Both thrived on cross-cultural exchange, but Vikings relied on decentralized, mobile networks, while Byzantium maintained structured, state-backed trade systems."
"Who was the jarl of Jomsborg, and what role did this position play in Baltic trade?","The jarl of Jomsborg, a semi-legendary Viking leader, governed a powerful trading settlement in the Baltic. This position oversaw merchant guilds and naval operations, facilitating the exchange of goods like furs, honey, and silver. The jarl’s authority shaped Baltic economic and political networks, bridging Scandinavia and Eastern Europe."
"Where did Viking Age farming techniques like the three-field system originate, and how did they enhance agricultural output?","The three-field system originated in Scandinavia, dividing land into three plots for rotation: one for winter crops, one for spring crops, and one fallow. This method increased soil fertility and crop yields, supporting population growth and enabling surplus production, crucial for Viking Age settlements’ sustainability."
Compare the governance of Viking jarls with that of Anglo-Saxon ealdormen in terms of regional authority.,"Viking jarls ruled semi-autonomous territories, balancing local power with allegiance to chieftains or kings. Anglo-Saxon ealdormen held similar regional authority under the Anglo-Saxon king’s central rule. Both managed legal disputes and military defense, but jarls operated within a more decentralized, kin-based hierarchy compared to the centralized Anglo-Saxon system."
"What was the significance of the Gokstad Ship's discovery in 1891, and how did it reshape understanding of Viking shipbuilding?","The Gokstad Ship, found in Norway, revealed advanced shipbuilding techniques, including a clinker-built hull and a single mast. Its size and design indicated Viking longships' versatility for both trade and warfare, challenging earlier assumptions about their capabilities and emphasizing Norse maritime innovation."
"Who was the Viking king known for uniting Norway and promoting Christianity, and how did his reign influence Scandinavian politics?","Olaf Trygvesson, later Saint Olaf, unified Norway through military campaigns and converted to Christianity in 995. His rule centralized Norse power, facilitated Christianization, and established a model for future rulers, blending pagan and Christian governance to stabilize the region."
"What role did the Dnieper River play in Viking trade networks, and why was it a strategic hub for commerce?","The Dnieper River connected the Baltic to the Black Sea, enabling trade between Scandinavia, Byzantium, and the Middle East. Vikings established posts along its routes to control key markets, transporting goods like furs, slaves, and silver, which fueled their economic expansion and cultural exchange."
What impact did the Viking Danelaw have on English governance after the 865 Great Heathen Army's conquests?,"The Danelaw, a Viking-controlled region in eastern England, introduced Norse legal systems and administrative structures. It blended Anglo-Saxon and Viking traditions, creating a hybrid governance model that influenced English law and solidified Viking cultural impact on the island."
"What evidence supports the Norse settlement in Vinland, and how does it relate to Leif Erikson's exploration?","The L'Anse aux Meadows site in Newfoundland contains Norse artifacts, including iron tools and postholes, dating to around 1021. This suggests Leif Erikson's voyages established temporary settlements, showcasing Norse exploration beyond Greenland and their maritime reach into North America."
Compare the roles of Varangian guards in the Byzantine Empire with their influence on Kievan Rus' state formation.,"Varangians served as elite Byzantine guards, ensuring imperial loyalty. In Kievan Rus', they facilitated state-building by linking Norse raiders to Slavic polities, shaping early Russian governance through military and trade networks."
Scenario: A 9th-century Viking leader chooses between raiding the Hebrides or the Orkneys. What factors would influence this decision?,"The Hebrides offered rich monastic targets and easier maritime access, while the Orkneys provided strategic ports and alliances. Raiding the Hebrides could secure rapid wealth, but the Orkneys might offer long-term political leverage."
Which Viking settlement in Ireland had the most enduring impact on medieval Irish society?,"Dublin, founded in 841, became a major trade hub, blending Norse and Irish cultures. It influenced Dublin’s political power and urban development, shaping Ireland’s medieval economic landscape for centuries."
Compare the economic significance of the Volga River and the Dnieper River in Viking trade networks.,"The Volga connected Vikings to the Islamic world via the Volga-Baltic trade route, while the Dnieper linked them to Byzantium. Both rivers were vital, but the Volga facilitated broader East-West commerce."
"Which Norse god was primarily associated with fertility, war, and fate, and how did this contrast with Freyr's domains?","Freyja, goddess of love, war, and fate, contrasted with Freyr, god of fertility and prosperity. Freyja’s warrior role and magical powers distinguished her from Freyr’s agricultural and royal associations."
"How did Ivar the Boneless's leadership style in the 865 Great Heathen Army differ from other Viking leaders, and what impact did this have on their campaigns?","Ivar prioritized speed and surprise over prolonged warfare, enabling swift raids across England and Francia. This strategy allowed the 865 army to overwhelm targets before defenses could consolidate, contributing to their rapid conquests and the establishment of Viking settlements in key regions."
"How did Viking daily life in urban centers like Birka differ from rural settlements, particularly in terms of social hierarchy and resource management?","Urban centers like Birka had more complex social hierarchies with distinct merchant and artisan classes, while rural areas focused on subsistence farming. Urban areas relied on trade for specialized goods, whereas rural communities emphasized self-sufficiency and communal labor."
What impact did Viking raids on France have on the Frankish kingdom's military strategies and fortification efforts?,"Viking raids prompted the Franks to strengthen fortifications like the Île de Ré and improve naval defenses. They also adopted mobile infantry units and alliances with local lords, shifting from static to dynamic military tactics to counter Viking raids effectively."
How do archaeological findings in France indicate Viking trade and cultural exchange with local populations?,"Excavations in France reveal Viking trade goods like silver coins and ceramics, alongside local artifacts, suggesting cultural exchange. Burial sites with mixed Norse and Frankish elements show assimilation, while settlements with longhouses and farms indicate sustained interaction and adaptation."
What role did the Dnieper River play in Viking trade networks and the establishment of Kievan Rus'?,"The Dnieper River served as a vital trade route connecting the Baltic to the Black Sea, enabling Viking merchants to access Byzantine markets. This facilitated the rise of Kievan Rus' as a regional power, with trade profits funding state formation and cultural integration."
"What caused the unification of Norway under Harald Fairhair, and how did it reshape Viking political structures?","The Battle of Hafrsfjord in 872 forced rival clans to submit to Harald Fairhair, centralizing power and reducing internal conflicts. This created a unified kingdom, enabling organized raids and fostering Norse influence across the North Sea."
"When did the Battle of Stamford Bridge occur, and what was its impact on Viking power in England?","The Battle of Stamford Bridge on September 25, 1066, ended Viking influence in England. Harald Hardrada's defeat by Anglo-Saxon forces marked the last major Viking incursion, capping their raids and solidifying Norman control."
"What role did Viking women play in trade and shipbuilding, and how did this challenge traditional gender roles?","Women managed households, crafted textiles, and oversaw trade networks. Some led raids or negotiated treaties. These roles expanded beyond domestic spheres, challenging rigid gender norms and highlighting women's economic and political agency."
How did the Viking three-field system enhance agricultural productivity in the 9th century?,"The three-field system divided land into three parts, rotating crops yearly. This prevented soil depletion, increased yields, and supported growing populations, ensuring food security for Viking communities and enabling surplus trade."
What role did the Norse king Olaf Trygvason play in the Christianization of Scandinavia?,"Olaf Trygvason (995–1000) enforced Christianity in Norway, appointing bishops and destroying pagan temples. His efforts, though controversial, accelerated Scandinavia's conversion, aligning the region with Christian Europe and diminishing pagan practices."
How did the development of the Dane axe influence Viking raiding tactics in the 9th century?,"The Dane axe's balance and sharpness allowed rapid tree felling, enabling quick construction of temporary fortifications. This tactical advantage facilitated surprise attacks and rapid retreats, making it a preferred weapon for raiding."
Which Viking settlement in Ireland became a hub for Norse-Irish cultural exchange?,"The settlement at Limerick emerged as a key crossroads, blending Norse and Irish traditions. It facilitated trade, intermarriage, and the spread of Norse legal practices, creating a hybrid society that influenced medieval Irish governance."
How did Ragnar Lothbrok's raids on Francia contribute to the formation of the Danelaw?,"His successful raids disrupted Frankish defenses, creating weaknesses the Great Heathen Army exploited. This led to Viking control over eastern England, establishing the Danelaw as a region with distinct Norse laws and governance."
How did the Norse god Odin's role in war and wisdom shape Viking leadership strategies?,"Odin's association with war, wisdom, and fate influenced Viking leaders to seek knowledge and strategic advantage. His cult's emphasis on ritual sacrifice and divination guided decision-making, reinforcing his status as a patron of warriors and rulers."
Which Viking farming technique improved soil fertility in the 9th century?,"Crop rotation and manuring enhanced soil fertility. Farmers alternated crops like barley, oats, and legumes, while organic waste enriched the land. This method sustained productivity in Norse agrarian societies, supporting growing populations and surplus for trade."
"When did Harald Fairhair consolidate his control over Norway, and what was the outcome?","Harald Fairhair unified Norway through conquests between 872-875. His victory at the Battle of Hafrsfjord ended the Viking Age's fragmented kingdoms, establishing a centralized Norse realm. This laid the foundation for future Norwegian statehood and royal lineage."
"When did Cnut the Great's reign end, and what succession crisis followed?","Cnut's reign ended in 1034 after his death. His sons Harthacnut and Sweyn II disputed succession, leading to conflict. Sweyn's victory over Harthacnut in 1040 marked the end of Danish dominance in England and triggered the Treaty of Clarendon, reshaping Anglo-Danish relations."
Which Viking attack on France in 845 led to the ransom of Paris?,"The Siege of Paris (845) by the Viking army of Ragnar Lothbrok forced Charles the Bald to ransom the city. The attack highlighted Viking naval superiority and their ability to extort wealth, shaping Frankish strategies to counter future raids."
"Which Viking leader, Ubba, was instrumental in the 865 Great Heathen Army's campaign in England?","Ubba, a key commander in the Great Heathen Army, led raids on Northumbria and Mercia. His strategic victories, including the sacking of York (685), accelerated the Anglo-Saxon kingdoms' defeat. His role solidified Viking dominance in eastern England during the 9th century."
"What caused the unification of Norway under Harald Hardrada, and how did it affect Viking expansion?","Harald Hardrada's consolidation of Norway through military campaigns and alliances in the 1030s created a centralized kingdom. This empowered Norway to project power across the North Sea, enabling raids on England and strengthening trade networks, but also led to conflicts with the Danish kingdom."
How did the discovery of the Oseberg ship in Norway reveal Viking shipbuilding techniques?,"The Oseberg ship, buried in 834, showcased advanced Viking shipbuilding with a clinker-built hull, multiple decks, and a ceremonial design. Its size and complexity indicate sophisticated maritime technology and the ship's dual use for trade and ceremonial purposes."
"Why did Erik the Red lead the first Norse settlement in Greenland, and what challenges did this face?","Erik the Red, exiled from Iceland, led the 982 Greenland settlement to escape punishment. Challenges included harsh climates, limited arable land, and eventual isolation, leading to the community's decline by the 15th century due to Norse disconnection."
How did Cnut the Great's control over England and Denmark shape Viking-era trade networks?,"Cnut's unification of England, Denmark, and Norway (1016-1035) stabilized North Sea trade routes. His policies encouraged commerce, secured access to Baltic resources, and integrated Viking territories into a cohesive economic system under centralized rule."
What caused the shift from pagan to Christian practices in Iceland by the 11th century?,"Iceland's conversion accelerated due to political pressure from the Norwegian crown and growing missionary activity. By 1000, Christianization was enforced, replacing pagan rituals and fostering cultural alignment with the wider Christian world."
Compare the design and purpose of the Oseberg ship and the Gokstad ship in Viking shipbuilding.,"The Oseberg ship (c. 820s) was a smaller, burial vessel with a shallow draft, ideal for transport and trade. The Gokstad ship (c. 890s) was larger, with a deeper hull and more oars, suited for warfare and long voyages. Both showcased advanced Norse shipbuilding techniques but served distinct functional roles."
"Who led the 1066 Norman invasion of England, and how did this differ from Viking raids?","William the Conqueror led the 1066 Norman invasion, a structured conquest backed by feudal armies. Unlike Viking raids, which were swift and plunder-focused, the Norman invasion aimed at permanent territorial control, marking a shift from raiding to settlement."
"Scenario: If Harald Hardrada had won the Battle of Stamford Bridge, how might Viking power in England have changed?","A Hardrada victory would have delayed English resistance, allowing more Norse forces to engage at Hastings. This could have entrenched Viking rule in England, altering the balance between Norse and Anglo-Saxon factions and delaying English consolidation."
Compare the effectiveness of the Viking Dane axe and the spear in combat.,"The Dane axe delivered devastating blows to armor and shields, ideal for close combat. Spears provided reach and were versatile for both offense and defense. Axes were often used in conjunction with shields, while spears allowed for greater mobility in open battles."
How did Viking weapons influence the design of medieval European warfare by the 11th century?,"Viking weapons like the axe and sword influenced European warfare through their durability and effectiveness. The axe's versatility in combat and its symbolic use in rituals shaped medieval weaponry, while the sword's design inspired later European blades, blending Norse and Christian traditions."
Which Viking leader's death in 845 sparked the Great Heathen Army's invasion of England?,"Ragnar Lothbrok's execution by the West Frankish king Charles the Bald in 845 triggered the Great Heathen Army's invasion of England. This event, recorded in sagas, galvanized Norse warriors to retaliate, leading to decades of raids and eventual settlement in the Danelaw region."
When did the Jarls of the Norse kingdoms begin to consolidate power as hereditary chieftains?,"By the late 8th century, Jarls (noble class) in Norse societies began consolidating power as hereditary chieftains, overseeing taxation, military leadership, and trade. This shift marked the transition from decentralized tribes to centralized governance in Viking Age Scandinavia."
Which Viking settlement in the British Isles became a major center for Norse trade and culture?,"The Norse settlement in Dublin, established in the early 9th century, became a key hub for trade and culture. It facilitated connections between Scandinavia, the British Isles, and the Frankish world, fostering a unique Norse-Irish hybrid society."
How did the use of runes in Viking Age Scandinavia influence legal and administrative practices?,"Runes were used to record legal agreements, land transactions, and governance, ensuring transparency and accountability. This practice reinforced Norse societal structures, enabling the administration of complex settlements and preserving historical records."
"When did the Viking Age in the British Isles end, and what factors contributed to its decline?","The Viking Age in the British Isles ended by 1066, due to sustained English resistance, Norman conquest, and internal Viking conflicts. By the 11th century, English kingdoms had regained control, and Viking settlements fragmented, marking the end of large-scale Scandinavian influence."
"When did Leif Erikson lead his voyage to Vinland, and what was its significance?","Leif Erikson reached Vinland around 1000 AD, becoming the first known European to set foot in North America. This expedition demonstrated Norse exploration capabilities and expanded understanding of the northern Atlantic, though it lacked permanent settlement due to harsh conditions."
How did Erik the Red establish the first Norse settlement in Greenland?,"Erik the Red founded the Greenland settlement in 982 after being exiled from Iceland. He led a group of settlers to the western coast of Greenland, using Norse knowledge of navigation and survival, though the settlement eventually faced challenges like isolation and climate."
What cause-effect relationship existed between Harald Fairhair's laws and Viking Age governance?,"Harald Fairhair's 9th-century laws unified Norway under centralized rule, replacing fragmented tribal systems. This consolidation enabled efficient taxation, military coordination, and legal consistency, strengthening Viking expansion and administrative control across Norse territories."
How did Thing Assemblies function as democratic institutions in Viking society?,"Thing Assemblies served as open forums where free men debated laws, resolved disputes, and elected leaders. They balanced communal decision-making with Norse hierarchy, ensuring collective input while maintaining elite oversight in legal and military matters."
"When did the Viking Age legal code known as the 'Laws of the Land' emerge, and what role did Thing Assemblies play?","The 'Laws of the Land' emerged in the late 9th century, codifying Norse legal norms. Thing Assemblies enforced these laws by adjudicating cases, mediating conflicts, and ensuring compliance, thus embedding structured governance into Viking society."
Where did the Rus' establish their first major political center in Eastern Europe?,"Kievan Rus' centered around Kyiv in the 9th century, becoming a hub for trade and power, linking Scandinavia to the Byzantine Empire and the Black Sea."
Compare the religious practices of the Norse in Kievan Rus' with those in Western Scandinavia.,"Eastern Norse adopted Orthodox Christianity through Byzantine influence, while Western Scandinavia transitioned to Catholicism via Germanic contacts, reflecting distinct political and cultural alliances."
Why did Ubba's leadership in the Viking raids on Lindisfarne mark a turning point in Anglo-Saxon history?,"Ubba's 793 raid on Lindisfarne, the first major Viking attack, initiated a wave of invasions, reshaping English politics and leading to the Anglo-Saxon Chronicle's records."
"Where was the Battle of Brávellir fought, and what was its significance?","Fought in 879, the Battle of Brávellir was a pivotal clash between the Danes and East Norse, determining the dominance of the Danish realm in the Baltic region."
Why did Halfdan the White lead the Great Heathen Army's invasion of England in 865?,"Halfdan sought to expand Norse influence by seizing Anglo-Saxon territories, leveraging internal conflicts and strategic alliances to establish a powerful Danish presence in the north."
"Compare the tactics used in the Battle of York (954) and the Battle of Lindisfarne (793), and how these shaped Viking military strategies.","The Battle of York involved a prolonged siege, showcasing Viking adaptability to fortified settlements. Lindisfarne, a surprise attack, highlighted their raiding efficiency. York's tactics led to long-term control, while Lindisfarne marked the start of Viking raids, shifting strategies from raids to conquest."
Why did the conversion to Christianity in Iceland proceed more rapidly than in Norway during the Viking Age?,"Iceland's isolation fostered a unified community, enabling rapid Christianization through missionary efforts. Norway's decentralized leadership and resistance to centralized authority slowed the process, preserving pagan traditions longer."
"Where was the first Christian monastery established in the Viking Age, and what role did it play in the spread of Christianity?","The first Christian monastery in the Viking Age was established in the British Isles, notably at Iona. It became a center for missionary activity, spreading Christianity through conversions and cultural integration, influencing Norse conversions in the 9th century."
Why did Erik the Red choose to settle in Greenland instead of continuing his journey to Vinland?,"Erik the Red sought to escape exile and establish a new homeland. Greenland offered resources and uncharted land, providing an opportunity to claim territory and avoid political strife in Iceland."
Compare the religious practices of the Norse in the British Isles during the Viking Age with those in the Frankish Empire.,"The Norse in the British Isles maintained pagan practices longer, blending them with local traditions. The Frankish Empire's Christianized rulers promoted conversion, leading to more rapid religious transformation in the east through centralized authority."
How did Thing Assemblies resolve disputes in Viking society?,"Thing Assemblies used open debates, public trials, and consensus to settle conflicts. Decisions were made collectively, with free men voting on laws and punishments. This system ensured community involvement in governance and maintained social order through collective accountability."
Where did Ivar the Boneless establish his leadership after the Battle of York?,"Ivar the Boneless solidified his power in York, which became a strategic base for controlling Anglo-Saxon territories. The city's location facilitated raids and trade, allowing him to dominate the region until its eventual Anglo-Saxon reconquest."
Why did Viking rulers adopt Christianity in the 9th century?,"Viking rulers converted to Christianity to strengthen alliances with Christian kingdoms, secure political legitimacy, and access trade networks. Conversion also eased interactions with the Church, which influenced governance and cultural integration."
How did Viking shipwrecks reveal their navigational techniques?,"Shipwrecks like the Gokstad and Oseburg vessels demonstrated advanced shipbuilding, including clinker-built hulls and steering oars. These finds show Vikings used stars, sunstones, and coastal landmarks for navigation, enabling long-distance voyages."
Where was the first Viking kingdom in Britain established?,"The first Viking kingdom in Britain, East Anglia, emerged in the late 8th century. Founded by Ivar the Boneless and his brother Ubba, it became a center for raids and trade, later merging with other Viking territories under the Danelaw."
How did Viking artifacts like the Oseberg ship reveal their technological advancements and trade networks?,"The Oseberg ship, discovered in Norway, showcased Viking shipbuilding expertise with its double hull and advanced navigation tools. Its cargo, including luxury goods and foreign textiles, indicates extensive trade networks spanning Scandinavia, the British Isles, and the Eastern Mediterranean."
Which role was more significant for the Varangian Guard – military or administrative?,"The Varangian Guard primarily served as an elite military unit for the Byzantine Empire, ensuring imperial security. While they occasionally acted as envoys, their core function remained defensive, reflecting their role as Norse mercenaries rather than administrators."
How did the use of runes in Viking Age Scandinavia differ from Latin script in Christian contexts?,"Runes were used for practical purposes like marking objects, recording legal matters, and funerary inscriptions, while Latin script dominated Christian liturgy and administration. Runes lacked the phonetic complexity of Latin, reflecting Norse cultural priorities."
What historical interpretation explains the symbolic significance of Erik the Red's Greenland settlements?,"Erik the Red's Greenland settlements symbolized Norse expansion into the North Atlantic, blending exploration with cultural identity. They served as outposts for trade and Norse influence, reflecting the era's spirit of maritime ambition."
How did Ubba's leadership in the Viking raids compare to other Viking chieftains?,"Ubba's raids, particularly on Lindisfarne, emphasized swift, surprise attacks to maximize plunder. Unlike later leaders who focused on prolonged conquests, his tactics highlighted the Viking Age's emphasis on rapid, strategic strikes over sustained warfare."
Who was the brother of Ivar the Boneless and how did he influence Viking conquests?,"Ivar the Boneless' brother, Sigurd, played a key role in the Great Heathen Army's campaigns. He led raids in East Anglia, securing key victories that enabled the Vikings to establish settlements in England. Sigurd's strategic leadership complemented Ivar's tactical prowess, strengthening Norse control over Anglo-Saxon territories."
How did Cnut the Great consolidate his rule over England and Denmark?,"Cnut the Great secured England through military victories and political alliances, including marriages to English nobles. He established his capital in London, ensuring loyalty from Anglo-Saxon leaders. In Denmark, he defeated rival claimants, uniting the realm. His reign marked the first unified North Sea empire, blending Viking and Anglo-Saxon governance."
"Who led the Viking forces at the Battle of Maldon in 991, and how did this shape Anglo-Saxon resistance?","Ealdorman Æthelred of Malden led the Anglo-Saxon defense against Viking invaders in 991. Despite a valiant stand, the battle resulted in heavy losses for the English, showcasing Viking naval superiority. This defeat weakened Anglo-Saxon resistance, allowing Viking raids to intensify until the 11th century."
Where did Cnut the Great establish his capital after conquering England?,"Cnut the Great established his capital in London, leveraging its strategic location and existing Anglo-Saxon infrastructure. He built a strong administrative base there, integrating Viking and English systems. This choice solidified his control over England and facilitated governance of his vast North Sea realm."
Who established the Kievan Rus' state in the 9th century?,"Rurik, a Varangian leader, founded the state in 862 after a successful campaign, establishing a centralized power structure that integrated Slavic and Norse elements."
What historical interpretation explains the dietary practices of Viking Age Scandinavians?,"The 'seasonal subsistence' model highlights reliance on meat, fish, dairy, and fermented foods, with variations based on region and social status, reflecting environmental adaptation and resource management."
When did the Viking Age in Scandinavia transition from pagan to Christian practices?,"The late 10th century saw gradual conversion, with Norway and Iceland adopting Christianity by the 11th century, while Sweden resisted longer, with full conversion occurring in the 12th century."
When did Viking settlers in Normandy establish a distinct regional identity?,"By the late 9th century, Viking settlers in Normandy formed a distinct identity through language, legal systems, and governance, evolving into the Duchy of Normandy by the 11th century."
How did Halfdan the White's conversion to Christianity in the 9th century influence Viking interactions with the Christian kingdoms of the British Isles?,"Halfdan's conversion facilitated diplomatic ties with Christian rulers, easing trade and reducing conflict. It also encouraged Viking chieftains to adopt Christianity for political advantage, accelerating the spread of the faith in Scandinavian settlements."
What historical interpretation explains the link between Viking economy and the expansion of long-distance trade networks?,"The Viking economy thrived on raiding and trade, with surplus goods exchanged for luxury items. This drove exploration and settlement, as economic incentives outweighed the risks of overseas ventures."
"How did Viking farming in Scotland differ from that in Scandinavia, and what caused these differences?","Scottish Vikings practiced communal land use and focused on livestock, while Scandinavians emphasized individual plots and cereal crops. This reflected Scotland's terrain and resource availability compared to fertile Scandinavian plains."
Compare the economic roles of Viking settlers in the British Isles versus those in Normandy.,"In the British Isles, Vikings integrated into local economies through trade and land ownership, while in Normandy, they merged with Frankish systems, adopting feudal structures and solidifying political control."
What caused the decline of Viking settlements in Scotland during the 9th century?,"Overpopulation, resource depletion, and internal conflicts weakened Viking settlements. Their reliance on raiding and limited agricultural surplus made them vulnerable to collapse as centralised Christian kingdoms strengthened."
Which Viking group had a greater impact on English governance: the Danelaw settlers or the Anglo-Saxon aristocracy?,"The Danelaw settlers established a lasting legal and administrative framework, blending Norse and Anglo-Saxon systems. Their governance influenced English law, while the Anglo-Saxon aristocracy maintained regional power. This synthesis shaped medieval English governance structures."
What artifact found in France reveals Viking Age trade networks across the North Sea?,"The Jelling Stone, discovered in Denmark but linked to Viking trade in France, displays runic inscriptions and Christian symbols. It reflects cultural exchange between Scandinavia and Francia, highlighting Viking economic reach."
Compare the social structure of Viking settlements in England versus Normandy.,"In England, Viking settlements integrated into existing Anglo-Saxon hierarchies, adopting local governance. In Normandy, they established a distinct feudal system, blending Norse leadership with Frankish institutions, creating a unique regional identity."
Which Viking leader had a longer reign: Erik the Red or Harald Fairhair?,"Harald Fairhair ruled Norway for over 40 years (c. 870–930), consolidating Viking power. Erik the Red governed Greenland for about 20 years (c. 982–1003), focusing on settlement and exploration rather than prolonged rule."
Why were Viking Age Dane axes designed with a double-edged blade?,"Dane axes featured a double-edged blade to maximize cutting efficiency in both slashing and thrusting motions. This design allowed warriors to deliver rapid, devastating strikes in close combat, complementing their role in both warfare and daily tasks like felling trees. The dual-edged structure also reduced the need for multiple weapon types, enhancing practicality for Viking raiders and settlers."
Who led the Varangian Guard during the Byzantine Empire's defense against the Rus' in the 11th century?,"The Varangian Guard was commanded by Byzantine generals, not individual Vikings. These elite warriors, recruited from Scandinavia, were integrated into the imperial army and led by experienced Byzantine strategoi. Their loyalty to the emperor ensured they played a critical role in defending Constantinople against Rus' incursions, such as at the Battle of Kleidion in 1014."
How did Harald Hardrada's tactics at the Battle of Stamford Bridge reflect Viking military strategy?,"Harald Hardrada employed Viking-age tactics of ambushes, terrain exploitation, and rapid, disorganized charges. At Stamford Bridge, he leveraged the river's natural barriers to isolate the Anglo-Saxon forces, then launched a surprise attack with his elite warriors. This approach emphasized mobility and psychological pressure, typical of Viking raiding strategies adapted for large-scale warfare."
What archaeological evidence supports the existence of Viking longhouses in England?,"Excavations at sites like Snape in Suffolk and West Heslerton in Norfolk revealed postholes, timber-framed structures, and hearths consistent with longhouse designs. These findings include earth-fast posts, fire pits, and storage pits, indicating communal living spaces. The presence of imported goods like silver coins and imported timber also points to Viking settlers adapting longhouse architecture to local materials."
Why did Viking settlers in England adopt local building techniques in the Danelaw region?,"Viking settlers in the Danelaw adopted local building techniques due to resource scarcity and climate challenges. They used timber from nearby forests and adapted to the wet, northern English environment by constructing raised foundations and drainage systems. This pragmatic approach allowed them to integrate into the landscape while maintaining their cultural identity through distinctive roof styles and communal layouts."
Which Viking weapon was most effective in naval combat?,"The Dane axe, with its double-edged blade, was ideal for both melee and utility, enabling swift cuts through wood and armor. Its versatility made it a staple in Viking raids and shipboard warfare."
Why was Erik the Red exiled from Norway?,"Erik the Red was exiled for a murder conviction, allegedly killing a man during a dispute. This led to his banishment to Greenland, where he founded a Norse settlement."
Which Viking law code established the first codified system for resolving disputes in the Danelaw?,"The Danish law code (Danish: Danske Lov) formalized legal procedures, including fines for crimes and mediation, shaping governance in Viking settlements across England."
Who was the first to claim the throne of the Viking Age Scandinavian kingdoms?,"Ragnar Lothbrok, a legendary leader, is said to have challenged the Danish king in sagas, though his historical existence remains debated among scholars."
Which Viking leader's tactics at the Battle of Brávellir exemplified the use of shield walls?,"Sigurd Syr employed a shield wall during the Battle of Brávellir, defending against Sigurd Hring's forces, showcasing Viking military discipline and strategic cohesion."
What role did Viking queens play in mediating political alliances during the 9th century?,"Viking queens like Astrid of Denmark and Gyda of Sweden brokered marriages and settlements to secure alliances. They negotiated treaties, managed trade routes, and influenced succession, balancing power in male-dominated Norse society while stabilizing rival factions."
How did Viking farming in Normandy differ from that in Scandinavia due to climate and soil?,"Normandy's temperate climate and fertile soil enabled mixed farming with wheat, barley, and livestock, unlike Scandinavia's harsher climate, which favored oats, rye, and pastoralism. Norman Vikings adapted by cultivating vineyards and using local crop rotation techniques."
Scenario: A Viking chieftain must decide whether to settle in Normandy or continue raiding. What factors would influence this choice?,"The chieftain would weigh Normandy's stable trade networks and fertile lands against the risks of raiding. Settling offers long-term wealth and security, while raiding provides short-term gains but risks reprisals. Political alliances and resource availability would tip the decision."
What archaeological findings reveal the extent of Viking influence on Normandy's early medieval economy?,"Excavations in Normandy uncovered Viking-era coins, iron tools, and fortified settlements, indicating active trade and settlement. The presence of Norse-style pottery and metalwork shows integration into local markets, blending Viking craftsmanship with Frankish and Gallo-Roman economies."
How did Viking queens like Astrid of Denmark balance power with male-dominated Norse society?,"Queens like Astrid navigated Norse patriarchal structures by leveraging diplomacy, patronage, and strategic marriages. They influenced governance indirectly through alliances and maintained authority by controlling resources, ensuring their legacies through political maneuvering and legacy-building."
What was the primary material used for Viking Age tools and weapons?,"Iron, obtained through trade or smelting, was the main material, though bronze and bone were also used for specific items."
Who was the first recorded Viking queen to rule a Scandinavian kingdom?,"Astrid of Denmark, who reigned as queen of Sweden in the 10th century, influencing politics through strategic marriages and alliances."
Scenario: A Viking shipwreck is discovered with a collection of runestones. What could these artifacts reveal about Viking Age communication and cultural exchange?,"Runestones marked territorial claims, memorialized leaders, and documented treaties, showcasing Norse literacy, social hierarchy, and long-distance connections across Scandinavia and the British Isles."
Why did Harald Hardrada launch his 1066 invasion of England despite the risk of a Norman counterattack?,"Harald Hardrada sought to claim the English throne after William of Normandy's claim was disputed. He believed a swift invasion would secure the crown before William's forces consolidated power, leveraging Viking naval superiority and strategic timing."
Which Norse explorer led the first known Scandinavian settlement in Greenland?,"Erik the Red founded the Eastern and Western Settlements in Greenland around 982 CE, driven by exile from Norway and a desire to establish a new Norse colony in a resource-rich, temperate region."
How did Thing Assemblies function as a form of early democracy in Viking society?,"Thing Assemblies allowed free male citizens to gather, debate laws, resolve disputes, and elect leaders. Decisions were made collectively, balancing communal interests with Norse legal traditions and social hierarchy."
What role did Norse gods play in Viking military campaigns?,"Norse gods like Odin and Thor were invoked for protection and guidance during battles. Sacrifices and runic inscriptions honored these deities, reflecting their integral role in Viking spiritual and martial culture."
How did Viking longships enable their dominance in naval warfare during the 9th century?,"Viking longships combined speed, shallow draft, and maneuverability, allowing raids and explorations. Their design facilitated swift attacks, rapid retreats, and the transport of large crews and cargo across diverse terrains."
Scenario: A Viking warrior must choose between a sword and axe for a naval skirmish. Which weapon would be more effective and why?,"Axe is more effective for naval combat due to its reach and ability to cleave through wooden shields. Swords, while versatile, are shorter and less suited for shipboard fights. Axes also served as multipurpose tools, aiding in combat and daily tasks, making them a practical choice for Viking warriors."
Cause-effect: How did the establishment of Thing Assemblies influence Viking legal reforms in the 9th century?,"Thing Assemblies codified laws by allowing communal debate and consensus, reducing arbitrary justice. This structured governance fostered stability, enabling Viking societies to manage conflicts and trade more effectively, thus strengthening their political and economic systems."
Why did Ragnar Lothbrok's raids on Francia and England ultimately lead to his death?,"Ragnar's relentless campaigns provoked a coordinated counterattack by Frankish and English forces. His capture during a siege in France, where he was imprisoned and later executed, marked the climax of his legendary raids, symbolizing the risks of overambition in Viking expansion."
Scenario: A Viking farmer in Normandy faces a harsh winter. How might he adapt his daily life to survive?,"He would prioritize food storage, reinforce thatched homes with animal hides, and rely on communal support from nearby farms. Fishing and hunting would supplement rations, while trade with local towns would secure scarce resources, reflecting Viking adaptability to new environments."
Why did Viking settlers in France integrate local agricultural practices despite their Scandinavian origins?,"Vikings adopted French farming techniques like three-field systems to maximize productivity in varied soils. This adaptation ensured food security and facilitated integration into local economies, demonstrating their pragmatic approach to sustaining settlements abroad."
What was the function of the Viking ship's dragon-like prow?,"The dragon-like prow served as a symbol of power and intimidation, believed to ward off sea monsters and inspire courage. Its design also aided in navigating rough seas, enhancing the ship's efficiency in raids and long voyages."
What archaeological evidence suggests Viking influence on Orkney's stone circles?,"Excavations at the Ring of Brodgar in Orkney reveal Norse-style stone circles, suggesting Viking integration with local Pictish traditions and the adoption of shared ritual practices."
Who led the Norse settlers in the Orkney Islands during the 9th century?,"Rögnvald Brusason, a prominent jarl, led the Norse settlers in Orkney during the 9th century, establishing a strategic stronghold that facilitated trade and cultural exchange with the Picts."
What was the primary purpose of the Vinland settlements according to Norse sagas?,"The Vinland settlements, as described in sagas, aimed to exploit natural resources, establish trade routes, and create permanent outposts, marking the Norse reach into North America."
What role did jarls play in the governance of Viking Age colonies?,"Jarls governed Viking colonies by managing resources, mediating disputes, and maintaining alliances, ensuring stability and economic prosperity in distant territories."
Where were the primary Viking settlements in Scotland during the 9th century?,"The Vikings established key settlements in the Orkney and Shetland islands, later integrating into the Kingdom of Norway. These locations offered strategic control over maritime routes and resources, facilitating trade and military dominance in the North Sea."
Cause-effect: How did Ubba's leadership influence the Viking raids on Northumbria in 865?,"Ubba, a prominent jarl, led the Great Heathen Army, which launched a coordinated assault on Northumbria. This caused widespread destruction, destabilized Anglo-Saxon defenses, and paved the way for Viking control of the region."
"Where was the earliest known Viking law code preserved, and what did it regulate?","The Jomsviking law code, preserved in sagas, regulated maritime trade, military conduct, and social hierarchy. It enforced strict penalties for breaches of loyalty and ensured order in the Jomsborg settlement."
Comparison: How did Viking Age trade networks differ from those of the Byzantine Empire in terms of goods and routes?,"Viking trade focused on furs, amber, and slaves via the North Sea and Baltic, while Byzantine networks centered on silk, spices, and glass along the Silk Road. Vikings used shallow-draft ships for coastal and river routes, whereas Byzantines relied on caravans and larger merchant vessels. This divergence shaped distinct economic and cultural exchanges between the two empires."
Scenario: A Viking farmer in Ireland adapts his farming techniques to the local climate. How might he modify his practices?,"A Viking farmer would shift to hardy crops like barley and rye, employ livestock such as sheep and pigs suited to wetter conditions, and use raised fields to combat marshy soil. He might also integrate local fishing and foraging, leveraging Ireland’s coastal resources to supplement his subsistence strategies."
Why did Viking longships prioritize speed over cargo capacity during raids?,"Speed enabled swift raids on coastal settlements, allowing Vikings to strike quickly and retreat before counterattacks. Lighter hulls and shallow drafts allowed navigation along rivers and coasts, crucial for surprise attacks. This design balanced mobility with the need to carry weapons and supplies for short campaigns."
Comparison: How did the governance of Viking colonies in the West compare to that of Scandinavian kingdoms?,"Western colonies, like those in the Faroe Islands, relied on localized Thing assemblies for dispute resolution and resource management. Scandinavian kingdoms, such as Norway, had centralized jarl-led governance with broader legal codes. Colonies maintained autonomy, while kingdoms enforced uniform laws across territories."
Why did Viking settlers in the Faroe Islands rely on specific fishing techniques despite limited arable land?,"Vikings in the Faroe Islands focused on sustainable fishing, using hand nets and drying methods to preserve cod. They cultivated hardy crops like barley and relied on livestock to supplement diets. These practices adapted to the islands’ harsh climate and limited farmland, ensuring food security through resourcefulness."
What was the primary purpose of Leif Erikson's voyage to Vinland?,"Leif Erikson's voyage to Vinland, around 1000 CE, aimed to explore and establish permanent settlements beyond Norse territories. His journey, inspired by his father Erik the Red, sought new lands for trade, resources, and expansion. Vinland, likely in present-day Newfoundland, marked the Norse reach into the North American continent, though settlements were short-lived due to environmental challenges."
Why did Viking queens like Astrid and Lagertha hold political influence despite limited formal power?,"Viking queens influenced politics through marriage alliances, military support, and governance roles. While formal power was rare, figures like Astrid of Denmark and Lagertha, a semi-legendary warrior, leveraged their status to advise rulers, mediate conflicts, and secure resources. Their authority often depended on familial ties and the political landscape of Norse societies."
How did the Viking Age's shift from tribal to centralized rule under Harald Fairhair reshape Scandinavian politics?,"Harald Fairhair's unification of Norway in the 9th century ended tribal fragmentation, centralizing power under a king. This shift established a structured monarchy, reduced internal conflicts, and enabled broader political and military coordination. It set a precedent for centralized governance in Scandinavia, influencing later Viking expansion and legal systems."
What role did Ragnar Lothbrok's legendary raids play in shaping Viking Age Norse identity?,"Ragnar Lothbrok's raids, immortalized in sagas, symbolized Viking ferocity and seafaring prowess. His exploits reinforced Norse ideals of bravery, exploration, and conquest. These stories fostered a collective identity, linking raiders to mythic heroes and justifying their expansion through cultural narratives of destiny and glory."
Why did Viking explorers prioritize longship design for their transatlantic voyages?,"Viking longships were designed for speed, agility, and versatility. Their shallow draft allowed navigation of rivers and coastal waters, while a narrow hull enabled rapid movement across open seas. This adaptability was crucial for transatlantic voyages, enabling exploration of distant lands and facilitating trade and settlement in new territories."
When did the Battle of York mark a turning point in Viking raids on England?,"The Battle of York in 866 marked a turning point as the Vikings established a long-term stronghold in Northumbria, shifting from temporary raids to sustained occupation."
Who led the Viking forces during the Siege of Paris in 845?,"The Siege of Paris in 845 was led by the Viking chieftain Rorik of Hedeby, who demanded tribute from the Carolingian court, showcasing their strategic use of negotiation and force."
Scenario: A Viking chieF faces a sudden attack on his longship during a raid. How might he respond using his ship's design?,"The chieftain would use the ship's shallow draft to maneuver close to shore, deploy grappling hooks to board the enemy, and rely on the ship's speed to evade pursuit."
When did the Christianization of the Norse kingdom of Denmark begin under King Harald Bluetooth?,"The Christianization of Denmark began in the late 900s under King Harald Bluetooth, who converted in 960 and promoted Christianity through royal patronage and the construction of the Jelling Stone."
Who was the first Norse ruler to establish a Christian church in Scandinavia?,"King Olaf Trygvesson of Norway was the first Norse ruler to establish a Christian church, founding the Archdiocese of Nidaros in 1070 and promoting Christianization through military campaigns."
Which Viking ruler established the Varangian dynasty in Kievan Rus'?,"Rurik, invited by Slavic tribes in 862, founded the Rurikid dynasty, recorded in the Primary Chronicle. His rule marked the beginning of Kievan Rus' as a unified state."
When did Harald Sigurdsson become king of Norway?,"Harald Sigurdsson was proclaimed Norway's king in 954 after consolidating power, ending the Viking Age's fragmentation and centralizing Norse rule."
Scenario: A Viking chieftain faces a siege on a Russian city. How would he use the terrain?,"He might block the Dnieper River, use surrounding forests for ambushes, and deploy siege engines to weaken defenders, leveraging natural barriers for defense."
Which tool was most essential for fishing in Viking settlements?,"The fishing net, used in coastal and riverine areas, was critical for daily sustenance. Hooks and lures supplemented catches but were less versatile than nets."
Comparison: How did Erik the Red's Greenland expeditions differ from Leif Erikson's Vinland voyage in terms of purpose and outcomes?,"Erik the Red's 10th-century Greenland voyages aimed to colonize remote lands, establishing permanent settlements. Leif Erikson's 1000s Vinland expedition sought temporary trading posts, but no lasting colonies emerged. Erik's efforts led to Norse Greenlandic society, while Leif's voyage confirmed North American landmasses without sustained Norse presence."
"Who was the first Viking leader to establish a Christian church in Dublin, Ireland?","Dublin's first Christian church was founded by the Norse ruler Dubhthach mac Maelsecháin in 902. This marked the beginning of Viking Christianization in Ireland, blending Norse and Irish traditions. The church facilitated cultural integration, easing tensions between Viking settlers and Irish monastic communities."
"Cause-effect: What caused the rapid Christianization of Dublin by the 9th century, and how did it affect Viking-Irish relations?","Dublin's Viking rulers adopted Christianity to solidify alliances with Irish monasteries and secure trade. This shift reduced armed conflict, fostering cultural exchange. By 902, the city became a Christian center, blending Norse and Irish traditions while diminishing earlier hostilities."
Comparison: How did the Varangian Guard's role in the Byzantine Empire contrast with the Viking raids on English shores?,"The Varangian Guard served as elite Byzantine soldiers, protecting the emperor and advancing trade. Viking raids on England targeted wealth and expansion. While both involved Scandinavian warriors, the Guard integrated into Byzantine politics, whereas Vikings maintained raiding as a core activity."
"Who led the Great Heathen Army that invaded England in 865, and what was its impact on Viking Age politics?","The Great Heathen Army, led by Ivar the Boneless and Halfdan Ragnarsson, invaded England in 865. Their campaigns weakened Anglo-Saxon kingdoms, enabling Viking rule in northern England. This marked a shift from raiding to settlement, reshaping English politics through the creation of the Danelaw."
"Where was the Temple of Thor located, and what role did it play in Viking religious practices?","The Temple of Thor stood in Uppsala, Sweden, as a central site for Norse worship. It hosted the Uppsala öd, a grand ritual where sacrificial animals were offered to Thor, Odin, and other gods. This temple symbolized the spiritual and political unity of the region, reflecting the integration of religion and governance in Viking society."
"Who was the son of Erik the Red, and how did he influence Viking exploration?","Leif Erikson, Erik the Red's son, led the first Norse voyage to Vinland around 1000 CE. His expedition, documented in the Saga of the Greenlanders, established contact with North America, showcasing Viking navigational prowess and expanding their maritime influence beyond the North Atlantic."
Historical interpretation: How did Harald Hardrada's death at Stamford Bridge impact the Norwegian kingdom?,"Harald Hardrada's death in 1066 at Stamford Bridge weakened Norway's centralized rule, creating a power vacuum. This led to civil wars and fragmentation, delaying Norway's unification until later. His demise also deprived the Viking Age of a unifying military leader, altering the trajectory of Scandinavian politics."
"Where was the first Christian church established in Iceland, and what event prompted its founding?","The first Christian church in Iceland was built at Þingvellir in 1000 CE, following the Althing's decision to adopt Christianity. This marked the end of the pagan era in Iceland, as the ruling class converted to appease the Norwegian crown and secure political stability through religious alignment."
"Who compiled the Eddas, and what was their significance in preserving Viking Age culture?","Snorri Sturluson, an Icelandic historian, compiled the Prose Edda in the 13th century. This work preserved Norse mythology, poetry, and social values, serving as both a literary guide and a cultural archive. It became essential for understanding Viking Age beliefs and the oral traditions of Scandinavia."
What was the primary purpose of the Oseberg ship compared to the Gokstad ship?,"The Oseberg ship, discovered in Norway, was a ceremonial burial vessel for a high-status woman, while the Gokstad ship, larger and more robust, was designed for long-distance trade and warfare. Both exemplify Viking shipbuilding diversity, reflecting their dual roles in ritual and commerce."
How did the Varangian Guard's role in Byzantine military strategy differ from their involvement in Kievan Rus' governance?,"The Varangian Guard served as elite Byzantine mercenaries, providing combat expertise, while in Kievan Rus', they transitioned into administrators and nobles, shaping the political structure through military leadership and landholding."
What caused the decline of pagan rituals in Viking settlements by the 11th century?,"The rise of Christian kingdoms in Scandinavia, combined with royal conversions like Cnut the Great's patronage, led to the gradual replacement of pagan practices with Christian institutions, facilitated by missionary efforts and state sponsorship."
Compare the strategies of Ivar the Boneless and his brother Bjorn Ironside during the Viking raids on Francia.,"Ivar the Boneless focused on psychological warfare, using feigned retreats to lure enemies into ambushes, while Bjorn Ironside prioritized rapid, decisive battles, exploiting enemy divisions to secure key territories in Francia."
Cause-effect: How did the Viking exploration of Greenland influence the development of Norse colonies in Vinland?,"Greenland settlements provided resources and experience in Arctic survival, enabling Leif Erikson's 1000s voyage to Vinland. The knowledge of navigating harsh climates and utilizing local materials directly supported the establishment of temporary Norse outposts in North America."
Where was the first major Norse trading post established in the Volga River region?,"It was located near the city of Veliky Novgorod, a key hub for trade between the Rus' and Byzantine empires, fostering economic and cultural exchange."
What caused the rapid Christianization of Kievan Rus' by the 10th century?,"Prince Vladimir's adoption of Byzantine Orthodox Christianity in 988 shifted political alliances, reduced Viking military dominance, and integrated Rus' into Eastern Orthodox networks."
"When did the Great Heathen Army invade England, and what were its long-term consequences?","The invasion began in 865, leading to the Anglo-Saxon unification under Alfred the Great and reshaping Viking Age politics in Britain through prolonged conflicts."
How did Viking queens influence the political structures of Norse society?,"Queens like Astrid of Sweden mediated alliances and managed trade, strengthening chieftain power and fostering stability through strategic marriages and diplomacy."
"Where did the Rus' people establish their capital in Kievan Rus', and what was its significance?","Kyiv on the Dnieper River became the political and economic heart of Kievan Rus', linking Norse traders to Eastern Europe and enabling cultural and commercial expansion."
What was the primary purpose of the Gjermundbu sword?,"The Gjermundbu sword, a 9th-century artifact from Norway, was a ceremonial weapon with a unique, asymmetrical design. Crafted from iron and adorned with runic inscriptions, it likely symbolized status and was used in rituals rather than combat. Its intricate craftsmanship highlights Viking metallurgical skill and the cultural importance of symbolic objects."
Who was the key Norse figure in the establishment of the Varangian Guard?,"The Varangian Guard's foundation is attributed to Norse warriors who served the Byzantine Empire. These mercenaries, originally from the Rus', became elite soldiers due to their martial prowess. Their integration into Byzantine military strategy marked a significant cultural exchange, blending Norse and Eastern European traditions."
Historical interpretation: How did the sagas portray Ragnar Lothbrok's raids compared to archaeological evidence?,"Sagas depict Ragnar Lothbrok as a legendary warrior who led destructive raids, emphasizing his role in Viking Age conquests. Archaeological evidence, however, supports his existence as a real leader, though details of his exploits are likely embellished. The contrast reflects the blending of oral tradition and historical reality in Viking narratives."
What role did theThing play in Norse legal systems?,"TheThing was a local assembly where free Norse men gathered to resolve disputes, enact laws, and elect leaders. It served as a democratic forum for communal decision-making, reflecting Norse society's emphasis on collective governance and justice. Its structure varied by region but remained central to legal and political life."
What was the typical daily routine of a Viking farmer?,"Viking farmers rose early to tend crops, herd livestock, and manage homesteads. They crafted tools, wove textiles, and engaged in trade. Afternoons were for seasonal tasks like harvesting or building. Evenings involved communal meals, storytelling, and religious observances, with the family's well-being and land management as daily priorities."
Who was the key Viking queen who ruled over the Kingdom of Sweden in the 10th century?,"Queen Astrid of Sweden, who unified the kingdom under her son Inge I, consolidating power through strategic alliances and military campaigns."
"Which Viking trading hub in the Baltic region facilitated the exchange of silver, timber, and amber?","Birka, a major center for the Hanseatic League's early trade networks, linking Norse settlements to the broader Eurasian trade system."
Why did some Norse rulers adopt Christianity during the Viking Age?,"Norse rulers converted to Christianity to secure political alliances, access Byzantine and West European trade networks, and align with Christianized neighbors. Conversion also facilitated administrative efficiency and reduced pagan resistance, though many retained pre-Christian customs for generations."
What was the role of the Danelaw in Viking England?,"The Danelaw, a region of Viking-controlled England, became a blend of Norse and Anglo-Saxon governance. It established Danish law, tribute systems, and cultural practices, shaping English legal traditions and solidifying Viking influence until Anglo-Saxon reclamation in the 11th century."
Scenario: A Rus' prince seeks to unite the East Slavic tribes. What strategies would he employ?,"A Rus' prince would leverage military campaigns to subdue rival tribes, establish fortified trade routes along the Dnieper River, and forge alliances through marriage. By controlling key cities like Novgorod, he would centralize power and promote a unified state under Varangian leadership."
What was the significance of Erik the Red's exile in Greenland?,"Erik the Red's banishment from Iceland led him to explore and settle Greenland, establishing the first Norse colonies there. His leadership and resourcefulness ensured survival in the harsh climate, laying the foundation for Viking interactions with North America through Leif Erikson's later voyages."
Why did Viking leaders settle in Normandy after the 911 Treaty of Saint-Clair-sur-Epte?,"Viking leaders, including Rollo, accepted Frankish rule and land in Normandy to secure political stability, integrate into Christian Europe, and avoid further raids. This settlement transformed Viking warriors into a cohesive duchy, blending Norse and Frankish cultures and influencing future French history."
Which Viking archaeological site in Denmark reveals the transition from pagan to Christian burial practices?,"The Birka site in Sweden displays a mix of pagan and Christian burial rites, with grave goods evolving from swords and jewelry to Christian symbols, reflecting religious shifts in the 10th century."
Why did Harald Fairhair consolidate power in Norway through the Battle of Fitjar?,"Harald Fairhair defeated the Jarls of Western Norway at Fitjar to unify the kingdom, establishing centralized rule and ending fragmented Viking Age governance in the region."
Which Norse exploration led to the first recorded Norse settlement in Greenland?,"Erik the Red's 982 voyage established the Eastern Settlement in Greenland, marking the first sustained Norse presence in the North Atlantic and enabling later expeditions to Vinland."
Historical interpretation: How did the Varangian Guard's loyalty impact Byzantine military strategy?,"The Varangians' unwavering loyalty to the Byzantine emperor granted them elite status, influencing tactics and ensuring stability in the empire's northern defenses during the 10th century."
Why did Leif Erikson's voyage to Vinland fail to establish permanent Norse colonies?,"Lack of resources, hostile relations with Indigenous peoples, and limited support from Norway led to abandoned settlements, despite Leif's successful initial exploration of the region."
Compare the economic systems of Viking England and Anglo-Saxon England in the 9th century.,"Viking England saw a fusion of Norse trade networks and Anglo-Saxon agrarian economies. Vikings introduced long-distance trade, while Anglo-Saxon systems focused on manorial agriculture. This hybrid model boosted wealth through silver, timber, and agricultural surplus."
Historical interpretation: How did Viking daily life in England differ from Scandinavia?,"Viking settlers in England adopted local farming practices and Anglo-Saxon crafts, while retaining Norse longhouses and pagan rituals. Urban centers like York blended Scandinavian craftsmanship with Anglo-Saxon urban planning, reflecting cultural adaptation."
What cause-effect relationship existed between Harald Fairhair's unification of Norway and Viking expansion into England?,"Harald's consolidation of Norway (965 CE) provided a centralized power base, enabling larger fleets for raids. This strengthened Viking campaigns in England, leading to the Great Heathen Army's invasion in 865."
How did Ubba's leadership influence Viking strategies during Harald Fairhair's conquests?,"Ubba, Harald's brother, led critical campaigns in southern Norway, using naval superiority to bypass land defenses. His tactics enabled Harald to secure key coastal regions, accelerating Norway's unification."
Cause-effect: What impact did Viking trade networks have on daily life in England?,"Viking trade introduced exotic goods like silk and spices, altering dietary habits and clothing. This exchange also stimulated local crafts, creating a more interconnected economy that shaped urban centers like York and Dublin."
When did Viking farming techniques shift from slash-and-burn to crop rotation?,"By the 9th century, Viking farmers in Scandinavia adopted crop rotation to sustain soil fertility, replacing earlier slash-and-burn methods. This shift improved long-term agricultural productivity, enabling larger settlements and supporting population growth in regions like Denmark and the British Isles."
How did Viking settlements in Eastern Europe differ from those in Scandinavia?,"Eastern European Viking settlements, like those in Kievan Rus', featured wooden fortifications and centralized layouts, reflecting trade and administrative needs. Scandinavian settlements often emphasized longhouses and communal spaces, shaped by local resources and pagan traditions."
Compare the Battle of Stiklestad and the Battle of Brávellir in terms of leadership and outcomes.,"The Battle of Stiklestad (852) saw Halfdan Ragnarsson defeat Sigurd Syr, securing power in Norway. The Battle of Brávellir (873) saw Sigurd's allies defeat King Haakon, ending the Uppsala War. Both battles reshaped Viking leadership and highlighted the role of kinship in conflict."
"When did the Varangian influence in Russia begin, and what role did it play?","Varangian influence in Russia began in the 860s with Rurik's arrival, establishing the Rus' state. These Norse traders and warriors facilitated trade networks, introduced administrative systems, and integrated into Russian politics, blending Scandinavian and Slavic cultures."
How did Harald Hardrada's military strategies differ from Harald Fairhair's?,"Harald Hardrada focused on rapid, decisive conquests using elite troops, as seen in his 1066 English campaign. Harald Fairhair, by contrast, unified Norway through prolonged military campaigns and alliances, laying the foundation for a centralized kingdom in the 9th century."
Compare the conversion to Christianity in Norway and Denmark during the Viking Age.,"Norway adopted Christianity later, with Harald Fairhair's conversion in 960s, while Denmark embraced it earlier under King蓝牙 in 960s. Both used royal patronage, but Norway resisted longer due to Norse pagan traditions and political fragmentation."
"Where did Ivar the Boneless lead his final campaign, and what was its outcome?","Ivar the Boneless launched his final campaign in 873, targeting East Anglia. After defeating the ruling Mercian king, he was buried in a mound at Uppsala, Sweden, symbolizing Viking pagan rituals and the end of his legendary career."
"When did Viking Thing assemblies first formalize, and what were their key functions?","Viking Thing assemblies began formalizing in the 6th century. They served as legal courts, resolved disputes, and enacted laws, emphasizing collective decision-making over centralized rule in Scandinavian governance."
Compare Viking economic practices in the North Sea and Baltic regions.,"North Sea Vikings traded furs, amber, and silver, linking Scandinavia to the Frankish Empire. Baltic Vikings focused on slave trade and timber, connecting to Eastern Europe. Both regions thrived through raids and commerce but specialized in distinct goods."
Where were the earliest Christian churches established in Viking-ruled England?,"The first Christian churches in Viking-ruled England emerged in the Danelaw (8th–9th centuries). Founded by Norse settlers, they reflected Christianization efforts amid pagan Norse culture, blending faith with local traditions."
What caused the establishment of Kievan Rus' as a political entity in Eastern Europe?,"The Varangian Rus' settlers, likely Norse traders, established Kievan Rus' in the 9th century by consolidating control over the Dnieper River trade routes. This led to a hybrid state blending Norse, Slavic, and Byzantine influences, shaping Eastern European politics for centuries."
"When did Viking laws formalize, and what key principles did they emphasize?","Viking laws crystallized by the 9th century, codifying principles like compensation for injuries, communal justice, and the role of theThing assembly. These laws balanced retribution with social order, influencing later Scandinavian legal systems."
What role did Viking raids play in the development of feudalism in France?,"Viking raids in the 9th century weakened Frankish central authority, accelerating feudal fragmentation. Local lords gained power to defend lands, fostering a decentralized feudal system that reshaped medieval French society."
What impact did the conversion to Christianity have on Viking funeral practices?,"Christianization replaced pagan burial rites like ship burials with simpler Christian funerary customs. This shift reflected broader cultural transformation, though some Norse elites retained elements of their traditional religious practices."
Scenario: A jarl in 9th-century Norway faces a Danish invasion. How might he balance military defense with maintaining local governance?,A jarl would mobilize coastal defenses and levy tribute to fund ships. He'd coordinate with nearby jarls for mutual protection while ensuring local farms and trade routes remain operational. His authority would rely on both military strength and loyalty from subordinate chieftains.
Cause-effect: How did Viking trade networks in the North Sea shape the urban growth of York during the 9th century?,"Viking merchants established marketplaces in York, attracting goods and migrants. This led to the city's expansion as a trade hub, blending Scandinavian and Anglo-Saxon cultures. The influx of wealth also spurred construction of key religious and civic buildings."
Historical interpretation: How did the Battle of Fulford (937) and Stamford Bridge (954) differ in strategic significance for Viking expansion?,"Fulford demonstrated Viking tactical superiority against English forces, securing temporary dominance. Stamford Bridge, however, marked their decline as English alliances and superior numbers turned the tide, limiting Viking territorial gains in northern England."
Scenario: A Scottish jarl in the 9th century seeks to negotiate with a Viking chieftain. What strategic advantages might he emphasize?,"The jarl could highlight Scotland's control of key North Sea trade routes and access to fertile lands. By offering alliances or tribute, he might secure Viking support against rival Scottish kings, ensuring mutual benefit through shared resources and military cooperation."
Cause-effect: What impact did Leif Erikson's voyage to Vinland have on Norse exploration of the North American coast?,"Leif's discovery of Vinland spurred further Norse expeditions, but the lack of sustained settlements suggests challenges in adapting to the environment. This venture reinforced Norse curiosity about the west but failed to establish permanent colonies due to limited resources and hostile conditions."
"When did the first permanent Viking settlements in the Danelaw form, and what factors contributed to their establishment?","The Danelaw's earliest settlements emerged in the 860s, following the Great Heathen Army's raids. Strategic river access, fertile lands, and existing trade routes enabled long-term colonization. These settlements blended Norse and Anglo-Saxon cultures, forming a hybrid society under Viking governance."
"Who presided over Viking Thing assemblies in the North Sea region, and what were their key functions?","Jarls or kings presided over Thing assemblies, resolving legal disputes, collecting taxes, and deciding military campaigns. These gatherings, held in open fields, upheld communal law, reinforced social order, and ensured collective decision-making among free Norse men."
Scenario: A Viking chieftain in the 9th century must choose between swords and axes for his warriors. What factors would influence his decision?,"The chieftain would prioritize swords for armor-piercing cuts against armored foes and ceremonial status. Axes, easier to craft, were ideal for breaching wooden defenses. Availability of iron, combat context, and symbolic value would shape his choice."
"When did Halfdan the White rule over East Anglia, and what was his governance style?","Halfdan the White ruled East Anglia in the 870s, following his father's conquest. He integrated Anglo-Saxon administrative systems, promoted trade, and maintained Viking military strength. His reign marked East Anglia's transition from a warband-controlled territory to a semi-autonomous Viking-ruled state."
"Who was Ivar the Boneless, and what was his role in the Great Heathen Army?","Ivar the Boneless was a legendary Viking leader, likely the youngest son of Ragnar Loðbrók. He commanded the Great Heathen Army's campaigns in England, including the sacking of York and Northumbria. His military strategies and charisma made him a central figure in Viking expansion across the British Isles."
Cause-effect: How did the use of runestones in Viking Age Scandinavia influence the spread of Norse cultural identity?,"Runestones served as markers of territorial claims and memorials, reinforcing Norse identity through inscriptions. Their placement along trade routes and settlements helped unify regional communities, promoting a shared cultural and linguistic heritage. This practice strengthened the perception of a cohesive Viking world, even as political fragmentation persisted."
Who was the first Varangian leader to establish a lasting political entity in Eastern Europe?,"Rurik, a Varangian chieftain, founded the Rurikid dynasty in Kievan Rus' after arriving in the 9th century. His leadership united Slavic tribes, blending Norse governance with local customs, and established a centralized authority that shaped Eastern European politics for centuries."
Historical interpretation: How did Christianization affect Viking funeral practices in the 11th century?,"Christianization led to the decline of pagan rituals like ship burials and sacrificial offerings. Wealthy Vikings adopted Christian burial rites, such as inhumation in stone cists, while retaining symbolic elements. This shift reflected both religious conversion and the adaptation of Norse traditions to Christian norms."
Cause-effect: How did jarls' control over trade routes shape the political power of Viking Age Scandinavia?,"Jarls' dominance over key trade routes in the North Sea and Baltic regions allowed them to accumulate wealth and influence. By regulating commerce and levying taxes, they secured loyalty from local chieftains, consolidating regional power and fostering the development of early state-like structures in Viking territories."
Who was the Norse explorer responsible for the first known European voyage to Vinland?,"Leif Erikson, son of Erik the Red, led the first known European voyage to Vinland around 1000 CE. His expedition, based on his father's accounts, demonstrated Norse maritime capabilities and inspired later explorations, though no permanent settlements were established beyond temporary coastal settlements."
Comparison: How did Viking burial practices in Eastern Europe differ from those in Scandinavia?,"Eastern European Viking burials featured more Christian elements, like crosses, while Scandinavian graves emphasized pagan rituals. This shift reflects cultural blending and Christianization's influence on Viking funeral traditions."
Cause-effect: How did the Viking trade in amber impact their relations with the Slavic tribes?,"Amber trade fostered economic ties with Slavic groups, leading to peaceful exchanges. However, competition for resources also sparked conflicts, illustrating the dual nature of Viking trade networks in Eastern Europe."
"Who discovered the Oseberg ship, and what did it reveal about Viking society?","The Oseberg ship, found in Norway, showcased advanced shipbuilding and the high status of its female owners. It provided insights into Viking craftsmanship, burial customs, and the role of women in Norse society."
Comparison: How did the design of Viking longships differ from the merchant ships of the time?,"Viking longships had shallow drafts and flexible hulls for swift travel, while merchant ships were sturdier and slower. This design enabled Vikings to raid and trade efficiently across vast distances, giving them a strategic advantage."
"Where was the Oseberg ship discovered, and what does it reveal about Viking shipbuilding?","The Oseberg ship was found in a burial mound near Oslo, Norway. Dating to 820 CE, it showcases advanced Viking shipbuilding techniques, including a double-decked design, ornate carvings, and a length of 70 feet. The ship’s construction indicates communal labor and the importance of maritime trade, while the burial goods suggest high status for the deceased, likely a wealthy woman."
"Who was Harald Fairhair, and how did he consolidate power in Norway?","Harald Fairhair, Norway’s first documented king (early 9th century), unified fragmented Viking territories through military campaigns. His victories over rival jarls, including the Battle of Hafrsfjotta, centralized authority. He established a royal court at Hægstad and introduced a legal code, laying the foundation for a centralized Norwegian state."
Scenario: A Viking chieftain in 870 CE must choose between raiding a monastery or securing a trade route. What factors would influence his decision?,"The chieftain would weigh immediate wealth from raids against long-term gains from trade. Monasteries offered riches but risked retaliation, while securing a trade route ensured steady income and alliances. Religious tensions, local defenses, and the need for supplies would shape his choice, balancing short-term profit with strategic stability."
"Where did Halfdan the White establish his stronghold, and what was its strategic value?","Halfdan the White, a 9th-century Viking leader, established his stronghold in East Anglia, near the Thames. Its location controlled key trade routes between the North Sea and the English interior, allowing him to dominate regional commerce and resist Anglo-Saxon resistance. The area’s fertile land and access to rivers bolstered his power."
"Who led the Viking attack on York in 866, and what was the battle’s outcome?","The Viking attack on York in 866 was led by Ivar the Boneless and his brother Ubba. The Battle of York, part of the Viking conquest of Northumbria, resulted in the city’s capture and the establishment of Jorvik as a major Viking settlement. This victory secured control over the region’s wealth and strategic location, fueling further expansion."
Comparison: How did Viking kings in Norway differ from those in Denmark in terms of succession practices?,"Norwegian kings typically followed male-line agnatic succession, prioritizing direct male descendants, while Danish kings often allowed female succession, as seen with Queen Margarethe I. This reflected differing clan structures and legal traditions, with Norway emphasizing centralized royal power and Denmark balancing royal authority with noble influence."
Which Viking farming technique best supported long-term agricultural sustainability in Eastern Europe?,"Crop rotation, particularly the three-field system, enabled soil replenishment and reduced erosion, allowing Viking farmers in Eastern Europe to sustain larger populations. This method contrasted with Scandinavia's two-field system, adapting to heavier clay soils and longer growing seasons."
Cause-effect: How did Viking farming innovations in Russia impact the growth of Kievan Rus' economy?,"Viking introduction of advanced plows and irrigation in Russia boosted grain yields, fueling trade networks. Surplus crops enabled surplus grain exports, which became a cornerstone of Kievan Rus' economy, linking it to Byzantine and Islamic markets through the Dnieper River trade route."
Comparison: How did Viking laws in Normandy differ from those in Scandinavia regarding property rights?,"Norman Viking laws, influenced by Frankish legal systems, emphasized written contracts and land tenure security, whereas Scandinavian laws relied more on oral traditions and clan-based justice. This shift reflected Normandy's integration into Christian Europe and its focus on centralized governance."
Cause-effect: What impact did Viking laws on inheritance have on the political stability of the Danelaw?,"Strict Viking inheritance laws in the Danelaw, favoring male heirs, reinforced noble family cohesion and minimized internal conflict. This stability helped consolidate Viking-controlled territories in England, preventing fragmentation and enabling long-term political dominance."
Historical interpretation: How did Cnut the Great's religious policies unify his Scandinavian and English realms?,"Cnut promoted Christianity across his realms to legitimize his rule and foster unity. By supporting the Archbishop of Hamburg-Bremen and funding English monasteries, he aligned Scandinavian and Anglo-Saxon elites with Christian institutions, reducing sectarian tensions and consolidating centralized authority."
Why did the Varangian Guard become a crucial military force in the Byzantine Empire?,"The Varangians, skilled in combat and loyal to the emperor, provided elite protection and naval strength. Their Norse heritage and adaptability made them indispensable for Byzantine defense, ensuring their prominence in imperial politics and military campaigns from the 9th to 11th centuries."
How did Viking longship design enable both raiding and trade across the North Sea?,"Longships featured shallow drafts for river travel, flexible sails for wind, and oars for maneuverability. These features allowed Vikings to navigate coastal waters, raid distant settlements, and conduct extensive trade across Scandinavia, Britain, and the Baltic."
How did Viking kings in England adapt to Christianization without losing power?,"Viking rulers like Cnut adopted Christianity while retaining royal authority. They supported the Church to gain legitimacy, married into Christian noble families, and allowed pagan practices in private spheres, balancing conversion with political control over their realms."
Why did English nobles submit to Viking rule after the Battle of Hastings in 1066?,"Post-Hastings, English nobles lacked a strong centralized authority. Viking kings like Cnut had established administrative systems and alliances with local elites, making it strategic for English nobles to accept foreign rulers who could maintain order and protect their interests."
How did Viking raids on Ireland in the 9th century impact Gaelic political structures?,"Viking raids on Ireland disrupted Gaelic kings' control, leading to fragmented kingdoms and the rise of the Uí Néill. By the 9th century, Viking settlers established the Norse-Gaelic kingdom of Dublin, blending pagan and Christian practices while asserting dominance over local chieftains."
How did Norse gods influence Viking exploration routes?,"Norse mythology guided Viking exploration through divination and rituals. Odin's wisdom and Freyr's fertility were invoked for safe passage, while the World Serpent's symbolism shaped their navigational fears. These beliefs reinforced maritime traditions and justified expansion into uncharted waters."
How did Viking governance in Normandy evolve after the 10th century?,"By the 10th century, Viking rulers in Normandy adopted Frankish administrative systems, blending Norse chieftaincy with centralized feudalism. This adaptation enabled effective governance, military organization, and integration into the Frankish court, laying the foundation for the Duchy of Normandy's rise."
How did Viking settlements in the Danelaw affect English land use?,"Viking settlers in the Danelaw introduced advanced farming techniques like three-field systems, improving soil fertility. They also established fortified towns and a legal code blending Norse and Anglo-Saxon traditions, reshaping agricultural practices and local governance in eastern England."
What caused the Norse to explore beyond the North Sea?,"The Norse explored beyond the North Sea due to population pressure, resource scarcity, and the search for wealth. They sought fur, timber, and slaves in the east and south, leading to voyages to the Byzantine Empire, the Black Sea, and eventually Vinland. These expeditions expanded their trade networks and cultural reach."
Scenario: A Viking jarl in 870 CE must choose between waging war on a Frisian stronghold or negotiating a trade treaty. What factors would influence his decision?,"A jarl would weigh resource availability, enemy strength, and long-term gains. Raiding offers immediate wealth but risks retaliation, while trade ensures stable supplies and alliances. Political leverage from existing alliances and the need to sustain fleets would also shape his choice."
Cause-effect: How did Viking runic inscriptions on memorial stones influence the spread of Norse cultural identity?,"Runes preserved Norse language and traditions, fostering a shared cultural identity. They documented lineage, deeds, and beliefs, reinforcing communal values. This practice helped maintain Norse identity during Christianization, preserving oral traditions in written form."
Why did Erik the Red name Greenland despite its harsh climate?,"Erik the Red named Greenland to attract settlers by implying fertile lands, countering the harsh reality. The name aimed to encourage Norse migration, leveraging the Norse belief in land's potential for agriculture and settlement, despite its actual conditions."
Why did Viking Thing assemblies adopt a consensus-based dispute resolution system?,"Thing assemblies used consensus to ensure fair judgments and community stability. This approach minimized rebellion by involving all free men in decisions, balancing power among chieftains and commoners. It reinforced social order and collective responsibility in Viking society."
Battle outcome: What caused the Norse defeat at the Battle of Stamford Bridge in 1066?,"The Norse forces, led by Harald Hardrada, faced exhaustion after a long march and harsh weather. Their rapid advance strained supply lines, while English forces under Harold Godwinson countered effectively. The Norse army collapsed, leading to Harald's death and the battle's decisive English victory."
Who was Harald Fairhair and how did he unify Norway?,"Harald Fairhair, Norway's first recorded king, unified the country through military campaigns in the 9th century. He defeated rival jarls, consolidating power after the Battle of Fitjar. His rule established a centralized monarchy, ending the fragmented petty kingdoms of the Viking Age and setting a precedent for Norse kingship."
Why did Ragnar Lothbrok's raids spark Viking Age expansion?,"Ragnar Lothbrok's raids on Francia and England in the late 8th century demonstrated the profitability of Viking raids. Success attracted more warriors, fostering organized expeditions. His exploits inspired legendary status, encouraging broader exploration and settlement across Europe, from the British Isles to the Eastern Atlantic."
What role did Christianity play in the decline of Viking paganism?,"Christianity undermined Viking paganism by offering moral and political alternatives. Converted rulers, like Olaf Trygvesson, promoted Christianity to solidify power. Monastic missions and royal patronage spread the faith, while Viking raids weakened pagan sacrificial practices, accelerating cultural assimilation in Scandinavia."
Who were the Varangians and what was their significance in the Byzantine Empire?,"The Varangians were Norse mercenaries who became elite guards of the Byzantine Empire. Recruited from the Rus', they served as the Akoluthoi, protecting emperors and enforcing order. Their loyalty and combat skills made them indispensable, blending Viking prowess with Byzantine military strategy for centuries."
Why did Viking raiders target French coastal cities in the 9th century?,"Viking raiders targeted French coastal cities for wealth, including monasteries and trade hubs. These raids provided immense riches, funding further expeditions. The strategic location of French ports facilitated swift access to the continent, enabling sustained attacks that reshaped medieval European geopolitics."
What role did Viking longships play in their trade networks across the North Sea?,"Viking longships enabled swift, flexible trade across the North Sea due to their shallow draft and sail/row combination. They transported goods like furs, timber, and silver between Scandinavia, Britain, and the Frankish Empire, fostering economic ties and cultural exchange. Their design facilitated both raiding and commerce, making them central to Viking economic power."
When did the first Viking Christian missionaries arrive in Scotland?,"The first Viking Christian missionaries reached Scotland around 840 CE, notably through St. Athelstan's efforts. They targeted the Orkney and Shetland Islands, where Viking settlers were already established, marking a shift from pagan to Christian influence in the region's religious and political landscape."
How did Viking settlements in the Orkney Islands influence Scottish history?,"Viking settlements in the Orkney Islands, established by the 8th century, introduced Norse governance, architecture, and culture to Scotland. They facilitated trade, blended with Gaelic traditions, and laid the foundation for the Kingdom of the Isles, shaping Scotland's medieval political and cultural identity."
What were the primary goods traded in Viking markets along the Danelaw?,"In the Danelaw, Vikings traded furs, wool, amber, iron, and silver. These goods connected Scandinavia to the British Isles, the Baltic, and the Byzantine Empire. The Danelaw's markets became hubs for cultural exchange, strengthening Viking economic influence across Europe."
How did Viking raiding tactics evolve during the 10th century?,"By the 10th century, Viking raiding tactics shifted from swift, surprise attacks to more coordinated campaigns. Raiders used larger fleets, combined with diplomacy and strategic alliances, to target wealthy targets. This evolution reflected their adaptation to organized resistance and the growing complexity of medieval European politics."
How did Viking longships enable the establishment of trade networks across the North Sea?,"Viking longships featured shallow drafts and flexible hulls, allowing navigation of rivers and coastal waters. This facilitated trade between Scandinavia, the British Isles, and the Frankish Empire, enabling the exchange of goods like amber, silver, and textiles."
Scenario: A Viking chieftain in 870 CE must decide whether to attack a Francia monastery or seek a trade alliance. What factors would influence this choice?,"The chieftain would weigh loot potential against risks of retaliation, the monastery’s wealth in silver and manuscripts, and opportunities to secure alliances with local elites for future raids or trade."
Historical interpretation: How did Ivar the Boneless’ leadership shape Viking strategies in Ireland?,"Ivar unified the Great Heathen Army, using swift longship movements to overwhelm Irish defenses. His focus on securing Dublin as a trade hub allowed sustained raids while establishing Norse overlordship over the Uí Néill dynasty."
How did Viking settlements in Ireland disrupt Gaelic political structures by the 9th century?,"Viking bases like Dublin created rival power centers, fragmenting traditional Gaelic clans. This weakened native kings’ authority, enabling Norse lords to control key trade routes and extract tribute from surrounding regions."
What role did silver play in Viking trade with France during the 9th century?,"Silver from Frankish territories was highly valued in Viking markets. It was used as currency, traded for luxury goods, and melted into ingots for transport, reflecting the economic integration of Viking and Francia economies."
What role did Norse women play in Viking leadership roles?,"Norse women held significant influence through marriage alliances and managing households, but formal leadership was rare. Queen Astrid of Sweden and Lagertha, a legendary warrior, exemplify rare instances of female agency. Most leadership roles were reserved for men, though women could inherit land and lead in their absence."
"What was Cnut the Great's strategy for maintaining control over England, Denmark, and Norway?","Cnut unified these regions through military conquest and political alliances. He secured England by defeating Edmund Ironside in 1016, then stabilized Denmark and Norway by marrying royal bloodlines. His administration promoted stability, ensuring loyalty through shared governance and strategic appointments."
"When did the Battle of Fulford take place, and what was its significance in the Viking conquest of England?","The Battle of Fulford occurred in 960, marking the first major Viking attack on England after the Treaty of St. Clair. Though the Vikings won, their loss of key leaders weakened their position, enabling the English to later repel further invasions and secure long-term stability."
Why were Varangian guards recruited by the Byzantine Empire despite their Viking origins?,"The Byzantines valued Varangians for their martial skills and loyalty. Recruited as elite guards, they provided military strength and served as a buffer against external threats. Their Norse heritage also offered unique expertise in seafaring and combat, enhancing Byzantine naval capabilities."
What were the key technological innovations that enabled Viking exploration beyond the North Atlantic?,"Vikings developed the clinker-built longship, allowing swift travel across open seas. Advanced navigation tools like sun compasses and wave-riders helped them chart courses. These innovations enabled voyages to Greenland, Iceland, and possibly Vinland, expanding their trade and influence."
What role did Halfdan the White play in the Viking conquest of East Anglia?,"Halfdan the White, ruler of the East Angles, united Anglo-Saxon tribes against Viking invasions in the early 9th century. His strategic alliances with Mercian kings and fortified strongholds delayed Viking control until 870, when he was killed at the Battle of Brunanburh, marking a turning point in Anglo-Saxon resistance."
Historical interpretation: How did Viking weapons evolve during the 9th century?,"By the 9th century, Vikings standardized weapons like the seax (curved knife) and iron swords for combat. They also adopted the Dane axe and spear for raids, refining designs for both warfare and trade. These tools reflected their adaptation to diverse environments, from coastal skirmishes to inland battles."
What were the key trade goods exchanged between Viking settlers and Normandy?,"Vikings traded furs, amber, and slaves from the east for French wine, cloth, and silver. Normandy's ports became hubs for exchanging these goods, fostering economic ties. This exchange enriched Viking communities and strengthened their influence in the region."
What role did Viking exploration play in establishing settlements in the Faroe Islands?,"Viking exploration in the 8th-9th centuries led to Faroe Island settlements by navigating the North Atlantic. Their longships allowed access to remote shores, enabling the establishment of farms and outposts. These settlements thrived through fishing and trade, demonstrating Viking adaptability to harsh environments."
Why did Viking leaders use runes to mark territory and ownership?,"Viking leaders etched runes on stones and weapons to assert dominance, document land claims, and commemorate victories. This practice reinforced their authority and ensured their legacy, as runes were both a practical tool for record-keeping and a symbol of Norse identity."
"Who was Ubba, and what role did he play in Viking expansion?","Ubba was a 9th-century Viking warlord leading the Great Heathen Army. He orchestrated campaigns against East Anglia and Northumbria, exploiting weak Anglo-Saxon defenses. His leadership accelerated Viking control over England, though his exact fate remains unclear due to fragmented historical records."
What caused Viking trade networks to flourish in the 9th century?,"Viking trade networks expanded due to technological advancements like the clinker-built longship, which enabled swift travel across the North Sea. This facilitated the exchange of goods such as silver, furs, and slaves, fostering economic growth and cultural interaction between Scandinavia and the continent."
Why were Viking weapons designed for both combat and mobility?,"Viking weapons, like axes and swords, were crafted for rapid deployment on longships. Their lightweight, balanced design allowed warriors to strike effectively while rowing or fighting. This adaptability made them ideal for raids and skirmishes, prioritizing speed over heavy armor."
How did Viking raids on France impact medieval feudal structures?,"Viking raids on France in the 9th century disrupted local economies and weakened feudal lords' control. The constant threat forced centralized authority to consolidate power, leading to reforms that strengthened feudal systems and improved military coordination against invaders."
"When did Viking settlements in the Faroe Islands become established, and what factors influenced their growth?","Viking settlements in the Faroe Islands began in the late 8th century. The islands' strategic location, abundant seafood, and defensive terrain attracted Norse settlers. Limited arable land encouraged fish preservation techniques, while the absence of large-scale warfare allowed communities to thrive until the 13th century."
What role did Viking raids play in the political fragmentation of Ireland during the 9th century?,"Viking raids weakened Gaelic kingdoms by targeting monasteries and coastal settlements. The destruction of Clonmacnoise (806) and Limerick (847) destabilized political structures, creating power vacuums. This fragmentation enabled the rise of Viking-dominated 'longphorts' and hybrid Irish-Viking chieftains."
Historical interpretation: How did Harald Hardrada's leadership shape Viking strategies in the Battle of Stamford Bridge?,"Harald Hardrada's emphasis on rapid, decisive strikes and psychological warfare influenced the Battle of Stamford Bridge (1066). His use of the 'haste and speed' tactic overwhelmed the English, but overextension led to his defeat, underscoring the risks of aggressive, uncoordinated assaults."
"When did Leif Erikson's expedition to Vinland occur, and what evidence supports its historical accuracy?","Leif Erikson's 1000s expedition reached Vinland (modern Newfoundland). Evidence includes Norse burial sites, the Vinland Map, and Greenlandic sagas. Archaeological finds like the L’Anse aux Meadows site confirm temporary settlements, though the Norse abandoned Vinland by the 11th century."
What technological advancements in Viking weapons enabled their dominance in 10th-century warfare?,"Vikings refined iron swords with reinforced edges, developed the double-edged axe for both combat and utility, and used composite bows for long-range attacks. Their weapons balanced mobility and lethality, making them effective in raids, naval battles, and land warfare across Scandinavia and beyond."
Which commodity was central to Viking trade networks in the 9th century?,"Silver was the primary medium of exchange, enabling transactions across Scandinavia, the British Isles, and the Frankish Empire. It facilitated the circulation of goods like furs, amber, and slaves, solidifying Viking economic influence through standardized trade."
Historical interpretation: How did Viking longships differ from medieval merchant vessels in design and function?,"Viking longships featured shallow drafts, overlapping planks, and square sails for speed and versatility. Unlike merchant ships, they prioritized rapid coastal raids and long-distance exploration, enabling both warfare and trade across vast distances."
Comparison: How did Harald Hardrada's tactics at Stamford Bridge contrast with earlier Viking strategies in England?,"Hardrada employed a decisive, rapid assault using his elite forces, bypassing defensive positions. Earlier Vikings relied on prolonged sieges and alliances, whereas Hardrada’s bold maneuvering demonstrated a shift toward centralized, aggressive warfare."
Which Viking battle demonstrated the effectiveness of the longship in rapid coastal attacks?,"The 865 Battle of Rörke (Lübeck) showcased longships’ ability to swiftly transport troops and supplies, enabling surprise raids. Their shallow draft allowed access to rivers and estuaries, overwhelming coastal defenses with speed and firepower."
Historical interpretation: How did Viking raids on Ireland impact the island's political structure in the 9th century?,"Raids fragmented Ireland’s political landscape by weakening the Uí Néill dynasty and creating rival kingdoms. This decentralization allowed Viking settlements to thrive, transforming the island’s power dynamics and fostering a hybrid Norse-Irish society."
Why were Viking queens rare in historical records?,"Viking queens were scarce due to the emphasis on male-dominated leadership and lack of written records. Women's roles were often oral or tied to kinship, leading to underdocumentation. Exceptions like Queen Astrid of Sweden highlight their influence, but most were not recorded in sagas or chronicles."
How did Viking settlements in England influence the English legal system?,"Viking settlements introduced legal codes like the Danelaw, blending Norse and Anglo-Saxon laws. This hybrid system influenced English common law through concepts like trial by ordeal and communal justice, shaping medieval legal traditions."
Why were Varangians favored by Byzantine emperors?,"Varangians were preferred for their loyalty, discipline, and martial skill. They formed the elite Varangian Guard, protecting the emperor. Their recruitment ensured a mercenary force loyal to the Byzantine throne, enhancing imperial security during conflicts with Persians and Arabs."
How did the concept of 'hamingja' influence Viking social structures?,"'Hamingja' referred to a group of people tied by loyalty and mutual obligation, fostering cooperation. This concept reinforced kinship networks and communal responsibilities, shaping Viking society through shared goals and collective action in raiding and settlement."
How did the design of Viking axes contribute to their effectiveness in combat?,"Viking axes featured broad, heavy heads with wooden handles, ideal for chopping and breaking shields. Their design allowed for powerful strikes, making them versatile in both melee and ranged combat, reflecting the Vikings' adaptability in warfare."
How did Viking religious practices differ from those of their neighbors in the 9th century?,"Vikings worshipped Norse gods like Odin and Thor, emphasizing nature and warrior virtues, while neighbors like Christians focused on monotheistic beliefs and moral doctrines. Rituals included sacrifices and runic inscriptions, contrasting with Christian liturgical practices."
Why was Halfdan the Old considered a pivotal figure in Viking expansion?,"Halfdan united scattered Viking warbands, leading successful raids on Francia and England. His campaigns strengthened Norse influence in the British Isles and established trade routes, cementing his reputation as a legendary warlord."
How did Viking explorers navigate the open ocean without modern instruments?,"Vikings used sunstones to locate the sun, observed star patterns, and read ocean currents and wind directions. Their longships' design allowed maneuverability, enabling precise coastal navigation and transatlantic voyages."
What role did longhouses play in Viking settlements in England?,"Longhouses served as communal centers for living, feasting, and rituals, reflecting Norse social structures. They facilitated trade and governance, blending Viking and Anglo-Saxon architectural influences in new settlements."
How did Viking siege weapons compare to those of medieval Europe?,"Vikings used simpler, mobile weapons like spears and axes, while medieval Europe adopted castles and trebuchets. Viking tactics relied on surprise and mobility, contrasting with Europe's fortification-focused strategies."
Scenario: A Viking longship approaches a coastal village at dawn. What immediate actions would the crew take to ensure a successful raid?,"The crew would lower the sail, deploy the oars, and deploy a grappling hook to secure the ship. Warriors would disembark swiftly, using the element of surprise to overwhelm defenses. Smoke signals or fire would be used to signal allies, while scouts would assess the village's layout for strategic attack routes."
"When did Halfdan the Old's raids on Northumbria begin, and what was his primary objective?","Halfdan the Old launched raids on Northumbria in the 730s. His primary goal was to weaken the Anglo-Saxon kingdom, secure plunder, and gain political influence. These campaigns disrupted Northumbrian stability, contributing to its eventual fragmentation."
What evidence from Viking-era settlements in Greenland suggests seasonal migration patterns?,"Archaeological findings at Brattahlid and Leif's Farm reveal winter storage pits and summer dwellings. These structures indicate seasonal movement between coastal settlements and inland hunting grounds, aligning with the Norse practice of migrating with the seasons."
Scenario: A Viking warband encounters a fortified town. What tactical advantage would they exploit to breach its defenses?,"The Vikings would target weak points like gates or walls, using their longships to bypass rivers. They might employ siege engines or lure defenders into ambushes. Psychological tactics, such as feigned retreats, would create confusion and weaken the town's morale."
What role did the discovery of the Oseberg ship grave play in understanding Viking funeral practices?,"The Oseberg ship grave, dating to 820 AD, contained a ship, wagons, and artifacts, revealing elite Viking burial customs. The burial of a high-status woman with her belongings indicates that wealth and status were symbolized through material goods, reflecting social hierarchies."
Why was Leif Erikson considered more of an explorer than a conqueror?,"Leif Erikson focused on discovering and settling new lands rather than conquering territories. His expeditions, like reaching Vinland, emphasized exploration and resource acquisition, not territorial domination, distinguishing him from typical Viking raiders."
What caused the decline of Viking longship dominance in the 11th century?,"The rise of centralized European kingdoms and improved naval technology, such as the cog, rendered Viking longships less effective. Additionally, internal conflicts and shifting trade routes reduced their strategic advantage."
How did Viking runic inscriptions reflect their religious beliefs?,"Runes often included pagan symbols and references to Norse gods, showcasing their polytheistic faith. Inscriptions on artifacts and memorial stones emphasized protection, fate, and ancestral reverence, aligning with their spiritual worldview."
Why was wool a critical commodity in Viking trade networks?,"Wool was highly valued in the British Isles and Frankish markets. Viking traders exchanged surplus wool for silver, luxury goods, and food, reinforcing their economic ties to continental Europe and the North."
How did the design of Viking longships enable their maritime dominance?,"Longships featured shallow drafts, sleek hulls, and flexible keels, allowing swift travel on rivers and coasts. Their cargo capacity supported both raids and trade, making them versatile for Viking expansion and resource exchange."
Scenario: A Viking warband arrives in England during the 9th century. What immediate actions would they take to secure resources?,"Vikings would swiftly raid monasteries and villages, looting silver and livestock. They would establish temporary camps near water sources and assess potential settlements for long-term occupation, prioritizing areas with fertile farmland and strategic trade routes."
When did Viking farming techniques in England significantly improve crop yields?,"By the late 9th century, Viking settlers in England adopted three-field crop rotation, enhancing soil fertility and productivity. This method, combined with local knowledge, allowed sustained agricultural output, supporting growing settlements and trade networks."
What evidence from Viking settlements in England reveals their adaptation to local environments?,"Excavations show Viking settlers in England integrated local materials, such as timber and stone, into longhouses and defensive structures. They also modified farming practices to suit regional soils, demonstrating both cultural flexibility and environmental adaptation."
"Scenario: A Viking ship is stranded near a Christian village. What religious tensions might arise, and how would they be resolved?","Vikings might face hostility from locals due to pagan rituals. To avoid conflict, they could offer tribute or convert to Christianity, leveraging the church's influence. Some settlements adopted bilingual Christian-Viking practices, blending traditions to ease integration."
Why did Viking traders establish long-distance connections with the Byzantine Empire?,"Vikings sought luxury goods and silver, crucial for their economy. This trade expanded their networks, facilitated cultural exchanges, and fortified their maritime reputation through access to Mediterranean markets."
How did the Varangians' recruitment process strengthen Byzantine military power?,"Selective recruitment of Norse warriors created elite units, enhancing the empire's defenses. Their integration provided strategic advantages in both military and economic spheres, securing trade routes and imperial stability."
How did archaeological finds at Gjermannen reveal Viking shipbuilding techniques?,"The Gjermannen ship's intact hull and fittings demonstrated advanced construction methods, including clinker-built planking and modular design. These insights highlight Viking engineering prowess and maritime adaptability."
"Which Norse god was associated with war and death, and what symbols represented their power?","Odin, the Allfather, was linked to war and death. His symbols included the spear Gungnir, the ravens Huginn and Muninn, and the wolf Fenrir. He was revered for wisdom and victory, often depicted as a one-eyed warrior seeking knowledge through sacrifice."
How did the Viking economy rely on long-distance trade networks?,"The Viking economy thrived through trade in furs, amber, wool, and slaves across Europe and the Byzantine Empire. Merchants used established routes, barter, and coinage to exchange goods, fostering economic ties and cultural exchange."
Which commodity was most valuable in Viking trade with the Byzantine Empire?,"Silver was the most valuable Viking export to the Byzantine Empire, exchanged for luxury goods like silk and spices. This trade enriched Viking elites and strengthened economic and diplomatic ties between regions."
Why did Harald Hardrada seek to reclaim the English throne?,"Harald Hardrada claimed the English throne through his maternal lineage, believing he had a divine right to rule. His 1066 invasion aimed to challenge Harold II's succession, driven by political ambition and Norse cultural ties to England."
How did Viking laws in England address disputes between Norse and Anglo-Saxon communities?,"Viking laws in England, like the Drápa, allowed for legal arbitration by Norse chieftains, while Anglo-Saxon courts handled local disputes. Mixed communities often adopted a hybrid system, with Norse leaders mediating conflicts and enforcing codes that balanced pagan and Christian norms, ensuring stability in conquered territories."
When did Viking raids on Ireland shift from plunder to settlement?,"By the late 8th century, Viking raids on Ireland transitioned to permanent settlements, such as Dublin, as they established bases for trade and control. This shift occurred after initial raids in 795 CE, driven by the need for resource access and strategic dominance over Irish coastal regions."
What caused the decline of Viking trade with the Byzantine Empire?,"The decline of Viking trade with the Byzantine Empire in the 11th century stemmed from reduced navigational knowledge of the Black Sea, political instability in the East, and shifting economic priorities. Viking merchants increasingly focused on Northern European markets, diminishing their role in the Byzantine trade network."
How did Viking farming in England adapt to local soil conditions?,"Vikings in England adopted crop rotation and mixed farming, planting turnips and barley in heavier soils and wheat in lighter ones. They also integrated livestock grazing with arable fields, improving yields and sustainability through techniques suited to English climate and terrain."
Why did Viking laws in Ireland emphasize communal responsibility?,"Viking laws in Ireland, influenced by both Norse and local customs, prioritized communal justice to maintain order in mixed settlements. Offenders faced collective sanctions, such as fines shared by neighbors, reflecting a blend of Norse legal traditions and Irish societal values."
Where were the earliest known Viking rune stones discovered in England?,"The earliest Viking rune stones in England were found at sites like Wighton and Brough, Yorkshire. These stones, dating to the late 9th century, bore inscriptions in Old Norse, marking Norse presence and cultural exchange in the region during the Viking Age."
What caused the shift of Viking raids in Scotland from coastal to inland targets?,"By the late 9th century, Viking raiders in Scotland shifted to inland targets due to overexploited coastal areas and the need to secure fertile lands. This led to the establishment of the Kingdom of the Isles, integrating Norse and Gaelic governance structures."
How did Viking societal structures in England differ from those in Scandinavia?,"In England, Viking societies adopted local Anglo-Saxon legal systems and Christian practices, blending Norse and Anglo-Saxon traditions. This contrasts with Scandinavia, where kinship ties and warrior elites dominated, preserving distinct cultural norms."
Where did Halfdan the White establish his Viking stronghold in East Anglia?,"Halfdan the White founded a Viking stronghold at Hoxne, Suffolk, around 870 CE. This site, later integrated into the Danelaw, became a hub for trade and governance, reflecting the fusion of Norse and Anglo-Saxon influence in early medieval England."
How did Viking runic inscriptions in Scotland compare to those in Norway?,"Scandinavian runic inscriptions in Scotland, like the Rhynie Chorus, featured simpler designs and fewer Christian elements compared to Norway's elaborate inscriptions. This reflects Scotland's earlier Norse settlement and slower Christianization process."
Why did Harald Fairhair unify Norway through warfare?,"Harald Fairhair unified Norway to consolidate power after a civil war, establishing central authority. His victories over rival jarls allowed him to centralize governance, creating a structured kingdom that facilitated Viking expansion and resource control in the 9th century."
How do Viking longships compare to the ships of other seafaring cultures?,"Viking longships were uniquely designed for speed and versatility, with shallow drafts for river travel and deep hulls for open seas. Unlike Mediterranean ships, they featured square sails and overlapping planks, enabling long-distance trade and raids across diverse environments."
Why did Leif Erikson explore the western coast of Greenland?,"Leif Erikson sought new lands after his father's failed attempt to reach Vinland. He sailed westward, discovering Greenland's coast in the 10th century, likely following Norse trade routes and seeking resources to sustain Norse settlements in the North Atlantic."
Who was the last Norse ruler of Norway before Christian conversion?,"Harald Fairhair, who unified Norway through military conquest in the early 10th century, became the first documented ruler of a unified Norwegian kingdom. His reign marked the transition from fragmented chieftaincies to centralized rule."
"When did the Battle of Stamford Bridge occur, and what was its significance?","The Battle of Stamford Bridge took place in September 1066, where Harald Hardrada's Norwegian forces defeated an English army but suffered heavy losses. This victory secured Norwegian control of northern England before Hardrada's fatal defeat at Hastings later that year."
What was the primary weapon used by Viking warriors in close combat?,"The axe was the most common Viking weapon, prized for its versatility in both combat and daily tasks. Its double-edged design allowed for powerful strikes, while its manageable size made it effective in shipboard battles. Axes were often symbolically linked to Odin, emphasizing their ritual and martial significance."
Scenario: A Viking farmer discovers a new plot of land; how might he adapt his farming techniques?,"A Viking farmer would assess soil fertility, clear the land with axes and fire, and plant crops like barley or rye suited to local conditions. He might construct a longhouse for storage and use wooden plows pulled by oxen. Livestock such as cattle and pigs would supplement the diet, ensuring food security through seasonal cycles."
What was the significance of the longhouse in Viking daily life?,"The longhouse served as a central hub for Viking communities, housing multiple families, storing food, and hosting gatherings. Its construction reflected Norse social structures, with the hearth at the center symbolizing communal warmth and shared labor. It also provided defense against raids, reinforcing collective survival."
"Who was Erik the Red, and how did his voyages impact Norse expansion?","Erik the Red, a Norse explorer, led the first known Scandinavian settlement in Greenland around 982 CE. His voyages expanded Norse influence into the North Atlantic, establishing trade routes and cultural exchanges. This laid the groundwork for Leif Erikson's later exploration of Vinland, marking a pivotal step in Viking exploration."
When did Viking longships transition from raiding vessels to trade ships?,"By the late 9th century, Viking longships evolved for trade, featuring deeper hulls and larger cargo holds. This shift occurred as Norse expansion focused on establishing settlements and economic ties, exemplified by the 870s raids on England and later trade networks in the Baltic and Byzantine regions."
Where were the largest Viking longship remnants discovered in Scandinavia?,"The Gokstad ship, found in Norway (1868), is the largest preserved Viking longship. Its 70-foot length and 15-foot beam highlight advanced shipbuilding, designed for both swift raids and long-distance trade across the North Sea and Atlantic."
How did Viking longships compare to the ships of the Anglo-Saxon navy in terms of speed and maneuverability?,"Viking longships were faster and more agile due to their shallow draft and single-mast design, allowing rapid movement between coastal raids and open seas. Anglo-Saxon ships, like the longship variant used in England, were bulkier and less suited for swift attacks or distant voyages."
When did Harald Fairhair consolidate his control over the Orkney Islands?,"Harald Fairhair secured the Orkney Islands by 875, following his father's raids and subsequent campaigns. This victory solidified his dominance over the North Sea, enabling the establishment of a centralized Norwegian kingdom and control over key trade routes."
Where did Viking settlers primarily establish permanent farms in eastern England?,"Viking settlers focused on the Danelaw region, particularly the fertile Thames estuary and Lincolnshire, by the late 9th century. These areas offered rich arable land, enabling sustainable farming and the creation of longhouses and fortified villages to support growing communities."
Scenario: A Varangian warrior is assigned to guard the Byzantine emperor; how would he demonstrate loyalty?,"He would swear an oath of fealty, wear the emperor's gifts as symbols of honor, and fight fiercely in battles. Varangians were elite guards who balanced military service with political allegiance, often rising to high ranks through merit and loyalty."
Which Viking economic activity most significantly boosted trade between Scandinavia and Russia?,"The Varangian trade route, or 'Avar Route,' facilitated the exchange of furs, wax, and slaves for Byzantine goods. This network linked the Baltic to the Black Sea, enabling Viking merchants to dominate Eurasian trade for centuries."
How did Viking longships differ from the ships of the Kievan Rus' merchant fleet?,"Viking longships prioritized speed and shallow draft for raiding and coastal travel, while Rus' merchant ships were broader and sturdier, designed for carrying cargo and navigating inland rivers. Both used oak, but Rus' vessels had more storage space."
Scenario: A jarl seeks to consolidate power in a Viking settlement; which strategy would he employ?,"He would establish a hereditary ruling class, levy taxes on trade goods, and maintain a private army. Jarls governed through a mix of force and negotiation, balancing loyalty from warriors with economic control over key resources."
Which Viking group played the most critical role in shaping the economy of medieval Russia?,"The Varangians introduced advanced trade networks, coinage, and administrative systems. Their control over key trade routes enabled the rise of Kievan Rus' as a regional economic power, blending Scandinavian and Eastern influences."
How did Viking archaeological sites in Scotland differ from those in Norway?,"Viking sites in Scotland often featured hybrid designs blending Norse and local Pictish styles, while Norwegian sites emphasized longhouses and wooden structures. Scotland’s sites showed more communal burial practices, whereas Norway’s focused on individual graves with runic inscriptions."
Who was the first Viking king to rule in Scotland?,"Ragnvald mac Torf-Eidulf, a Norwegian jarl, founded the Kingdom of the Isles in the late 9th century, establishing Viking dominance over western Scotland through military conquest and strategic alliances."
What role did the Varangians play in the formation of the Kievan Rus' economy?,"Varangians facilitated trade between Scandinavia and Byzantium, introduced Eastern Orthodox Christianity, and controlled key trade routes, shaping Kievan Rus' political and economic structures through their military and mercantile influence."
How did the design of Viking longships facilitate their use in both raiding and trade?,"Longships’ shallow draft allowed coastal raids, while their length and cargo capacity enabled swift trade voyages. Reinforced hulls and flexible sails balanced speed and stability, making them versatile for both warfare and commerce."
What were the primary materials used in Viking longship construction in Russia?,"Pine, oak, and birch were dominant, with birch bark for cladding. Russian shipbuilders adapted to local resources, using fir for planking and ash for oar parts, ensuring durability in both Scandinavian and Eastern waters."
Where did Viking explorers first establish permanent settlements in the Western Atlantic?,"The Eastern Settlement in Greenland, established by Leif Erikson around 985 CE, marked the first permanent Viking presence in the Western Atlantic, facilitating trade with Native American communities."
What caused the Vikings to adopt three-field farming systems in southern Scandinavia?,"Soil depletion from continuous two-field agriculture led to the adoption of three-field systems by the 9th century, improving crop rotation and food surplus for expanding settlements."
What was the primary function of the Viking longhouse in a rural settlement?,"The longhouse served as a communal hall for gatherings, feasts, and governance, housing multiple families and featuring a central hearth for cooking and socializing."
What role did Ragnar Lothbrok's raids play in the unification of Denmark?,"His campaigns against the Danish kings strengthened the power of his son, Sigurd, who later consolidated control, leading to the formation of a centralized Danish kingdom by the late 9th century."
Where did Viking artisans create distinctive metalwork in France?,"Viking artisans in Normandy crafted intricate metalwork, including brooches and belt fittings, blending Scandinavian and local styles. These artifacts, found in sites like Mont-Saint-Michel, reveal cultural exchange and trade networks between Viking settlers and French regions during the 9th century."
What artifacts indicate Viking influence in England?,"Viking artifacts in England include the Jorvik Viking Centre's findings, such as the Great Heathen Army's siege tools, silver coins, and the Kensington Runestone. These items show trade, military activity, and cultural integration between Norse settlers and Anglo-Saxon society from the late 8th to 11th centuries."
When did Leif Erikson's voyages reach North America?,"Leif Erikson's voyages reached North America around 1000 CE, as recorded in the Saga of Erik the Red. His settlements in Vinland, near present-day Newfoundland, predate Columbus by nearly 500 years, marking the first known European presence in North America."
Where did Viking exploration extend beyond the North Atlantic?,"Viking exploration extended beyond the North Atlantic to the Mediterranean, where they reached the island of Sicily in 866 CE. This voyage, documented in the Arab geographer Al-Idrisi's works, demonstrates the Norse seafarers' navigational skills and far-reaching trade ambitions."
What artifacts suggest Viking presence in France?,"Viking artifacts in France include the Mont-Saint-Michel brooches and the Bayeux Tapestry's depictions of Viking ships. These items, dating to the 9th century, illustrate early Viking raids and subsequent trade networks between Scandinavia and Francia."
What caused Halfdan the White to initiate conflicts against the Hugleikings?,"Halfdan's raids on the Hugleikings' territories in the 870s stemmed from disputes over land and power in Denmark. His campaigns, documented in sagas, aimed to consolidate control over eastern Denmark, marking a pivotal step in the unification of Viking realms."
When did Harald Fairhair begin his conquest of the Orkney Islands?,"Harald Fairhair launched his campaigns against the Orkney Islands in the early 870s. These efforts, part of his broader campaign to unify Norway, culminated in the 875 peace treaty with Godred the Black, securing Norse dominance over the region."
What event marked the first recorded Christian conversion of a Viking ruler?,"Olaf Tryggvason's baptism in 995 marked the first documented conversion of a Viking king. He enforced Christianity in Norway, dismantling pagan rituals and promoting Christian practices, though resistance from traditionalists persisted until his death in 1000."
How did the conversion to Christianity affect Viking exploration patterns?,"Christianity's adoption in Scandinavia by the late 10th century shifted Viking exploration from pagan raiding to missionary endeavors. This transformation influenced the Norse presence in Greenland and the North Atlantic, blending religious and trade motivations."
What were the primary goods traded between Viking Scandinavia and the Byzantine Empire?,"Vikings traded furs, amber, slaves, and walrus ivory for luxury goods like silk, spices, and silver in Byzantine markets, fostering economic ties across the Baltic and Black Seas."
What motivated Viking exploration beyond the North Atlantic?,"Vikings sought new resources, trade routes, and land for settlement, driven by overpopulation, climate shifts, and the desire to expand their influence and wealth."
What role did Ivar the Boneless play in the conquest of East Anglia?,"Ivar led the Great Heathen Army's 865 invasion, capturing and ruling East Anglia after the death of its king, which weakened Anglo-Saxon defenses and enabled further Viking expansion."
What was the impact of Viking raids on Scottish monastic sites?,"Viking raids destroyed or looted monastic sites like Iona, disrupting Christian communities and prompting defensive alliances among Scottish rulers to repel Norse incursions."
What strategy did Harald Fairhair employ to consolidate power in Norway?,"Harald used military campaigns, alliances, and coercion to subdue rival jarls, centralizing authority and establishing a unified Norse kingdom by the early 10th century."
What design features made Viking longships superior for both trade and warfare?,"Viking longships featured overlapping planks, a shallow draft, and a single mast. Their flexible keel allowed navigation through rough seas, while the sail and oars provided speed and maneuverability. These features enabled long-distance trade and swift raids, distinguishing them from contemporary ships."
When did Viking Thing assemblies transition from local to regional governance?,"By the late 8th century, Viking Things evolved from local gatherings to regional councils. This shift allowed unified decision-making across larger territories, balancing autonomy with centralized authority to manage conflicts and resource distribution."
What role did Viking laws play in resolving disputes between free men?,"Viking laws, like the Ynglinga Law, mandated wergild compensation for injuries. Disputes were settled through trial by combat or fines, reflecting a blend of vengeance and justice. These laws standardized justice, reducing blood feuds and maintaining social order."
How did Viking farming techniques differ from those of Anglo-Saxon England?,"Vikings used three-field systems for crop rotation, while Anglo-Saxons relied on two-field methods. Vikings also practiced transhumance, moving livestock seasonally, and integrated livestock farming with arable land more intensively, boosting productivity."
What artifacts indicate Viking settlement in Normandy by the 9th century?,"Viking settlements in Normandy are evidenced by brooches, axes, and ceramics found in coastal areas. These items, similar to those in Scandinavia, suggest trade and permanent habitation. The Dives River region shows early Norse influence through burial mounds and agricultural tools."
Where was Cnut the Great's court located during his reign?,"Cnut the Great's court was centered in England, specifically at Winchester, which became the political and administrative hub of his North Sea empire, overseeing Denmark, Norway, and England."
Who led the Viking raid on Paris in 845?,"The Viking chieftain Hastein led the raid on Paris in 845, with Ubba as a key commander, who seized the city's treasures and demanded tribute from the Frankish king."
Where were Viking burial mounds typically found in France?,"Viking burial mounds, such as the hanging graves at La Trinité-sur-Mer, were found in Normandy and the Seine Valley, reflecting Viking presence and burial practices in the region."
Where were Viking settlements primarily located in Normandy?,"Viking settlements in Normandy were concentrated along rivers and coastlines, where they established trade hubs and defended against attacks, blending Scandinavian and Frankish cultural elements."
Why did Vikings target Scottish monastic sites in the 9th century?,"Vikings raided Scottish monasteries to seize valuable metalwork, manuscripts, and livestock. These sites, often isolated and rich in resources, provided spoils that funded further raids. Monasteries also symbolized Christian power, which Vikings sought to undermine through destruction."
Which Viking longship innovation enabled sustained exploration beyond the North Atlantic?,"The clinker-built hull, using overlapping wooden planks, provided flexibility and strength. This design allowed longships to navigate rough seas, shallow rivers, and even inland waterways, facilitating exploration of distant regions like the British Isles and Eastern Europe."
Which Scottish queen forged alliances to resist Viking invasions in the 9th century?,"Queen Æthelflæd of Mercia, though not Scottish, allied with Scottish kings to repel Viking raids. Her strategic use of fortified towns and coordinated military efforts weakened Viking control in the British Isles, exemplifying female leadership in Viking-era politics."
How did Viking settlements in the Western Isles of Scotland differ from those in Norway?,"Western Scottish settlements were often coastal and focused on fishing and trade, while Norwegian settlements emphasized agriculture. Scots adapted to local resources, building wooden longhouses, whereas Norwegians developed more permanent stone structures."
Why did Viking settlements in Scotland persist despite frequent raids?,"Viking settlements thrived due to strategic locations along trade routes and fertile lands. They integrated into local economies, adopting Scottish farming techniques and intermarrying with native elites. This fusion ensured long-term stability, contrasting with transient raiding patterns."
Where did the conversion to Christianity begin among Viking territories?,"The conversion to Christianity started in the East Norse regions, including Sweden and parts of Denmark, due to their proximity to Christianized Europe. These areas adopted Christianity earlier than the West Norse, influenced by Frankish and Byzantine contacts, while the North Norse remained largely pagan until later centuries."
How did Viking settlements in France adapt to local agriculture?,"Viking settlers in France integrated into local farming practices by cultivating cereals and grapes, using heavy plows, and adopting Norman agricultural techniques. They maintained Norse traditions in livestock management but adapted to the region's climate and soil, blending Old Norse and Frankish methods."
Which Scottish sites reveal Viking metalworking evidence?,"Viking metalworking is evidenced at sites like the Orkney Islands' Skara Brae (late Neolithic) and the 9th-century Upperton site, where iron tools and Scandinavian-style metal artifacts were found. These locations show Vikings' expertise in crafting weapons and tools, blending local and Norse traditions."
Where were Viking burial mounds discovered in France?,"Viking burial mounds in France were found in the Somme Valley and Pays de Caux, such as the 9th-century mound at Vouneuil-sur-Mer. These sites, often containing grave goods like swords and brooches, indicate Viking presence and cultural practices in Normandy during the 9th century."
Where did Harald Hardrada's forces concentrate before the Battle of Stamford Bridge?,"Harald Hardrada's army gathered at Tadcaster in Yorkshire, consolidating troops from Norway and Denmark. This strategic location allowed swift movement to Tewkesbury, where he launched a surprise attack on the English king's forces."
How did Ubba's leadership influence the Great Heathen Army's campaigns?,"Ubba, a key leader in the Great Heathen Army, orchestrated raids across eastern England, targeting monasteries and towns. His aggressive tactics weakened Anglo-Saxon defenses, enabling the Vikings to dominate York by 866."
Where were Viking longhouses typically located in daily life?,"Viking longhouses were central to settlements, often positioned near water sources for trade and defense. They were communal spaces for gatherings, crafts, and meals, with separate areas for livestock and storage."
How did Viking battle tactics differ from Anglo-Saxon warfare?,"Vikings prioritized mobility and surprise, using shield walls and feigned retreats to disrupt enemies. Anglo-Saxons relied on fortified villages and coordinated counterattacks, reflecting distinct cultural approaches to combat."
How did Halfdan the White's leadership shape Viking expansion in the British Isles?,"Halfdan the White centralized power in East Anglia, securing alliances and resources to launch raids. His strategies enabled sustained Viking control over English territories, blending military dominance with political integration, which facilitated broader Norse influence across the region."
Where were Viking trade hubs located along the North Sea and Baltic regions?,"Viking trade hubs like Hedeby (in present-day Germany) and Birka (Sweden) thrived at crossroads of the North Sea and Baltic. These sites featured markets for goods such as amber, walrus ivory, and silver, reflecting their role as key nodes in a vast trade network."
Why were Viking swords designed with a cruciform hilt?,"The cruciform hilt provided balance and control during combat, allowing rapid strikes. Its distinctive cross-shaped guard also symbolized Norse cultural identity, distinguishing Viking swords from other contemporary designs."
How did Viking lawcodes address disputes between freemen and thralls?,"Viking lawcodes imposed harsher penalties on freemen for harming thralls, reflecting social hierarchies. Freemen faced fines or corporal punishment, while thralls could be killed with less consequence, underscoring the legal codification of class divisions."
What artifacts indicate Viking metalworking techniques in Scandinavia?,"Viking metalwork artifacts, such as the Gjermundbu sword and iron tools, reveal advanced smelting and forging methods. These items, found in Scandinavia, showcase precision in crafting weapons and everyday implements, highlighting their metallurgical expertise."
How did Ivar the Boneless coordinate his campaigns across multiple regions?,"Ivar the Boneless orchestrated campaigns by uniting Viking leaders under a single command, leveraging diplomacy and rapid military strikes. He focused on destabilizing enemy defenses, using his fleet to move swiftly between targets, and exploiting internal conflicts to maximize conquests in East Anglia, Northumbria, and Mercia."
How did the Varangian Guard differ from Viking raiding tactics?,"The Varangian Guard was an elite, loyal force for the Byzantine Empire, trained in disciplined combat and cavalry. Unlike Viking raids, which prioritized speed and surprise, Varangians engaged in prolonged campaigns, using siege weapons and forming structured battle formations."
Where were Viking runes primarily inscribed on everyday objects?,"Runes were etched on runestones, weapons, tools, and shields. Notable examples include the Jelling stones in Denmark and the Oseberg ship. These inscriptions recorded genealogies, legal texts, and memorials, reflecting both practical and symbolic uses."
How did Jarls maintain authority over Viking settlements?,"Jarls held hereditary power over chieftaincies, overseeing military, economic, and judicial affairs. They controlled trade routes, distributed resources, and mediated disputes. Their legitimacy relied on lineage, military strength, and alliances, ensuring stability in Viking communities."
When did Ivar the Boneless lead his final campaign against the Anglo-Saxon kingdoms?,"Ivar the Boneless launched his last major campaign in 873, targeting York after the death of his brother Halfdan. This marked the end of the Great Heathen Army's conquests in England, as Viking forces retreated or integrated into local societies."
What role did Cnut the Great play in establishing Viking dominance in eastern England?,"Cnut the Great secured Viking supremacy in eastern England by defeating the last Anglo-Saxon ruler, Edmund Ironside, in 1016. He established a centralized Norse kingdom, blending Viking and Anglo-Saxon traditions to stabilize the region."
When did Viking settlers begin establishing permanent communities in Scotland's Western Isles?,"Viking settlers established permanent communities in Scotland's Western Isles by the late 8th century, driven by trade and conquest. These settlements merged with indigenous Picts and later formed the basis of the Kingdom of the Isles under Norse rule."
What was the significance of Normandy's transition from Viking territory to ducal rule?,"Normandy became a duchy in 911 when Rollo, a Viking leader, swore fealty to the French king. This transition integrated Viking settlers into Frankish politics, laying the foundation for Normandy's future role in European power dynamics."
When did the Varangian Rus' establish trade routes connecting Scandinavia to Byzantium?,"The Varangian Rus' established key trade routes by the late 9th century, linking Scandinavian regions to Byzantine markets. These routes facilitated the exchange of furs, wax, and slaves, shaping the economic and cultural foundations of Kievan Rus'."
What role did the Conversion of King Olaf II of Norway play in Viking Age Christianity?,"The Conversion of King Olaf II of Norway in 1016 marked a pivotal shift toward Christianity in Scandinavia. His efforts to unify Norway under Christian rule influenced the region's religious landscape, though pagan practices persisted in rural areas. This transition laid groundwork for later Christianization of the Viking world, blending Norse traditions with emerging Christian doctrines."
Which voyage marked Erik the Red's first expedition to Greenland?,"Erik the Red's 982 voyage to Greenland, documented in the Saga of Erik the Red, was driven by exile from Iceland. He sailed westward, establishing the Eastern and Western Settlements. This journey, based on navigational knowledge and oral traditions, expanded Viking exploration beyond known waters and laid the foundation for Norse presence in the New World."
What design feature of Viking longships enabled their exploration of distant lands?,"Viking longships featured a shallow draft and a square sail, allowing navigation in both open seas and coastal waters. This design facilitated rapid travel across the North Sea, Baltic, and even transatlantic voyages. The ship's flexibility enabled raiding, trade, and settlement in diverse environments, crucial for Viking expansion."
What historical interpretation explains the Dukes of Normandy's Norse heritage?,"The Dukes of Normandy's Norse heritage is interpreted as stemming from Viking settlers who established the Duchy of Normandy in the 9th century. Their leadership, rooted in Viking chieftainship, blended Norse customs with Frankish governance. This hybrid culture enabled their eventual rise to power, including the Norman Conquest of England in 1066."
Where was Ubba's final battle recorded in historical sources?,"Ubba's final recorded battle was at the Battle of St. Albans in 871, where he was killed, marking a significant defeat for the Great Heathen Army."
Who led the Viking raid on Lindisfarne in 793 AD?,"The 793 AD Lindisfarne raid was led by a coalition of Viking warriors, though no single leader is definitively recorded."
"Scenario: During a Viking raid, what role did the Norse gods play in the warriors' mindset?","Norse gods like Odin and Thor were invoked for divine favor, with warriors believing their blessings could influence battle outcomes. This belief reinforced combat morale and guided strategic decisions during raids."
Where were Viking swords typically stored on their longships?,"Viking swords were stored in the prow area of longships, secured in leather sheaths. Some had decorative hilts and pommels, often featuring intricate carvings and metalwork."
What caused the spread of Norse artifacts in Eastern Europe?,"The expansion of Viking trade networks and settlements in the 9th century facilitated the exchange of goods like silver, amber, and iron tools. These artifacts reflect cultural interactions between Scandinavia and regions as far as the Black Sea, driven by commerce and diplomatic ties rather than conquest."
How did Viking queens influence political alliances?,"Viking queens, such as Astrid of Sweden, mediated marriages and treaties to secure loyalty among rival clans and foreign rulers. Their roles in diplomacy underscored the Viking Age's emphasis on strategic marriages and alliances to consolidate power and expand influence across Europe."
Where were Varangian Guard barracks located in Constantinople?,"The Varangian Guard barracks were situated in the Mese district of Constantinople, near the Great Palace. This strategic location allowed rapid deployment to defend the city, while proximity to the imperial court reinforced their loyalty and integration into Byzantine military and political structures."
What daily practice reflected Viking Age craftsmanship in tool-making?,"Vikings forged iron tools using bloomery techniques, creating durable axes, plows, and sickles. These tools, often tempered for strength, were essential for agriculture and woodworking, showcasing their advanced metalworking skills and adaptation to diverse environments."
How did Viking settlers shape Normandy's early agricultural systems?,"Viking settlers introduced advanced farming techniques, such as three-field crop rotation and improved plowing tools, which boosted productivity. These innovations, combined with local practices, transformed Normandy's landscape and laid the foundation for its economic growth in the late 9th century."
Why were Thing Assemblies essential to Viking governance?,"Thing Assemblies provided a structured forum for lawmaking, dispute resolution, and collective decision-making in Viking societies. They ensured communal participation in governance, upheld legal codes, and maintained social order, blending political authority with communal consensus to sustain Viking settlements and trade networks."
Who was the primary leader of Viking Age raids in France?,"Rollo, a Norse chieftain, led major Viking raids on France's northern coast in the late 9th century. His 880s campaigns, including the 911 Treaty of Saint-Clair-sur-Epte, established Normandy as a Viking settlement, marking a transition from raiding to political dominance in the region."
What role did Ivar the Boneless play in Viking history?,"Ivar the Boneless was a Viking leader who orchestrated the 865 Great Army's campaigns against England. His strategic alliances and military tactics weakened Anglo-Saxon kingdoms, enabling Viking control over parts of East Anglia. His legacy as a unifying figure in Viking expansion remains central to the Viking Age's historical narrative."
How did Harald Hardrada prepare for his 1066 invasion of England?,"Harald Hardrada assembled a large fleet and secured alliances with northern English nobles. He aimed to claim the English throne by challenging William of Normandy. His campaign included a rapid march south, culminating in the Battle of Stamford Bridge, where he defeated the English but was killed, ending his conquest attempt."
Who was the first Norwegian king to unify the country under a single rule?,"Harald Fairhair, also known as Harald I, became the first Norwegian king around 872. He consolidated power by defeating rival chieftains, establishing a centralized monarchy. His reign marked the end of the fragmented Viking Age Norse society and the beginning of a unified Norwegian kingdom."
What was the outcome of the 1066 Battle of Hastings?,"The Battle of Hastings saw Harold II of England defeated by William of Normandy. Harold was killed, leading to Norman control of England. This marked the end of Viking influence in England and initiated the Norman Conquest, reshaping English society and language."
Why did Halfdan the White establish a stronghold in eastern Norway?,"Halfdan the White fortified eastern Norway to control trade routes and assert dominance over rival clans, securing resources and expanding his influence during the 9th-century Viking expansion."
How did Viking longships enable exploration of distant lands?,"Viking longships featured shallow drafts, flexible hulls, and square sails, allowing them to navigate rivers, coastal waters, and open seas, facilitating raids and settlements across Europe and beyond."
How did Viking farming practices sustain their settlements?,"Vikings used crop rotation, fertilized soil with manure, and built raised fields to prevent erosion, ensuring food security in both fertile and arid regions of their settlements."
Scenario: How did Viking raiders adapt to English coastal defenses in 865?,"Viking raiders used stealthy night attacks, feigned retreats, and targeted weak points in English defenses, overwhelming local forces with superior mobility and coordination."
Which Viking leader is credited with unifying Norway under a single kingdom?,"Harald Fairhair, through military campaigns in the 9th century, consolidated power by defeating rival jarls, establishing the first Norwegian kingdom."
Cause-effect: How did the establishment of the Danelaw impact Viking settlements in England?,"The Danelaw provided a stable region for trade and governance, encouraging long-term settlement and blending Norse and Anglo-Saxon cultural practices."
"Scenario: If a Viking merchant in the 9th century sought to trade with Byzantium, which route would he most likely take?","The Volga trade route, connecting the Baltic to the Black Sea via rivers and land, allowed access to Constantinople's markets through intermediary Norse and Slavic traders."
Cause-effect: Why did Viking longships enable the expansion of Norse settlements in the British Isles?,"Their shallow draft and speed allowed access to coastal areas, facilitating raids and eventual settlement by enabling transport of goods and people across vast distances."
Which Viking Age practice best reflects the integration of Norse and local cultures in settlements?,"The adoption of local agricultural techniques while maintaining Norse social structures, such as the Thing assemblies, created hybrid communities in regions like Normandy and the Danelaw."
What caused Leif Erikson to explore Greenland and Vinland?,"Leif Erikson's voyages were driven by Norse curiosity and the search for new lands after his father, Erik the Red, was banished from Iceland. His 10th-century expeditions reached Greenland and Vinland, marking the first known Norse contact with North America, though settlements were short-lived due to environmental challenges."
Scenario: How did Ivar the Boneless outmaneuver English defenses in 865?,"Ivar the Boneless coordinated a massive Viking force, using hit-and-run tactics and psychological warfare. By overwhelming local defenses with surprise raids and exploiting internal divisions, he secured key territories, demonstrating strategic brilliance that enabled the Great Heathen Army's dominance in England."
What daily practice reflected Viking Age religious devotion?,"Vikings performed regular sacrifices to Norse gods like Odin and Thor, often at sacred sites like Uppsala. These rituals, involving animals and sometimes humans, aimed to secure divine favor. Later, Christian practices replaced these, as seen in the conversion of Scandinavian rulers like Olaf Trygvesson."
Cause-effect: How did Halfdan the White's reign impact Viking expansion?,"Halfdan the White's unification of eastern Norway under a single kingdom (c. 870s) centralized power, enabling coordinated raids and settlements. His rule facilitated the establishment of the Kingdom of Norway, strengthening Viking influence in the North Sea and beyond."
What role did Viking Age religion play in shaping legal systems?,"Norse pagan beliefs influenced Viking law through concepts like wyrd (fate) and honor. Legal codes like the Ting Law emphasized communal justice and blood feuds. Christianization later replaced these with ecclesiastical courts, altering societal values and governance structures."
Where did Viking farmers primarily reside during the summer months?,"Viking farmers lived in longhouses near coastal areas or rivers, where fertile land and access to trade routes supported their agricultural and maritime activities."
How did Cnut the Great consolidate power in England after the Battle of Stamford Bridge?,"Cnut secured his rule by defeating the Anglo-Saxon king Edmund Ironside, forging alliances with local nobles, and establishing a centralized administration in London."
What was the significance of the Treaty of Stiklestad in Viking history?,"The 1030 battle and subsequent death of King Olaf II marked a turning point, leading to the unification of Norway under a centralized monarchy and Christian rule."
Where did Viking settlers establish their first permanent colony in Ireland?,"Viking settlers founded Dublin in the 9th century, securing control over the region under the Uí Néill clan. The Hill of Tara became a strategic stronghold, marking Ireland's first Viking settlement and a key hub for trade and governance."
How do Viking artifacts in Ireland differ from those in England?,"Irish Viking artifacts, like the Tara Hoard, feature intricate metalwork and Christian iconography, reflecting cultural fusion. English finds, such as the Mounds of Tintern, emphasize Norse craftsmanship with fewer Christian influences, highlighting regional adaptation and trade networks."
Scenario: How did Viking traders adapt to the harsh climate of the Kievan Rus' during winter trade?,"Vikings built insulated wooden lodges and used animal skins for warmth, relying on seasonal trade routes. They stored food and used sleds for transport, optimizing their strategies to endure the cold and sustain economic ties with local Slavic communities."
How do Viking swords compare to those of the Anglo-Saxons?,"Viking swords were double-edged, lightweight, and ideal for combat, while Anglo-Saxon swords were single-edged, heavier, and suited for thrusting. Viking designs emphasized versatility, whereas Anglo-Saxon weapons reflected their infantry-focused warfare."
Scenario: How did Viking raiders overcome the Scottish coastal defenses in 839?,"Viking raiders used their longships' maneuverability to navigate shallow waters, bypassing fortified sites. They launched surprise attacks at dawn, leveraging their superior mobility and mobility to outflank defenses, then retreated under cover of darkness, minimizing casualties."
What role did Viking longships play in establishing trade routes between Norway and Ireland?,"Viking longships enabled swift, flexible voyages across the North Sea and Atlantic. Their shallow draft allowed access to river mouths and coastal settlements, facilitating trade in goods like silver, furs, and slaves, and fostering cultural exchanges between Norse and Irish communities."
Scenario: How did Viking settlers integrate with local Irish society in Dublin?,"Viking settlers intermarried with local Irish families, adopted Gaelic customs, and merged Norse and Irish legal systems. They established Dublin as a bilingual, multicultural hub, blending Scandinavian governance with Irish traditions while maintaining Norse military dominance."
What design features of Viking longships enabled their dominance in the North Sea?,"Longships had shallow drafts for river travel, flexible wooden hulls for speed, and a single sail for wind-powered movement. Their light construction and maneuverability allowed rapid raids and trade, outpacing heavier medieval ships in coastal and open-sea navigation."
Scenario: How did Viking longships facilitate the establishment of permanent settlements in the Danelaw?,"Longships allowed Vikings to transport settlers, livestock, and building materials along rivers like the Humber. Their versatility enabled rapid colonization of fertile lowlands, where settlements blended Norse and Anglo-Saxon agricultural practices, creating stable, long-term communities."
What design feature of Viking longships allowed them to navigate both open seas and rivers?,"Viking longships featured a shallow draft and flexible hull, enabling them to traverse both open waters and shallow rivers. Their clinker-built construction and single mast with square sails optimized speed and maneuverability, crucial for raiding, trading, and exploring distant regions."
How do Viking trade networks in the British Isles compare to those in the Frankish Empire?,"Viking trade networks in the British Isles prioritized coastal and riverine routes, linking Scandinavia to monasteries and markets. In contrast, Frankish networks focused on inland rivers like the Rhine, emphasizing land-based commerce and feudal exchanges, reflecting differing geographical and political contexts."
Why did Viking raids on England intensify during the 9th century compared to earlier periods?,"The 9th century saw intensified Viking raids due to population growth, resource competition in Scandinavia, and the success of earlier raids. The establishment of the Danelaw and strategic alliances with English factions further enabled sustained pressure on Anglo-Saxon kingdoms."
What role did Viking Age archaeology play in understanding the integration of Norse and local cultures in settlements?,"Archaeology revealed hybrid settlements with Norse longhouses and local architectural elements, such as Irish stone foundations in Dublin. Artifacts like runestones and Christianized grave goods indicate cultural syncretism, showing Viking communities adopted and adapted local practices."
How do Viking swords compare to those of the Anglo-Saxons in design and function?,"Viking swords featured fuller grooves for flexibility and a double-edged design for both cutting and thrusting, contrasting with Anglo-Saxon swords, which were heavier and more suited for thrusting. Viking blades often retained their edge longer, reflecting different combat styles and metallurgical techniques."
What materials were primarily used in constructing Viking longships?,"Viking longships were built using oak, pine, and other durable woods, reinforced with iron nails. These materials provided strength and flexibility, essential for navigating both open seas and rivers. The hulls were crafted with overlapping planks (clinker-built) to enhance structural integrity and speed. This design allowed longships to travel vast distances, facilitating trade, raids, and exploration across the North Atlantic."
Which Viking leader is associated with the establishment of the Danelaw?,"Halfdan the White is linked to the Danelaw's formation in East Anglia. His military campaigns in the late 9th century secured Danish control over the region, leading to the creation of a semi-autonomous Norse settlement. This marked a shift from raiding to permanent colonization, integrating Viking culture with Anglo-Saxon society in the English Midlands."
How did Viking daily life in the Danelaw differ from that in Norway?,"In the Danelaw, Viking settlers adapted to English agricultural practices, cultivating crops like barley and wheat, while in Norway, they focused on pastoralism and fishing. Social structures also diverged: the Danelaw saw blended communities, whereas Norway maintained more traditional Norse hierarchies. These differences reflected the integration of Norse and Anglo-Saxon economies and cultures."
What role did the Viking Age's conversion to Christianity play in the development of the North Sea trade?,"Conversion to Christianity facilitated diplomatic ties with Christian kingdoms, easing trade agreements and access to markets. Missionaries like the Anglo-Saxon Cuthbert and Norse rulers like Olaf Trygvisson promoted religious and commercial networks, linking Scandinavia to the Frankish Empire. This integration boosted the North Sea's role as a hub for goods and ideas."
Which Viking ruler's conversion to Christianity is linked to the establishment of the Archbishopric of Bremen?,"Harald Bluetooth, the Danish king, is associated with the Archbishopric of Bremen's founding in the early 10th century. His Christianization efforts, supported by the Church, strengthened ties with the Holy Roman Empire. This shift not only transformed Scandinavian religious practices but also expanded Viking influence through ecclesiastical and trade networks in the North Sea region."
Which Viking leader's campaigns in England led to the establishment of the Danelaw?,"Ubba, leader of the Great Summer Army, secured northern England after the 866 Battle of York, enabling Viking settlements that formed the Danelaw by 879. This marked a shift from raiding to permanent colonization."
Scenario: How did Viking settlers in England adapt to local agricultural practices in the 9th century?,"Vikings adopted English crop rotation systems and iron plows, integrating into the agrarian economy. They also built longhouses and used local timber, blending Norse and Anglo-Saxon farming techniques."
Cause-effect: How did the Varangian Guard's presence in Byzantium influence Viking interactions with France?,"Varangians' service in the Byzantine Empire exposed Vikings to Eastern trade networks, later enabling their 9th-century raids on France. This fostered alliances and facilitated the Norse-Norman transition in Normandy."
Which Viking group played a key role in the political fragmentation of France during the 9th century?,"The Norse settlers in Normandy, led by Rollo, destabilized Frankish control by establishing semi-autonomous duchies. Their raids and raids on the Frankish coast weakened central authority in the 9th century."
Scenario: What challenges did Viking traders face when establishing long-distance trade routes between France and the Varangian territories?,"Vikings navigated the North Sea and Baltic, facing storms, piracy, and political tensions. They relied on seasonal sailing and alliances to secure safe passage, linking French markets with Eastern trade hubs."
Which Viking archaeological site best illustrates the fusion of Norse and Anglo-Saxon craftsmanship in the 9th century?,"The Jorvik Viking Centre in York reveals hybrid artifacts, blending Scandinavian metalwork with Anglo-Saxon pottery. Excavations show trade networks and cultural exchange, highlighting adaptation rather than conquest in settlement patterns."
How do the sagas of Ragnar Lothbrok contrast with archaeological evidence of 8th-century Viking activities?,"Sagas portray Ragnar as a legendary raider, while archaeological finds like the Oseberg ship (c. 820) focus on trade and exploration. Limited burial sites suggest his historical existence, but his mythical status overshadows factual records."
Which Varangian Guard function differed significantly from other Viking groups in the 10th century?,"The Varangians were strictly Byzantine mercenaries, serving as elite bodyguards. Unlike raiders, they were integrated into the empire’s military structure, adopting Greek Orthodox Christianity and gaining political influence."
How did Queen Astrid of Sweden’s reign compare to that of other Viking Age female rulers?,"Astrid’s leadership in Sweden focused on consolidating power through alliances and military strategy, unlike the more publicly active queens like Lagertha. Her legacy is preserved in fragmented sagas, emphasizing political acumen over warfare."
"What distinct administrative strategies did Halfdan the Black employ compared to his father, Ivar the Boneless?","Halfdan prioritized governance over raids, establishing the Danelaw through legal frameworks and alliances. Ivar’s tactics relied on conquest, while Halfdan’s approach stabilized Viking settlements in England through structured rule."
Scenario: How might a Viking use runes to mark a ship for identification?,"Vikings inscribed runes on ships for ownership, navigation, or ritual purposes, using symbols like the 'o' for protection and the 't' for travel."
Where was Harald Fairhair's final battle fought?,"Harald Fairhair died at the Battle of Haugating in 934, marking the end of his reign as Norway's first recorded king."
Why did Leif Erikson explore Greenland and Vinland beyond the known Norse world?,"Leif Erikson sought new resources and trade routes after Greenland's resources diminished. His voyage to Vinland, documented in the Saga of Erik the Red, aimed to establish settlements and expand Norse influence, marking the first European contact with North America around 1000 CE."
Cause-effect: How did Viking raids on Scotland in the 9th century shape the region's political landscape?,"Repeated raids weakened Scottish kingdoms, prompting alliances with Norse settlers. This led to the formation of the Kingdom of the Isles, blending Gaelic and Viking governance, and establishing permanent Norse presence in the Hebrides and Orkney Islands by the late 9th century."
Comparison: How did Viking laws differ from Anglo-Saxon legal systems in the Danelaw?,"Viking laws, like the *Laws of the Land*, emphasized fines over corporal punishment and prioritized communal justice. Anglo-Saxon systems, such as the *Laws of Ine*, focused on restitution and hierarchical adjudication, reflecting distinct cultural values in the Danelaw region."
Why did the Battle of Stamford Bridge (1066) have a greater impact than the Battle of Hastings?,"Stamford Bridge killed Harald Hardrada, the Norwegian king, crippling Viking ambitions in England. This immediate loss contrasted with Hastings, where Harold Godwinson's death later triggered Norman rule, making Stamford Bridge more decisive for Viking influence."
How do Viking Age artifacts reveal the fusion of Norse and local cultures in Scotland?,"Scandinavian pottery, metalwork, and jewelry found in Scotland show hybrid styles, blending Norse and Pictish motifs. These artifacts, like the Pictish stones with Viking inscriptions, demonstrate cultural exchange and integration in Viking-influenced Scottish settlements."
Which Viking group established the first permanent settlements in Ireland during the 8th century?,"The Uí Néill clan, led by the Norse-Gaelic ruler Amlaíb mac Echach, established the first permanent Viking settlements in Ireland around 800 CE. These settlements, like the one at Dingle Bay, blended Norse and Gaelic traditions, marking the beginning of sustained Norse influence in the region."
Comparison: How did Viking longships differ from Irish curraghs in design and function?,"Viking longships featured shallow drafts, square sails, and symmetric designs for open-sea travel and warfare, while Irish curraghs were smaller, deeper, and suited for coastal raids. Longships enabled rapid raids and trade across the North Sea, whereas curraghs were ideal for swift, localized attacks along the Irish coast."
Cause-effect: How did Ivar the Boneless' tactics influence Viking raids in England?,"Ivar the Boneless' use of mobility and deception, such as the 865 Great Army's feigned retreat, allowed Vikings to bypass fortified towns. This strategy forced Anglo-Saxon leaders to form alliances, accelerating the establishment of the Danelaw and reshaping English political fragmentation."
Which Viking leader's campaigns in Scotland led to the establishment of the Kingdom of the Isles?,"Ragnvald Loðbrók's 9th-century raids on the western isles and southern Scotland laid the foundation for the Kingdom of the Isles. His campaigns integrated Norse and Gaelic power structures, creating a maritime empire centered on raiding and trade across the North Atlantic."
How did Viking longships enable the spread of Norse influence across the North Sea?,"Viking longships featured shallow drafts, flexible hulls, and efficient sails, allowing swift travel between Scandinavia, Britain, and continental Europe. These vessels facilitated trade, raids, and colonization, enabling Norse warriors and merchants to reach distant territories like France, Ireland, and the Byzantine Empire, spreading cultural and linguistic impacts across the medieval world."
What role did the Danelaw play in shaping Viking Age Norse society in England?,"The Danelaw, a region under Viking control in eastern England, integrated Norse and Anglo-Saxon legal systems, languages, and customs. It fostered a hybrid culture where Viking settlers adopted Anglo-Saxon agricultural practices while maintaining Norse governance, creating a unique societal structure that influenced English medieval development."
Scenario: How might a Viking archaeologist interpret the layout of a 9th-century longhouse site?,"A Viking archaeologist would analyze the longhouse's rectangular shape, central hearth, and storage areas to infer domestic life. Postholes and timber remains would suggest construction techniques, while artifacts like tools, weapons, and pottery would reveal daily activities, trade connections, and social hierarchies within the community."
What administrative reforms did Cnut the Great implement to unify his North Sea Empire?,"Cnut established a centralized bureaucracy, appointed loyal officials, and standardized laws across Denmark, Norway, and England. He promoted religious tolerance, maintained a strong navy, and ensured tax collection through local leaders, creating a cohesive political framework that stabilized his vast empire and fostered economic integration."
How did Halfdan the White's raids on the Byzantine Empire influence 9th-century Scandinavian trade networks?,"Halfdan's raids disrupted Byzantine trade routes, prompting increased naval defenses. This forced Norse traders to seek alternative routes, fostering closer ties with the eastern Mediterranean and boosting commerce with the Abbasid Caliphate. His campaigns also showcased Viking naval superiority, enhancing their reputation as formidable seafarers."
Why did Cnut the Great prioritize administrative reforms in England over military expansion?,"Cnut focused on stabilizing England through legal reforms, such as standardizing laws and court procedures, to secure his throne. By integrating Anglo-Saxon and Norse governance, he minimized rebellion risks. This pragmatic approach ensured long-term control, contrasting with his military campaigns in Denmark and Norway, which required continuous force."
How did Viking runic inscriptions serve as a tool for cultural identity in the 9th century?,"Runes preserved Norse language and traditions, acting as a cultural marker. They recorded genealogies, legal codes, and memorials, reinforcing communal identity. Their widespread use across Scandinavia and settlements like York demonstrated a shared linguistic and cultural heritage, despite political fragmentation."
What historical interpretation explains the decline of Viking longship construction in the 11th century?,"The decline of longships coincided with the rise of centralized kingdoms and feudal structures. As Viking societies transitioned to land-based power, shipbuilding shifted to smaller vessels. This change reflects the end of the Viking Age's exploratory phase and the shift toward agrarian economies in Scandinavia."
How did Viking daily life in coastal vs. inland communities differ in resource management?,"Coastal Vikings relied on fishing, trade, and shipbuilding, while inland communities focused on farming, livestock, and ironworking. Coastal dwellers had access to maritime resources, whereas inlanders managed forests and arable land. These differences shaped settlement patterns, with coastal towns thriving on trade and inland villages on self-sufficiency."
When did the Viking economy shift from raiding to sustained trade with Byzantium?,"By the late 9th century, Viking economies transitioned from raiding to sustained trade with Byzantium, driven by demand for luxury goods. Norse merchants established permanent trading posts, exchanging silver, furs, and slaves for silk, spices, and glassware. This shift integrated Scandinavia into Eurasian trade networks, fostering economic stability and cultural exchange."
What role did the Norse god Thor play in Viking economic practices?,"Thor, god of thunder and protection, was venerated in Viking trade to ensure safe journeys and favorable weather. Merchants invoked his hammer, Mjölnir, for protection against storms and piracy. Temples dedicated to Thor were common in trading hubs, reflecting his role in legitimizing commercial ventures through religious association."
Scenario: How might a Viking trader resolve a dispute over wool shipments in 950 CE?,"A Viking trader might resolve a dispute by appealing to local law-speakers or using arbitration. If unresolved, they could invoke the blood eagle ritual as a deterrent, though this was reserved for severe breaches. Alternatively, they might settle via compensation or reparation, reflecting Norse legal codes that balanced justice with community harmony."
Cause-effect: How did Leif Erikson's Vinland settlements influence Norse exploration?,"Leif Erikson's Vinland settlements in Newfoundland (c. 1000 CE) demonstrated Norse capability to settle beyond the North Atlantic. This inspired later Norse expeditions and reinforced maritime prowess, though the settlements were abandoned due to harsh conditions. It showcased the Vikings' adaptability and expanded their geographic awareness."
When did Harald Hardrada's invasion of England precipitate the Battle of Stamford Bridge?,"Harald Hardrada's invasion of England began in September 1066, leading to the Battle of Stamford Bridge on September 25. His forces clashed with the English army of Harold Godwinson, resulting in Harald's death. This event weakened Viking ambitions in England and accelerated the Norman conquest, reshaping Anglo-Saxon and Scandinavian power dynamics."
When did Viking exploration reach the Faroe Islands?,"Viking exploration reached the Faroe Islands around 800 CE. Norse settlers established permanent settlements by the late 9th century, using the islands as a strategic base for raiding and trade across the North Atlantic. The islands' natural resources and proximity to Iceland and Norway facilitated their integration into Viking networks."
Where did Cnut the Great establish his administrative center in England?,"Cnut the Great established his administrative center in London, solidifying his control over England. The city became a hub for governance, taxation, and military coordination, reflecting his efforts to unify the realm under a centralized system aligned with Danish and Norse traditions."
When did Viking weapon technology evolve to include composite bows?,"Viking weapon technology incorporated composite bows by the late 9th century. These bows, crafted from layered materials, enhanced accuracy and power, enabling Vikings to adapt to diverse combat scenarios and expand their military effectiveness in both raids and warfare."
Who was the first Viking missionary to convert the Anglo-Saxons to Christianity?,"Hedwig, a Viking missionary from the Isle of Sheppey, was the first to convert Anglo-Saxons to Christianity. Active in the late 9th century, he established a missionary network in East Anglia, influencing the gradual Christianization of Viking-occupied territories in England."
Where did the Vikings establish their first permanent settlements in Scotland?,"The Vikings established their first permanent settlements in Scotland's Orkney Islands by the 8th century. These settlements, such as the town of Kirkwall, became centers for trade, agriculture, and cultural fusion, laying the foundation for the Kingdom of the Isles under later Norse rulers."
How did the conversion to Christianity in Scandinavia differ between Denmark and Norway during the 11th century?,"Denmark's conversion to Christianity accelerated under Cnut the Great in the 11th century, while Norway maintained pagan practices until Olaf Haraldsson's reign (1015–1028), reflecting regional administrative and cultural differences."
Which Viking leader's 1066 campaigns in England directly influenced the Battle of Hastings?,"Harald Hardrada's 1066 invasion of England aimed to reclaim the throne, culminating in his decisive defeat at Stamford Bridge, which indirectly enabled William of Normandy's subsequent conquest at Hastings."
How did Viking trade networks in the 9th century integrate Scandinavian resources with Byzantine markets?,"Viking trade networks in the 9th century integrated Scandinavian timber, metals, and furs with Byzantine silk, spices, and ceramics, fostering economic interdependence across the North Sea and Black Sea regions."
Comparison: How did Viking trade with the Byzantine Empire differ from their interactions with the Frankish Empire in the 9th century?,"Viking trade with the Byzantine Empire focused on luxury goods and silver, whereas interactions with the Frankish Empire centered on wool, livestock, and metalwork, reflecting distinct economic priorities and resource availability."
Which Norse saga most prominently features Ragnar Lothbrok's legendary exploits and their impact on Viking Age heroism?,"The Saga of Ragnar Lothbrok, recorded in the 13th-century Heimskringla, immortalized his legendary exploits, shaping Viking Age identity through tales of exploration, warfare, and divine favor."
Scenario: A Varangian guard in Constantinople discovers a plot to assassinate the Emperor. How might he navigate loyalty to his Norse roots and Byzantine service?,"The Varangian guard would prioritize imperial loyalty, as their oath bound them to Byzantine service. They might report the plot to the Emperor, leveraging their Norse reputation for bravery to ensure credibility. Internal dissent was rare, as Varangians were integrated into the military elite, balancing Nordic identity with imperial duty."
What historical interpretation explains the Varangians' shift from Norse raiders to Byzantine mercenaries by the 10th century?,"The Varangians transitioned due to failed Norse expansion into Byzantine territories and the Byzantine Empire's demand for elite guards. Their recruitment offered Scandinavians economic stability and social status, transforming raiders into a loyal mercenary class integral to imperial defense."
How did Erik the Red's voyages to Greenland and Vinland influence Norse exploration of the North Atlantic?,"Erik the Red's voyages established Greenland settlements and Vinland, demonstrating Norse capability to cross the Atlantic. These ventures expanded trade networks and cultural exchange, inspiring later Norse exploration while also highlighting the limits of their navigational reach beyond Vinland."
What role did the conversion of Norway's king Olaf II play in the spread of Christianity among the Scandinavian elite?,"Olaf II's conversion in 1015 marked a turning point for Norway, as his royal patronage facilitated Christianization. By aligning with the Church, he reduced pagan resistance, enabling the elite to adopt Christianity while retaining Norse cultural elements, accelerating the process across Scandinavia."
Historical interpretation: How did Viking settlements in England reshape local legal systems by the 10th century?,"Viking settlers integrated their legal traditions with Anglo-Saxon customs, creating hybrid systems. Their emphasis on compensatory justice and honor codes influenced English law, particularly in northern regions, where Norse governance structures persisted alongside royal authority."
When did the conversion of the Danish king Harald Bluetooth mark a pivotal shift in Viking Age Christianity?,"In 965 CE, Harald Bluetooth's baptism and conversion of his son facilitated Christianity's spread in Denmark, blending royal patronage with Norse traditions to legitimize the new faith."
Scenario: A Viking queen in 9th-century Ireland must choose between pagan rituals and Christian conversion. How might she balance cultural identity with political alliances?,"She could adopt a dual approach, maintaining pagan practices for internal legitimacy while aligning with Christian rulers for external power, ensuring both cultural continuity and political stability."
Where did Erik the Red's son Leif Erikson establish the first Norse settlement in North America?,"Vinland, near present-day Newfoundland, Canada, around 999-1005 CE, as a trading post to exploit local resources and explore further westward."
"When did the Viking raids on Ireland intensify, leading to the signing of the Treaty of Limerick in 1169?","Raids escalated in 839 CE, prompting Irish kings to seek English support, which laid the groundwork for later treaties and Norman influence in Ireland."
Where did Cnut the Great establish his capital in England to consolidate Viking and Anglo-Saxon rule?,"London, as the strategic center for controlling the kingdom and integrating Norse and English governance, ensuring stability through centralized administration."
Why did Queen Astrid of Sweden support Viking raids in France during the 9th century?,"Queen Astrid, ruler of Sweden, endorsed Viking raids in France to secure resources, expand influence, and strengthen ties with Frankish elites. These campaigns provided wealth, bolstered her kingdom's power, and facilitated cultural exchanges, aligning Swedish interests with the lucrative French trade networks."
When did Viking trade networks with France begin to incorporate Frankish silver into Scandinavian markets?,"By the late 8th century, Viking traders integrated Frankish silver into Scandinavian markets through raids and settlements. This exchange enriched Viking societies, fostering economic growth and reinforcing their role as key players in transcontinental commerce."
Where did Cnut the Great establish a key administrative outpost in France to control Viking territories?,"Cnut the Great established a strategic outpost in Rouen, Normandy, to oversee Viking holdings in France. This base facilitated governance, taxation, and military control, securing his influence over Frankish and Scandinavian trade routes."
Why did Vikings choose the Seine River delta for settlements in France during the 9th century?,"Vikings settled in the Seine River delta due to its fertile land, navigable waterways, and proximity to Frankish and Scandinavian trade routes. These settlements provided access to resources, markets, and strategic advantages for both commerce and warfare."
"When did Viking raids on French coastal towns intensify, leading to the establishment of a permanent Viking settlement in Rouen?","Viking raids on French coastal towns intensified in 841, prompting the establishment of a permanent settlement in Rouen. This marked a shift from temporary raids to sustained colonization, embedding Viking influence in France's northern territories."
How were Norse gods visually represented in Viking Age carvings?,"Norse gods were depicted in intricate carvings on stones and wood, emphasizing their attributes. Thor was shown with a hammer, Odin with a ravens and spear, and Freyr with a sun disk. These symbols conveyed divine power and were used in rituals, reflecting their central role in Viking cosmology and warfare."
Where did Viking queens establish political alliances in 9th-century Scotland?,"Viking queens like Astrid of Dublin and Eivor of the Orkneys forged alliances in the Hebrides and western coast of Scotland. They secured trade routes, married local chieftains, and leveraged Norse military strength to control key regions, blending political and cultural influence."
Historical interpretation: How did the spread of Christianity affect rune carving practices in Scandinavia?,"Christianity's spread in the 11th century diminished rune carving's religious role. While pagan runes persisted for personal or legal use, Christian symbols replaced them in public inscriptions. This shift marked a cultural transition, preserving some runic traditions while embracing new liturgical practices."
How did the worship of Odin influence Viking military tactics in the 9th century?,"Odin's association with war and wisdom shaped Viking strategies. His myth of self-sacrifice inspired leaders to take calculated risks, while his ravens symbolized reconnaissance. Runes were inscribed on weapons for protection, reflecting his role as both war god and strategic guide."
Why did Norse warriors join the Varangian Guard in the 10th century?,"Norse warriors sought stability, higher pay, and protection from rivals. Their loyalty to the Byzantine Emperor secured privileged positions, making them the elite guard. This shift from raiding to service reflected economic opportunities and political alliances, ensuring their integration into Byzantine military structures."
Where did Harald Hardrada's fleet land during his 1066 invasion of England?,"Harald Hardrada's forces landed at Piel Island, near York, to secure strategic advantages. This landing enabled him to challenge William the Conqueror, culminating in the Battle of Stamford Bridge. The choice of location aimed to disrupt English defenses and rally Norse allies in the north."
How did Halfdan the White's campaigns in the 9th century affect Viking expansion into England?,"Halfdan's raids established trade routes and strengthened Norse control over eastern England. His actions fostered long-term settlements, integrating Viking territories into the broader Anglo-Saxon landscape. This laid groundwork for later Danish dominance and cultural exchange in the region."
Why did Viking leaders codify laws like the Ting law system?,"Viking leaders codified laws to resolve disputes, maintain order, and standardize governance across the Viking world. These laws ensured fair treatment and social cohesion, balancing tribal customs with centralized authority to sustain expansion and internal stability."
Where did Viking laws like the Law of the Land (Landnámabók) influence legal practices in the 10th century?,"The Law of the Land shaped Icelandic governance, emphasizing tribal assemblies and communal justice. It set precedents for later legal systems by codifying rights, penalties, and mediation, ensuring stability in Norse settlements and influencing Scandinavian legal traditions."
How did Vikings use sunstones to navigate the open seas?,"Vikings used sunstones, calcite crystals, to detect the sun's position on overcast days. By polarizing light, these tools helped them determine direction, crucial for long-distance exploration and maintaining course across the North Atlantic."
How did Viking pagan rituals differ from early Christian practices in Scandinavia?,"Viking rituals centered on nature deities and blood sacrifices, while early Christian practices emphasized monotheism and written scriptures. Conversion to Christianity gradually replaced pagan festivals with Christian holidays, altering societal traditions."
How did jarls maintain power in Viking Age societies?,"Jarls held authority through land ownership, military leadership, and governance. They convened assemblies to settle disputes and enforce laws, ensuring their influence over both rural and urban centers in Viking communities."
Which Viking leader established the first permanent settlement in Normandy in 841?,"Rollo, a Norse chieftain, founded the settlement of Rouen after defeating the Frankish army. This marked the beginning of Normandy's Viking influence, blending Norse and Frankish cultural elements."
When did Viking artisans begin using silver in runestone carvings to denote elite status?,"By the late 9th century, Viking elites incorporated silver into runestones to symbolize wealth and social rank, reflecting the fusion of material culture and status markers in Norse society."
Which artifact exemplifies Viking Age craftsmanship in metalwork and design?,"The Gokstad Ship, buried in Norway around 870, showcases advanced shipbuilding techniques, ornate iron fittings, and functional design, reflecting Viking exploration and maritime prowess."
"When did Viking exploration reach the British Isles, leading to the establishment of Danelaw?","Between 865 and 878, Viking raids intensified, culminating in the Treaty of Wedmore. This solidified their control over eastern England, known as Danelaw, through military dominance and political alliances."
Scenario: What challenge did Halfdan the White face when attempting to convert his followers to Christianity in 9th-century England?,"Halfdan encountered resistance from pagan nobles and warriors who clung to Norse traditions. His gradual adoption of Christianity, influenced by English missionaries, led to internal strife but eventually facilitated the Christianization of parts of Mercia through strategic alliances and controlled conversions."
Where did Viking chieftains conduct sacrificial rituals to ensure safe passage for their fleets in England?,"Viking leaders performed rituals at sacred sites like the Isle of Wight or the Humber estuary, where natural features were believed to connect to the divine. These ceremonies involved animal sacrifices and offerings to gods like Njord to secure favorable winds and protection for their voyages."
What was the significance of the rune stone at Skara in the context of Viking Age Christianity?,"The Skara runestone, carved in the 11th century, features a mix of pagan and Christian symbols, reflecting the transitional phase of Christianization. It combines Old Norse inscriptions with crosses, illustrating how some Norse elites merged traditional iconography with emerging Christian beliefs."
Where did Viking settlers establish the first Christian churches in the Danelaw region of England?,"Viking settlers founded churches in key centers like York and Gainsborough, where they integrated Christian practices with existing Norse structures. These sites became hubs for converting local populations and solidifying Christian authority in the region."
What role did runes play in the religious transition of Viking Age Scandinavia during the 10th century?,"Runes evolved from pagan symbols to Christian markers, with inscriptions on stones and wooden objects depicting crosses and biblical phrases. This shift reflected the gradual assimilation of Christian beliefs, though many Norse communities retained elements of their old religion for centuries."
Which Viking leader's exile to Iceland led to the establishment of the first Norse settlement in Greenland?,"Erik the Red's banishment from Norway for manslaughter drove him to Iceland in 982. His subsequent voyage to Greenland, where he founded the Eastern and Western settlements, marked the first permanent Norse colony beyond Scandinavia."
Why did Viking Age Thing assemblies in Norway prioritize collective decision-making over individual rule?,"Thing assemblies ensured social stability by balancing power between chieftains and free men. This system prevented tyranny, resolved disputes, and maintained order, aligning with Norse values of honor and communal responsibility."
Which aspect of Viking daily life most directly influenced their shipbuilding techniques?,"The need for swift, seaworthy vessels to navigate both open seas and inland waterways shaped Viking ship design. Light, flexible materials and shallow drafts enabled raids, trade, and exploration across vast distances."
How did Harald Fairhair's unification of Norway impact Viking Age political structures?,"Harald Fairhair's conquests centralized power in Norway, establishing a hereditary monarchy. This shift from fragmented jarldoms to a unified kingdom set a precedent for centralized governance in later Scandinavian states."
Who was the first Norse ruler to publicly adopt Christianity in the 10th century?,"Olaf Trygvasson of Norway, converted in 995, became a key figure in Scandinavia's Christianization by promoting missionary activities and royal patronage of churches."
When did Viking trade networks expand to include the Byzantine Empire?,"By the late 9th century, Viking traders reached the Byzantine Empire via the Volga River, exchanging furs, slaves, and silver for luxury goods, marking a shift in their commercial reach."
What archaeological discovery in 2012 confirmed Viking longship construction techniques?,"The Gokstad ship, excavated in 1880, revealed advanced clinker-built hulls and modular designs, showcasing Viking Age shipbuilding mastery for maritime exploration."
What role did Thing assemblies play in resolving disputes during Viking Age Norway?,"Thing assemblies in Norway mediated disputes through collective verdicts, balancing local autonomy with centralized authority, ensuring social cohesion and legal order."
How did the rise of the jarl class affect Viking Age social stratification?,"The jarl class solidified a hereditary elite by controlling trade, military power, and land, creating a rigid hierarchy that marginalized commoners and fostered regional rivalries."
Scenario: What challenge did Ubba face when leading the Great Heathen Army to York in 866?,"Ubba encountered harsh winters and English resistance, forcing his forces to retreat temporarily. His leadership was tested by supply shortages and the need to coordinate with other Viking leaders. Despite setbacks, he later reestablished control, demonstrating adaptability in siege tactics and alliances."
Comparison: How did Viking Age trade networks differ from Byzantine Empire commerce in the 9th century?,"Viking trade focused on long-distance raids and silver, while the Byzantine Empire prioritized secure overland routes and luxury goods. Vikings exchanged furs and slaves for silver, whereas Byzantines traded silk and spices via the Silk Road. Both systems thrived on maritime routes but differed in scale and economic structure."
How did Viking settlements in Greenland differ from those in Iceland?,"Greenland settlements relied on agriculture and hunting, adapting to harsh climates, while Iceland's were based on sheep farming and fishing. Greenlanders maintained contact with Norse Europe longer, using dog sleds for transport, whereas Icelandic settlements became more isolated over time."
Scenario: What daily task required Viking farmers to use iron tools in the 9th century?,"Viking farmers used iron plows to cultivate heavy soils, essential for growing barley and rye. They also crafted iron sickles for harvesting and hoes for soil preparation. These tools, often made in local forges, supported subsistence farming and surplus production for trade."
How did Viking interactions with the Byzantine Empire influence their economy?,"Vikings traded furs, beeswax, and slaves to Byzantium for silver, silk, and spices. This exchange enriched Viking elites and expanded their markets. Byzantine coins found in Viking graves indicate strong economic ties, while Byzantine silk influenced Scandinavian textile production."
What caused the establishment of the Icelandic Law Code in the 10th century?,"The need for standardized legal procedures amid increasing settlement led to the codification of laws in Iceland, balancing Norse traditions with emerging Christian principles."
How did runes influence the spread of Christianity in Viking Age Scandinavia?,"Runes were adapted to inscribe Christian texts, facilitating literacy and religious transition, while retaining older pagan symbols to ease cultural assimilation."
What historical interpretation explains the rapid Christianization of Viking kings in the 10th century?,"Conversion was often a political strategy to secure alliances, legitimize rule, and access Christian networks, rather than purely religious conviction."
Who was the leader of the Great Heathen Army that besieged York in 866?,"Ubba was a key commander of the Great Heathen Army, which launched a 11-month siege on York in 866. Alongside other Norse leaders, he orchestrated the campaign that culminated in the city's capture, marking a pivotal moment in Viking expansion into England."
Scenario: What challenge did a Viking farmer face when cultivating crops in Jökulsárlón?,"A Viking farmer in Jökulsárlón, Iceland, battled permafrost and harsh winters. They relied on iron tools and sleds for transport, focusing on hardy crops like barley. This adaptation demonstrates their resilience in exploiting remote, challenging environments."
How did the Norse god Odin influence Viking Age rituals and beliefs?,"Odin, the god of wisdom and war, shaped Viking rituals through sacrifices, such as the runic inscriptions on stones. His pursuit of knowledge and symbolic connection to battle made him central to Viking cosmology, reflected in their warrior ethos and spiritual practices."
How did Viking interactions with Normandy shape the region's political structure compared to Denmark?,"Viking raids in Normandy (9th century) led to Danelaw control, blending Norse and Frankish systems. Unlike Denmark's centralized jarldom, Normandy developed a feudal system under Norse-Norman elites, fostering localized governance and military cohesion."
What caused the Varangian Guard's rise as Byzantine Emperor's bodyguard in the 10th century?,"Viking mercenaries' loyalty, combat skills, and adaptability to Byzantine tactics made them indispensable. Their integration into the court solidified their role as elite troops, ensuring imperial security and cultural exchange between East and Scandinavia."
Comparison: How did Halfdan the White's Greenland expeditions differ from Leif Erikson's voyages?,"Halfdan's 10th-century missions focused on establishing permanent settlements, while Leif's 10th-century voyages were exploratory. Halfdan's efforts led to Norse-Greenlandic colonies, whereas Leif's journeys documented new lands without immediate settlement."
How did Cnut the Great's conquests in England impact Viking Age trade networks?,"Cnut's 1016-1035 reign unified England, Denmark, and Norway, creating a vast trade network. This stability enhanced North Sea commerce, linking Scandinavia to the Frankish and Byzantine economies through centralized governance and secure maritime routes."
What cause-effect relationship links Viking exploration to the establishment of Normandy?,"Raiding parties from Scandinavia settled Normandy by the 9th century, blending Norse and Frankish cultures. This settlement laid the foundation for the Norman Empire, transforming Viking raiders into a ruling class that shaped medieval European history."
"When was the Danish Law Code established, and what legal principles did it codify?","Established in the late 10th century, the Danish Law Code (Jarl Law) codified principles like compensation for injuries, clan-based justice, and penalties for theft. It emphasized communal responsibility and regulated social hierarchies, reflecting Viking Age governance."
How did Viking kings balance pagan traditions with Christian conversion during the 10th century?,"Viking kings adopted Christianity while preserving pagan customs, using it to legitimize power. They maintained rituals like sacrifices to Odin and Thor, often blending them with Christian practices to ease conversion and maintain political stability."
What role did the Norse god Thor play in Viking Age rituals and daily life?,"Thor, god of thunder and war, was central to Viking beliefs. His hammer Mjölnir was a symbol of protection and strength. Rituals included sacrifices and invocations for protection, reflecting his role in both warfare and agricultural cycles."
What historical interpretation explains the use of iron weapons in Viking Age warfare?,"Iron weapons were essential due to their durability and effectiveness in battle. Their use signified status and was crucial for raids and defense. The widespread availability of iron in Scandinavia supported this, making it a cornerstone of Viking military strategy."
Why did Viking explorers target Vinland for settlement?,"Vikings sought Vinland for its abundant timber, fertile soil, and game. The region's resources promised wealth and sustainability, enabling long-term colonization. Despite challenges like harsh winters, Vinland's potential for trade and survival made it a strategic goal for Norse expansion in the 11th century."
Who held the power of a jarl in Viking-age Scandinavia?,"A jarl was a high-ranking chieftain or noble leader governing a region. They wielded military authority, administered justice, and oversaw trade. Jarls often held hereditary power, balancing local governance with loyalty to larger Viking leaders or kings, especially in later periods."
Where did Viking families typically live in rural Scandinavia?,"Viking families resided in longhouses, communal dwellings made of wood and turf. These structures, often 30-50 feet long, housed multiple generations. Surrounding farmland, pastures, and fishing areas sustained households, with seasonal shifts shaping daily life and resource management."
Why did Erik the Red lead a second voyage to Greenland?,"Erik the Red returned to Greenland after conflicts with local settlers and disputes over land. His second expedition aimed to establish new colonies, expand Norse presence, and secure resources. This journey reinforced Greenlandic settlements and linked Norse communities to distant trade networks."
"Who was Astrid of Sweden, and what role did she play in Viking politics?","Astrid of Sweden, also called Astrid the Fair, was a 10th-century queen known for her diplomatic skills. She mediated disputes between Viking leaders and negotiated peace, strengthening political alliances. Her influence highlighted the role of women in Viking politics, though her legacy is fragmented in historical records."
How did a historical interpretation explain the coexistence of Norse gods and Christian saints in Viking Age Scandinavia?,"Historical interpretations suggest Viking Age Scandinavia practiced syncretism, blending Norse gods like Thor with Christian saints. This coexistence reflected gradual Christianization and reverence for traditional deities, as seen in hybrid religious artifacts and place names."
Where did Viking settlers establish long-lasting communities in Ireland?,"Viking settlers established enduring communities in Dublin and Waterford, founding the Viking settlement of Dyflin (Dublin) in the 9th century. These settlements became hubs for trade and cultural exchange, shaping Ireland's medieval landscape."
How did Viking trade routes influence the development of Kievan Rus'?,"Viking trade routes facilitated the establishment of Kievan Rus' by connecting Norse merchants to Byzantine and Slavic markets. This exchange of goods, culture, and governance models laid the foundation for Rus' political and economic systems."
Where did Leif Erikson's Norse settlers establish temporary encampments in Vinland?,"Leif Erikson's Norse settlers established temporary encampments near the northern tip of Newfoundland, known as L'Anse aux Meadows. These sites indicate short-term exploration rather than permanent settlement, likely for resource gathering."
How did runic inscriptions reflect Viking Age religious beliefs?,"Runes in Viking Age Scandinavia often incorporated symbols of gods like Odin and Thor, as well as motifs of fertility and protection. Inscriptions on stones and objects highlight their spiritual significance, blending practical and ritualistic meanings."
Who established the Danelaw in Viking Age England?,"The Danelaw was established by Viking settlers in the late 9th century, following the Battle of Edington in 878. It became a semi-autonomous region under Viking control, blending Scandinavian governance with Anglo-Saxon legal traditions."
Who was the first recorded Viking queen to rule in England?,"Queen Gyda of Wulfing was the first recorded Viking queen in England, likely ruling in the 9th century. Her governance highlighted the political influence of Viking women in shaping regional alliances and leadership structures."
What historical interpretation links Viking exploration to the establishment of Normandy?,"Historical interpretations suggest that Viking raids and settlements in Normandy, starting in the 9th century, led to the region's gradual Christianization and integration into Francia. This laid the groundwork for the Duchy of Normandy, blending Norse and Frankish cultural elements."
Which Viking leader led the 885 siege of Paris?,"Raven the Bold led the siege of Paris in 885, commanding a coalition of Norse and Germanic forces. The campaign aimed to secure trade routes and resources, marking a pivotal Viking engagement in France."
What motivated Viking explorers to seek new lands beyond their known territories?,"Viking explorers sought new lands for resources, trade opportunities, and expansion. The discovery of Vinland and Greenland expanded their influence, driven by a mix of curiosity and economic ambition."
Which runic inscriptions provided evidence of Viking Age merchant networks?,"The Lübeck Runes, found in medieval trade hubs, documented Viking merchant activities. These inscriptions revealed connections between Scandinavia, Germany, and the British Isles, highlighting economic interdependence."
What role did three-field farming play in Viking Age Scandinavia?,"Three-field farming rotated crops to maintain soil fertility, supporting population growth and surplus production. This system allowed Viking communities to sustain larger populations and engage in trade."
Why did Viking kings prioritize the establishment of fortified strongholds?,"Viking kings built strongholds to control trade routes, project power, and defend against rival groups. These structures reinforced their authority and secured economic dominance across regions."
What historical interpretation links Viking ship burials to their spiritual beliefs?,"Viking ship burials, like Oseberg and Gokstad, reflect beliefs in an afterlife requiring material wealth. The placement of grave goods and the ship's symbolic connection to the journey beyond death underscores their cosmology, where the sea was both a path and a realm."
"How did Cnut the Great consolidate power across Denmark, Norway, and England?","Cnut the Great unified Denmark, Norway, and England through military campaigns and strategic marriages. By the early 11th century, he established a North Sea empire, centralizing authority and ensuring loyalty through political alliances and administrative reforms."
When did Harald Hardrada launch his ill-fated invasion of England?,"Harald Hardrada launched his invasion of England in September 1066, following the death of Edward the Confessor. His campaign, culminating in the Battle of Stamford Bridge, ended in defeat, marking the final Viking attempt to control the English throne."
Why did Viking women hold significant economic roles in their society?,"Viking women managed households, traded goods, and owned property due to Norse laws granting them legal rights. They could initiate marriages, inherit land, and even rule as regents, reflecting a society where economic power was decentralized and women played vital roles in maintaining family and community stability."
What caused Viking kings to adopt Christianity in the late 900s?,"The Christianization of the Frankish Empire and the need for political alliances with Christian realms forced Viking kings to convert. By adopting Christianity, rulers like Olaf Trygvesson and Cnut the Great secured legitimacy, fostered trade, and aligned with broader European religious trends, ensuring their kingdoms' survival and expansion."
Where did Viking settlers establish permanent communities in the British Isles?,"Viking settlers founded permanent communities in the Danelaw region of England, including York, and in northern Ireland. These settlements, established from the late 8th to 11th centuries, integrated into local societies while preserving Norse cultural practices, creating hybrid cultures that shaped medieval British history."
Why did Viking explorers seek to reach Vinland despite harsh conditions?,"Vikings pursued Vinland to exploit new resources like timber and land for trade. Despite extreme cold and sparse resources, the pursuit of wealth and expansion drove expeditions, reflecting their maritime prowess and ambition to extend their influence beyond Scandinavia."
What caused Erik the Red to name Greenland?,"Erik the Red named Greenland to mislead potential settlers into viewing it as a fertile land, despite its harsh climate. This strategic move aimed to attract Norse colonists by leveraging the name's association with lush landscapes, ensuring the region's eventual settlement and Norse cultural presence."
Why did Viking Age rulers commission intricate runic inscriptions on stone monuments?,"Viking rulers used runic inscriptions to assert lineage, commemorate victories, and reinforce social hierarchies. These carvings often referenced Norse mythology, divine favor, and elite status, serving as both propaganda and spiritual endorsement of their authority."
Which Norse god was most associated with maritime prowess and the afterlife in Viking Age beliefs?,"Odin, the Allfather, was revered as the god of war, wisdom, and death. His association with ravens, poetry, and the realm of Valhalla made him central to Viking seafaring and funerary rites, symbolizing both conquest and the afterlife."
What historical interpretation connects Viking Age raids to the formation of Normandy's ducal lineage?,"Normandy's dukes traced their ancestry to Viking settlers who raided Francia in the 9th century. Over time, these Norse descendants integrated into Frankish society, eventually establishing the ducal family that shaped medieval European politics."
Which economic commodity was most critical to Viking Age trade networks across the North Sea?,"Birch bark and amber were pivotal to Viking trade. Birch bark facilitated shipbuilding and currency, while amber, mined in the Baltic, was highly sought after in Mediterranean markets, linking Scandinavia to far-reaching commerce."
"Why was the Gokstad Ship discovered to have a unique, elongated design compared to other Viking longships?","The Gokstad Ship's design, with its large deck and deep hull, was optimized for long-distance voyages, including transatlantic journeys. This specialized construction reflects advanced shipbuilding knowledge and the Vikings' ambition to explore distant lands."
Which longship design was better suited for open-sea navigation compared to coastal raids?,"The clinker-built design of Viking longships, with overlapping planks, provided flexibility and strength for rough seas. This contrasted with the simpler lapstrake method, which was more suited for shallow waters and rapid coastal raids. The clinker construction allowed for smoother hull movement, enhancing stability during transatlantic voyages."
How did Viking raids on Ireland in the 8th century influence their settlement patterns?,"Viking raids on Ireland's eastern coasts in the 8th century led to permanent settlements like Dublin, Waterford, and Wexford. These bases enabled sustained trade and control over the Irish Sea, shifting from temporary raids to long-term colonization. The establishment of these settlements secured supply lines and facilitated deeper integration into Irish society."
Which Irish Viking settlement became a major trade hub in the 9th century?,"Dublin, founded in 838 CE, became the most significant Viking trading post in Ireland. It connected Norse merchants to the broader North Sea trade network, facilitating the exchange of goods like silver, wool, and slaves. Its strategic location on the River Liffey made it a critical economic and cultural center for Viking interactions with Irish and Anglo-Saxon communities."
What caused Harald Fairhair to unify Viking kingdoms in Norway?,"Harald Fairhair's unification of Norway in the 9th century was driven by his victory at the Battle of Hafrsfjord in 872. This ended the fragmented petty kingdoms, allowing centralized governance. The consolidation of power enabled Norway to project naval strength, facilitating Viking expansion into Ireland, the British Isles, and beyond."
How did Viking trade networks in the North Sea differ from those in the Atlantic?,"North Sea trade focused on high-value goods like silver, furs, and amber, with established routes between Scandinavia, the British Isles, and Germany. Atlantic trade, however, involved longer voyages, emphasizing the exchange of commodities like whalebone and walrus ivory. The latter required more advanced ship technology and navigational expertise for transoceanic journeys."
When did Viking raids on Scotland's eastern coast intensify under the reign of Harald Fairhair?,"Viking raids on Scotland's eastern coast intensified during the late 9th century, particularly after Harald Fairhair's consolidation of power in Norway. His campaigns targeted the Pictish kingdom, leading to increased raids and eventual Scandinavian settlement in the region by 875."
Which Norse law code did Harald Fairhair implement to standardize legal practices in Norway?,"Harald Fairhair established the *Laws of Harald Fairhair* in the late 9th century, a comprehensive legal code that standardized governance, land distribution, and justice across Norway, marking a key step toward centralized Viking Age state formation."
What unique feature of the Longship's keel allowed it to navigate both coastal waters and open seas?,"The Longship's reinforced keel, constructed from pine and oak, provided stability and strength for open-sea voyages. Its design balanced speed for coastal raids with durability for transatlantic exploration, enabling Viking expansion across the North Atlantic."
"Who was Ubba's brother, and what role did he play in Viking campaigns against the Picts?","Ubba's brother, Sigurd, was a key military leader in Viking campaigns against the Picts. Together, they led raids that weakened Pictish resistance, contributing to the eventual establishment of Scandinavian settlements in eastern Scotland during the late 9th century."
What historical interpretation links Viking longship design to their expansion into the North Atlantic?,"The longship's shallow draft and flexible hull allowed navigation of both coastal waters and open seas, enabling Viking exploration of distant regions like Greenland and Vinland. This design innovation was critical to their transatlantic voyages and maritime dominance during the Viking Age."
When did Viking Thing assemblies first incorporate written laws into their legal codes?,"By the late 9th century, Viking Things adopted written laws like the Icelandic Lawspeaker's code, replacing oral traditions. This standardized justice, resolving disputes through consensus and recorded regulations."
What distinguished the Viking sword from other pre-Christian European weapons?,"Viking swords featured double-edged, cruciform hilts for balanced strikes, with tempered steel blades. Unlike Roman or Anglo-Saxon designs, they prioritized thrusting over slashing, reflecting combat tactics."
When did Norman nobility adopt Latin as their primary administrative language?,"By the early 11th century, Norman elites shifted to Latin for governance, replacing Old Norse. This facilitated integration with Catholic Europe and centralized feudal administration."
What materials were most commonly used for Viking winter clothing in northern regions?,"Fur from seals, wolves, and reindeer, combined with woolen cloaks, insulated Viking clothing. Leather boots and birch-bark hats protected against Arctic winters, while linen undergarments provided breathability."
What was the most valuable commodity traded by Viking settlers in Eastern Europe?,"Amber, furs, and slaves dominated Viking trade with Slavic and Byzantine regions. These goods fueled wealth, enabling the acquisition of luxury items like silver and textiles."
Scenario: A Viking in Greenland faces a harsh winter. How did they sustain themselves?,"Vikings in Greenland relied on hunting seals and walruses, fishing, and farming limited crops like barley. They preserved food through smoking, drying, and fermenting. Trade with Norse settlements in Iceland and the North Atlantic provided essential supplies, while their longhouses and sod houses offered shelter against extreme cold."
How did Ubba coordinate Viking raids during the 9th-century conflicts in Denmark?,"Ubba, a prominent Danish warlord, organized raids by leveraging his military expertise and alliances. He used swift longships to strike coastal targets, then coordinated land assaults with other warlords. His strategies disrupted enemy defenses, enabling the Danes to expand their influence in the North Sea region."
Where did Viking settlers establish a major stronghold in Normandy by the late 9th century?,"Viking settlers established a key stronghold at the mouth of the Seine River, near modern-day Rouen. This location allowed them to control trade routes and launch raids. By the late 9th century, it became the foundation of the Duchy of Normandy, blending Norse and Frankish influences."
How did Viking longships enable their dominance in coastal battles?,"Viking longships featured shallow drafts for coastal maneuverability and high sides for stability. Their pointed prows allowed swift attacks, while the broad keel enabled rapid turns. These design elements made them ideal for surprise raids and close-quarters combat on land and sea."
Scenario: Erik the Red's exile in Iceland led to the discovery of Greenland. What prompted his journey?,"Erik the Red was exiled from Iceland for manslaughter, prompting him to explore the western seas. He sailed beyond the known world, discovering a land of ice and snow—Greenland. He named it to attract settlers, eventually establishing Norse colonies that thrived for centuries."
What caused the conversion of Norway to Christianity under King Olaf Trygvason?,"The conversion of Norway to Christianity was driven by political unification and royal patronage. King Olaf Trygvason, who unified Norway in the 10th century, actively promoted Christianity to consolidate power and align with the Christian Holy Roman Empire. This shift weakened pagan resistance and integrated Norway into European Christendom."
Where did Viking settlers establish a major trading post in the Byzantine Empire?,"Viking settlers established a significant trading post at Veliky Novgorod in modern Russia, which became a key hub for trade between the Byzantine Empire and the Baltic. This outpost facilitated the exchange of furs, wax, and slaves, linking Scandinavian markets to the East."
What was the role of the Byzantine Empire in the Viking trade network?,"The Byzantine Empire served as a critical link in the Viking trade network, providing access to luxury goods like silk and spices. Norse traders exchanged Scandinavian furs, amber, and slaves for Byzantine products, fostering economic and cultural connections across the medieval world."
Where did Viking raids on France intensify during the reign of King Louis VI?,"Viking raids on France intensified along the Seine River valley and coastal regions during Louis VI's reign (1108–1137). These attacks targeted monasteries and towns, exploiting weak defenses and disrupting the kingdom's stability until centralized feudal organization curtailed Viking influence."
What was the significance of Harald Hardrada's alliance with the Byzantine Empire?,Harald Hardrada's alliance with the Byzantine Empire in the 1040s secured military support for his campaigns in the eastern Mediterranean. This partnership strengthened Viking raids on Byzantine territories and demonstrated the strategic value of Norse warriors in Byzantine military affairs.
Which Viking leader is credited with establishing the first permanent settlement in Greenland?,"Leif Erikson, son of Erik the Red, founded the first permanent Norse settlement in Greenland around 985 CE. This settlement, located at Brattahlíð, marked a pivotal step in Viking exploration beyond Scandinavia."
Scenario: A Viking trader in the 9th century faces a shortage of iron. How might they compensate?,"A Viking trader might trade with Byzantine merchants for iron or use alternative materials like bronze. They could also barter for iron-rich goods such as tools or weapons, ensuring essential resources for craftsmanship and warfare."
Where were the earliest Viking settlements found in the British Isles?,"The earliest Viking settlements in the British Isles were established in the Danelaw region of East Anglia and the Isle of Wight. These settlements, dating to the late 8th century, laid the foundation for Viking influence across the British Isles."
Which archaeological discovery in the 20th century provided the most insight into Viking maritime technology?,"The Oseberg Ship, discovered in Norway in 1902, offered unparalleled insights into Viking maritime technology. Its well-preserved state revealed advanced shipbuilding techniques, including a complex keel design and richly decorated interiors."
Where did Viking archaeologists discover the largest concentration of burial mounds in Norway?,"Viking archaeologists found the largest concentration of burial mounds in the Trøndelag region, including the Gokstad Ship burial site. These mounds, part of the Viking Age burial tradition, reflect the cultural and social status of Norse elites."
What was the primary source of protein in the Viking diet?,"The Viking diet relied heavily on fish, seal, and whale for protein. Coastal communities consumed preserved fish like herring and cod, while inland areas focused on livestock such as cattle and pigs. Meat was often salted or dried, and dairy products like curd and cheese supplemented their nutrition."
How did Norse society structure its leadership roles?,"Norse society was hierarchical, with jarls (nobles) leading clans, free farmers managing land, and thralls (slaves) performing labor. Leadership was hereditary, and jarls governed through local assemblies. Military prowess and wealth determined status, with chieftains leading raids and settlements."
Which Norse god was most feared for vengeance?,"Odin, the Allfather, was revered for his wisdom and role in war, but his association with death and the afterlife made him feared. Vikings believed he judged the dead in Valhalla, rewarding warriors with eternal glory while punishing the unworthy with torment."
How did Viking settlers influence Norman feudalism?,"Viking settlers in Normandy integrated into the feudal system by replacing local nobility with their own leaders. They adopted Latin for administration, merged Norse legal traditions with Frankish customs, and established a powerful ducal authority that shaped medieval French governance."
What role did Thing assemblies play in Viking governance?,"Thing assemblies served as civic forums where free men debated laws, resolved disputes, and elected leaders. They enforced communal agreements, judged criminals, and maintained order. Regional Things addressed local issues, while the Althing in Iceland functioned as a national legislative body."
Why did Viking warriors prefer iron swords over other materials?,"Iron swords were favored for their strength, flexibility, and durability. They could withstand heavy combat and were more reliable than weapons made from softer metals. Iron's availability through trade networks also ensured consistent production, making it ideal for Viking warfare."
When did the Varangian Guard become prominent in Kievan Rus?,"The Varangian Guard emerged in the 9th century as Norse mercenaries recruited by Kievan Rus. They served as elite fighters in the Byzantine Empire, later influencing the political and military structures of Rus' principalities through their loyalty and combat expertise."
Why did Vikings cultivate three-field systems in their farming?,"The three-field system allowed Vikings to rotate crops, preserving soil fertility and maximizing yields. By dividing land into fallow, winter, and spring fields, they ensured consistent food production, supporting growing settlements and trade networks."
When were Viking Age brooches first discovered in Russia?,"Viking Age brooches were first identified in the 19th century at sites like Novgorod, revealing connections between Norse and Eastern European cultures. These artifacts, often made of silver, reflect trade and artistic exchanges during the 9th to 11th centuries."
Why did Viking settlers establish the Duchy of Normandy in the 9th century?,"Viking raiders, led by Rollo, secured Normandy through a 911 treaty with Frankish King Charles the Simple. This granted them land in exchange for military service, enabling them to integrate into Frankish society while maintaining Norse cultural elements, which later shaped the duchy's unique political and military identity."
What caused the expansion of Viking trade networks during the Viking Age?,"Viking trade networks expanded due to their advanced shipbuilding, navigational skills, and demand for luxury goods like silver, silk, and slaves. These networks connected Scandinavia to Britain, Ireland, the Baltic, and Byzantium, fostering economic growth and enabling resource exchange that funded further exploration."
How did Leif Erikson's voyages influence European exploration?,"Leif Erikson's 10th-century voyage to Vinland (modern Newfoundland) demonstrated the feasibility of transatlantic travel, though his expeditions lacked widespread European awareness. His discoveries may have inspired later Norse and European explorers, though no direct link to Columbus exists, highlighting early Norse maritime ambition."
Why did Vikings seek trade partnerships with the Byzantine Empire?,"Vikings traded with the Byzantine Empire to exchange Norse furs, slaves, and amber for silver, silk, and spices. This partnership enriched Viking economies, provided access to luxury goods, and strengthened their reputation as skilled merchants, reinforcing their role in medieval Eurasian trade networks."
What weapon was most commonly used by Viking warriors in close combat?,"The axe was the primary weapon for Viking warriors, prized for its versatility in both combat and daily tasks. Its curved design allowed for powerful strikes, and it was often ritually buried with elite warriors. Iron axes became dominant by the 9th century, though stone and wood axes were used earlier."
What was the primary purpose of the Danevirke defensive structure?,"The Danevirke, constructed in the 9th century, was a massive fortification along Denmark's southern border. It protected against Viking raids from the Holy Roman Empire, combining walls, ditches, and watchtowers to control movement across the Baltic region."
What trade good became a symbol of Viking wealth and craftsmanship?,"Viking smiths renowned for their ironwork produced high-quality weapons and tools. However, walrus ivory, carved into intricate objects, became a prized export to the Byzantine Empire and the Islamic world, symbolizing their mastery of trade and artistry."
Why did Viking weapons feature a double-edged design?,"Viking weapons like axes and swords had double edges to maximize cutting power and balance. This design allowed for efficient thrusting and slashing, adapting to both close combat and battlefield versatility. The dual-edged blade also symbolized Norse craftsmanship and practicality in warfare."
How did Erik the Red's exile influence his exploration of Greenland?,"Erik the Red's banishment from Iceland in 982 prompted him to seek new lands. He led a voyage to Greenland, where he established Norse settlements. This exile-driven exploration expanded Viking reach, creating a permanent colony in the North Atlantic."
Why did Viking raids on England intensify during the 9th century?,"Viking raids on England escalated due to overpopulation and resource scarcity in Scandinavia. Seeking wealth and land, Norse raiders targeted monasteries and coastal towns. The Anglo-Saxon Chronicle records these attacks as part of broader Viking expansion across the British Isles."
What caused the development of Viking runestones as cultural artifacts?,"Runestones emerged to commemorate Viking achievements, lineage, and religious beliefs. They served as markers of Norse identity, recording victories and ensuring cultural continuity. These stones reflected the blend of pagan traditions and Christian influences during the Viking Age."
How did Harald Fairhair's military campaigns unify Viking Norway?,"Harald Fairhair conquered rival Viking clans through strategic warfare and diplomacy, centralizing power in Norway. His victories, including the Battle of Svold, established a unified kingdom. This consolidation laid the foundation for medieval Norwegian statehood, ending centuries of fragmentation."
How did the role of women in Viking society differ from that of other Germanic tribes?,"Viking women held greater social autonomy, managing households, participating in trade, and even leading raids. Unlike other tribes, they could inherit land, act as mediators in legal disputes, and hold political influence through marriage alliances, reflecting Norse societal values prioritizing merit over rigid hierarchy."
When did Halfdan the Black's reign influence Viking expansion into Northumbria?,"Halfdan the Black's reign (c. 870s) marked the height of Viking expansion into Northumbria. His campaigns, including the 866 Battle of York, established Viking control over the region, leading to the creation of the Danelaw. This period solidified Norse dominance in eastern England through military and administrative strategies."
"If a Viking ship was discovered with a unique artifact, what would indicate it was used in trade with Byzantium?","The presence of silver ingots, glass beads, or silk fragments would suggest Byzantine trade. Such items were exchanged for Norse furs, walrus ivory, and amber. The artifact's craftsmanship and material composition would also align with Byzantine artistic styles, confirming cross-cultural economic interactions."
When were the first permanent Viking settlements in Iceland established?,"The first permanent Viking settlements in Iceland were established around 874 AD. Norse settlers, led by Ingólfr Arnarson, claimed land on the southern coast, marking the beginning of the Icelandic Commonwealth. These settlements thrived through farming, trade, and the development of a unique legal system."
How did the Battle of Stamford Bridge compare to the Battle of Brémule in strategic outcomes?,"The Battle of Stamford Bridge (954) decisively weakened Viking power in England, while the Battle of Brémule (923) showcased Norman tactical superiority. Stamford Bridge marked the end of Viking invasions, whereas Brémule reinforced the Capetian dynasty's dominance, altering the balance of power in Western Europe."
How did Viking settlers integrate Christianity into their religious practices?,"Viking settlers gradually adopted Christianity through royal conversions and missionary efforts, but retained pagan traditions. They blended Old Norse beliefs with Christian iconography, such as incorporating Christian symbols into runestones while maintaining rituals like the Yule festival."
"Scenario: If a Viking raiding party faced a fortified village, how would they approach the attack?","A Viking raiding party would use stealth to approach the village, launch a surprise attack with axes and spears, and target key structures like the hall. If resistance persisted, they might set fire to buildings, loot valuables, and retreat under cover of night."
How did Ragnar Lothbrok's legend shape Viking warrior culture?,"Ragnar Lothbrok's tales emphasized bravery, cunning, and leadership, inspiring Viking warriors to seek glory through raids and conquest. His mythos, preserved in sagas, reinforced ideals of honor and loyalty, influencing chieftainship and seafaring traditions."
"Where did Erik the Red establish his settlements in Greenland, and what challenges did they face?","Erik the Red founded the Brattahlíð settlement in southwestern Greenland, relying on Norse farming techniques and trade with Norse colonies. Challenges included harsh weather, limited arable land, and isolation, leading to eventual depopulation by the 15th century."
Where were Viking longhouses typically situated in Scandinavian settlements?,"Viking longhouses were usually located in central village areas, facing south for optimal sunlight. They were often built on elevated ground to avoid flooding and near water sources for trade and transportation."
Why did Vikings establish the Isle of Man as a strategic base in the 9th century?,"The Isle of Man's central location in the Irish Sea made it ideal for raiding Britain and Ireland. It also served as a hub for trade with the Frankish Empire, allowing Vikings to control key maritime routes."
What historical interpretation explains the role of runestones in Viking society?,"Runestones commemorated lineage, legal codes, and Viking exploits, reinforcing social status and cultural identity. They also served as markers for territorial claims and religious devotion."
How did Queen Astrid of Sweden influence Viking political alliances?,"Queen Astrid leveraged her marriage to the Danish king to secure trade agreements and military support. Her diplomatic efforts stabilized Viking power in the Baltic, fostering economic and political cohesion."
Why did Viking religion evolve during the 11th century despite Norse paganism?,"Persistent Christianization by Norse elites, combined with Viking raids into Christian territories, accelerated the adoption of Christianity. Syncretism merged pagan symbols with Christian iconography, easing societal transitions."
Where did Viking longhouses in England typically face structural challenges due to local building materials?,"Viking longhouses in England often faced issues with local timber quality, leading to frequent repairs. The use of softer English oak contrasted with the durable firs of Scandinavia, necessitating reinforced foundations and frequent maintenance to withstand weather and heavy use."
Why did Viking traders prefer silver over other goods in their English markets?,"Silver was highly valued in England for its portability and universal demand. Vikings exchanged silver for English wool, slaves, and hides, leveraging its role as a standardized currency to maximize trade profits across Scandinavia and the British Isles."
What caused the decline of pagan Norse religious practices in Viking England?,"The conversion to Christianity in Viking England accelerated after 875, driven by political alliances with Anglo-Saxon rulers and the Anglo-Saxon Church. Converted Vikings adopted Christian rituals, while pagan sites were repurposed or destroyed, reflecting broader cultural shifts."
Where did Viking settlers establish the largest trading hub in England during the 9th century?,"The largest Viking trading hub in England was established at Hedeby, a fortified town in present-day Schleswig-Holstein. It connected Scandinavian, Germanic, and Anglo-Saxon markets, facilitating the exchange of goods like amber, wool, and silver via the Baltic and North Sea routes."
How did the Viking economy benefit from the integration of English markets in the Danelaw?,"The Danelaw’s integration into English markets allowed Vikings to control key trade routes and resources. By taxing goods and leveraging Anglo-Saxon agricultural surplus, they enriched Scandinavian elites, fostering economic interdependence between Viking and English communities."
What role did Varangian warriors play in the political stability of Kievan Rus'?,"Varangian warriors, Norse mercenaries, secured Kievan Rus' by defending against rival tribes and maintaining order. Their loyalty to the Viking-derived Rurik dynasty ensured centralized power, enabling the state to control trade routes and expand its influence across Eastern Europe."
"Who was Halfdan the Black, and how did he influence Viking settlement in the Danelaw?","Halfdan the Black was a 9th-century Viking leader who consolidated control over the Danelaw, a region in England. His military campaigns and political alliances transformed the area into a Norse-dominated territory, blending Scandinavian governance with local Anglo-Saxon systems."
What economic advantage did Viking trade with Byzantium provide during the 9th century?,"Viking trade with Byzantium secured access to luxury goods like silk and silver, while exporting furs, slaves, and amber. This exchange enriched Viking communities, strengthened their naval capabilities, and facilitated cultural interactions between Scandinavia and the Byzantine Empire."
Why did Viking queens like Astrid of Sweden hold significant political power?,"Viking queens like Astrid of Sweden wielded influence through marriages, alliances, and patronage. They often managed trade networks, mediated disputes, and supported military campaigns, ensuring their dynasties' stability in a male-dominated but matrilineally connected political landscape."
What commodities dominated Viking trade networks in the 8th century?,"Viking trade networks primarily exchanged silver, furs, amber, and slaves for luxury goods like silk and spices. Silver, in particular, became a key medium of exchange, linking Scandinavian markets to the Frankish, Byzantine, and Arab worlds through a complex web of commerce."
Compare Viking interactions with Ireland in the 8th century to their dealings with Anglo-Saxon England.,"Vikings used Ireland as a raiding base and trading hub, forming alliances with local Irish clans. In England, they established settlements like the Danelaw, blending Norse and Anglo-Saxon cultures through warfare and governance."
Scenario: Which Viking strategy would be most effective against a fortified English village?,"Vikings would first gather intelligence, then launch a surprise nighttime attack using fire ships to distract defenders, followed by a coordinated assault on the village's weakest defenses."
"Which Norse god was most revered in Viking England, and why?","Odin was most worshipped due to his association with war, wisdom, and leadership, aligning with Viking military dominance and the belief in fate (wyrd) shaping their conquests."
Compare Viking exploration methods in the 9th century to those of later Norse navigators.,"Early Vikings relied on coastal routes and celestial navigation, while later explorers like Leif Erikson used longitudinal sailing and open-sea routes, reaching North America via the Greenland current."
Which Viking leader's expeditions most significantly expanded Norse influence in England?,"Ivar the Boneless orchestrated the 865 Great Heathen Army's campaigns, securing key English cities and establishing the Danelaw, which reshaped England's political landscape through Viking hegemony."
What caused the shift from pagan to Christian practices among Viking settlers in England?,"The conversion of Viking settlers in England to Christianity accelerated due to sustained contact with Anglo-Saxon Christian communities, royal marriages, and the influence of the Church. By the late 9th century, many Vikings adopted Christianity to secure political alliances and integrate into English society, though paganism persisted in rural areas."
Where did Viking traders establish the most lucrative long-distance trade routes during the 9th century?,"Viking traders established the most lucrative long-distance trade routes connecting the Baltic Sea to the Byzantine Empire and the Middle East. These routes facilitated the exchange of silver, furs, and slaves, enabling the Norse to dominate key markets and amass wealth."
Compare Viking weapon designs in England to those used in Scandinavia.,"Viking weapons in England, such as swords and axes, were often lighter and more suited for close combat, reflecting local warfare needs. Scandinavian designs emphasized durability for both warfare and practical tasks, with heavier axes and longer swords tailored to their harsher environments."
How did Erik the Red's voyages to Greenland impact Norse expansion in the North Atlantic?,"Erik the Red's voyages to Greenland established the first Norse settlements in the North Atlantic, enabling trade with the Eastern Baltic and facilitating further exploration of Vinland. This expanded Norse influence and provided a strategic base for future expeditions."
What effect did Viking trade with England have on the development of Danelaw?,"Viking trade with England fostered economic integration in the Danelaw, leading to the growth of market towns and the adoption of English legal systems. This exchange strengthened Viking control over the region and promoted cultural hybridization between Norse and Anglo-Saxon societies."
Why did Viking chieftains wield disproportionate power in Norse society?,"Viking chieftains controlled resources, military forces, and trade networks, ensuring their authority over kin groups. Their leadership was vital for raiding, settling, and negotiating with foreign powers, reinforcing a hierarchical structure where wealth and martial prowess determined social status."
When did Halfdan's campaigns against the Anglo-Saxons mark a turning point in Viking expansion?,"Halfdan's victories in the late 9th century, including the conquest of East Anglia, established Norse dominance in the region. This shifted Viking strategy from raiding to permanent settlement, solidifying their control over key trade routes and territories."
Scenario: Which Viking exploration tactic would best counter unpredictable North Atlantic weather?,"Vikings prioritized coastal navigation and relied on landmarks, using solar compasses for direction. During storms, they would seek shelter in fjords or follow the sun's shadow to maintain course, minimizing risks in open waters."
Why were runes primarily used in Viking legal codes rather than personal items?,"Runes were durable and practical for inscribing laws on wooden staves or stone. Legal codes required permanence and clarity, whereas personal items like jewelry used more decorative script. Runes also reinforced Norse identity and communal values."
When did Leif Erikson's North American voyage precede formal Norse colonization?,"Leif Erikson reached Vinland around 1000 AD, decades before sustained colonization. His expedition, based on Erik the Red's earlier Greenland settlements, demonstrated Norse exploration capabilities but lacked the resources for permanent colonization."
When did the Battle of Stamford Bridge mark a pivotal moment in Viking-English conflict?,"The Battle of Stamford Bridge in 1066 saw Harald Hardrada's Viking forces defeat Harold II's Anglo-Saxon army. This victory secured Viking control over northern England but weakened Harald's position, enabling William the Conqueror's subsequent invasion later that year."
"Who was Rollo, and how did he establish Norse influence in France?","Rollo, a Viking chieftain, secured the Duchy of Normandy in 911 through a treaty with Frankish King Charles III. His settlement of Norse warriors in northern France laid the foundation for the Norman elite, blending Viking and Frankish cultures to shape medieval European history."
Compare the worship of Odin and Thor among Viking settlers in England versus Scandinavia.,"In England, Odin was more revered as a god of war and wisdom, reflecting Viking raiding culture. In Scandinavia, Thor, god of thunder, held greater prominence due to his role in protecting settlements. This shift highlights how Viking religious practices adapted to local contexts."
When did King Magnus Barefoot's campaigns in Scotland reshape Viking influence there?,"King Magnus Barefoot's 1030s campaigns established Norse control over parts of Scotland, including the Isle of Man. His rule integrated Scottish and Norse elites, creating a hybrid kingdom that lasted until the 1260s Battle of Largs, which marked its decline."
Compare the reigns of Viking King Cnut the Great and French King Louis VI.,"Cnut the Great (r. 1016-1035) unified Denmark, England, and Norway, fostering Norse maritime power. Louis VI (r. 1108-1137) strengthened royal authority in France, countering noble influence. While Cnut focused on naval dominance, Louis centralized feudal governance, reflecting divergent approaches to medieval kingship."
Why did Erik the Red name Greenland?,"He used the name to attract settlers by implying fertile lands, despite its harsh climate, reflecting his strategic use of propaganda."
Why was Freyja revered in Viking settlements along the North Sea?,"Her association with fertility, war, and magic made her a patron of both warriors and farmers, aligning with regional needs."
Where were the most influential Viking chieftains based in Norse society?,"Chieftains centered power in coastal regions and river valleys, particularly in Norway, Denmark, and the Danelaw. These areas facilitated trade, warfare, and governance, making them strategic hubs for Viking leadership."
How did Harald Hardrada's military campaigns contrast with those of Cnut the Great?,"Hardrada focused on rapid, decisive battles to conquer territories, while Cnut prioritized consolidating existing realms through alliances and administrative control. Hardrada's approach led to his 1066 defeat at Stamford Bridge, whereas Cnut secured lasting dominance in England."
Where did Viking trade with the Byzantine Empire primarily occur?,"Viking merchants traded through the Varangian route, centered in Birka and Hedeby. They exchanged furs, amber, and slaves for Byzantine silk, spices, and glassware, establishing a key economic link between Scandinavia and the Eastern Mediterranean."
How did the Varangian Guard's role in the Byzantine Empire shape their identity?,"The Varangian Guard became elite warriors and administrators, adopting Greek Orthodox Christianity while preserving Norse traditions. Their dual role as military enforcers and cultural intermediaries solidified their unique status in Byzantine society."
Which Viking queen played a pivotal role in shaping the political alliances of the 9th century?,"Astrid of Denmark, through strategic marriages to Sigurd the Old and Harald Fairhair, unified Scandinavian realms and strengthened Viking power in the North Sea."
Compare the agricultural practices of Viking settlers in Ireland versus Scandinavia.,"Ireland's Vikings relied on advanced terracing and drystone walls, while Scandinavia focused on slash-and-burn techniques. Both adapted crops like barley and rye to local soils, sustaining raiding and settlement efforts."
What caused the decline of Viking farming in Greenland?,"A combination of climate cooling, soil depletion, and failed trade networks led to agricultural collapse, forcing Norse settlers to abandon Greenland by the 15th century."
Which Viking explorer's journey to North America had the greatest impact on Norse expansion?,"Leif Erikson's 1000s voyage to Vinland demonstrated Norse navigation skills, though limited settlements and lack of sustained colonization prevented lasting influence in the New World."
How did Viking queens influence the succession of Viking Age rulers?,"Queens like Astrid and Lagertha brokered alliances through marriage, secured political power, and contested succession claims, ensuring dynastic continuity amid fragmented Norse societies."
Why did the Battle of Edington (878) mark a turning point for Viking control in England?,"This battle saw Alfred the Great defeat Guthrum, leading to a treaty that divided England, establishing Viking-controlled Danelaw and solidifying Alfred's power. The victory shifted Viking strategy from raiding to settlement."
"When did Halfdan Ragnarsson's raids on the British Isles begin, and what impact did they have on Anglo-Saxon resistance?","Halfdan's raids started in the late 8th century, intensifying Anglo-Saxon defenses. His campaigns forced the British to unite against Viking threats, leading to alliances like the Mercian alliance. This culminated in the Battle of Brunanburh (937), where Anglo-Saxon forces repelled Viking invaders."
How did Viking trade with England during the 9th century influence the spread of Norse culture?,"Viking trade routes facilitated the exchange of goods and ideas, leading to cultural blending. Norse settlers in England adopted local customs, while Scandinavian art and craftsmanship spread, influencing English medieval society and architecture."
Why did Viking warriors favor the use of the seax in battles against Anglo-Saxon armies?,"The seax was a reliable, short sword suited for close combat. Its ease of production and familiarity among Viking warriors made it effective against the longer, heavier swords of Anglo-Saxon fighters, giving Vikings an edge in hand-to-hand combat."
"Who was Ubba Gormsson, and what role did he play in Viking raids on England?","Ubba Gormsson was a 9th-century Viking leader, part of the Great Heathen Army. He led raids on England, notably in the Battle of Maldon (991), where he fought against the Anglo-Saxons. His campaigns expanded Viking influence but ended with his death, marking a shift in Viking strategy toward consolidation rather than conquest."
Which Viking weapon was most commonly used in naval combat along the North Sea?,"The axe was the most prevalent Viking weapon for naval combat, particularly the shipboard axe. Its double-edged design allowed for efficient cutting through enemy hulls during boarding actions. While swords and spears were also used, the axe's utility in close-quarters combat and ship maintenance made it indispensable for Viking raiders."
Historical interpretation of Jarls' role in Viking governance and warfare.,"Jarls were elite chieftains who wielded both political and military power. They led fleets, oversaw land distribution, and managed trade networks. Their authority was hereditary and often symbolized through symbolic roles, such as high priest or advisor, bridging warrior and administrative functions in Viking society."
Which Viking settlements in Scotland were most strategically significant?,"The Orkney and Shetland Islands were key Viking strongholds in Scotland. These settlements controlled vital North Sea trade routes and served as bases for raids into England. Kirkwall, established in the 9th century, became a major administrative and economic center, reflecting the Vikings' strategic dominance over the region."
Which Viking king's reign marked the height of the Great Heathen Army's conquests in England?,"The Great Heathen Army, a coalition of Norse warriors, was not under a single king's rule. However, its campaigns during the late 9th century reshaped Anglo-Saxon England. Key leaders included Ivar the Boneless, who orchestrated the 865 invasion, leading to the eventual subjugation of Northumbria and the establishment of Viking kingdoms in the Danelaw."
Which Viking exploration route led to the discovery of Iceland?,"The Viking exploration route to Iceland followed the 'Eastern Route' from Norway, crossing the North Atlantic. Norse sailors, including Erik the Red, navigated using celestial navigation and drift ice. This route was first used in the 9th century, leading to the settlement of Iceland in 874 and later the discovery of Greenland and Vinland."
"Who was Ivar the Boneless, and what was his role in the Viking conquest of England?","Ivar the Boneless was a legendary Viking leader who commanded the Great Heathen Army in the 9th century. He orchestrated the 865 invasion of England, leading to the capture of York and the establishment of Viking rule in the Danelaw. His strategic campaigns weakened Anglo-Saxon resistance, paving the way for the eventual formation of the Viking Kingdom of England."
Why did Viking traders prefer longships for their journeys?,"Longships were designed for both trade and warfare, allowing swift travel across open waters and shallow rivers. Their shallow draft enabled access to inland waterways, while their speed and maneuverability facilitated long-distance trade routes between Scandinavia, the British Isles, and the Byzantine Empire."
Where were the most significant Viking trade hubs in the British Isles?,"York and Dublin were key Viking trade centers. York became a major market for goods like silver and textiles, while Dublin, established in the late 8th century, served as a hub for exporting Irish silver and importing Scandinavian furs and timber."
Which Norse ruler's conversion to Christianity influenced the broader Viking Age conversions?,"Olaf Trygvesson of Norway, who converted in 995, promoted Christianity through force and diplomacy. His reign marked a turning point, as his policies encouraged Norse elites to adopt Christianity, accelerating the Christianization of Scandinavia."
Why did the adoption of Christianity lead to changes in Viking shipbuilding?,"Christianity encouraged the inclusion of Christian symbols, such as crosses, on ship prows. This shift reflected cultural and religious identity, while also aligning with Christian norms of craftsmanship and spiritual symbolism."
Where did the earliest Christian Viking settlements emerge in Scandinavia?,"Christian Viking settlements first appeared in southern Scandinavia, particularly in Denmark and parts of Sweden, where contact with Christianized Frankish and Byzantine traders facilitated the spread of Christianity among local elites."
"If a Viking queen faced a rival claimant to the throne, how might she leverage her position in Norse society to secure her rule?","Viking queens, though rare, could assert authority through alliances, legal traditions, and maternal lineage. They might negotiate truces, secure support from jarls, or invoke ancestral claims. Their influence often relied on political marriages, strategic patronage, and leveraging the Norse emphasis on kinship and leadership legitimacy."
What challenges did Erik the Red face when establishing settlements in Greenland?,"Erik the Red's Greenland settlements struggled with harsh winters, limited arable land, and isolation. Survivors relied on hunting, fishing, and limited agriculture. Trade with Norse in Vinland and the Eastern Settlement sustained them, but overreliance on these networks and environmental hardships eventually led to abandonment."
How did the Varangians maintain their loyalty to the Byzantine Emperor after their recruitment?,"Varangians were granted hereditary service, military roles, and privileges like land and tax exemptions. They formed elite units in the Byzantine army, earning loyalty through combat prowess and rewards. Their unique status and integration into imperial politics ensured long-term allegiance despite Norse origins."
What role did Viking farming practices play in the sustainability of their settlements in the British Isles?,"Vikings adapted to British soil by using heavy plows, crop rotation, and mixed farming. They integrated livestock like cattle and sheep with grain cultivation, utilizing local resources efficiently. These methods supported long-term settlement, though soil depletion and climate shifts eventually strained agricultural viability."
What role did Viking exploration play in the spread of Old Norse dialects across the North Atlantic?,"Viking exploration facilitated Old Norse dialect diffusion through settlements in Iceland, Greenland, and Vinland. Contact with indigenous peoples and other Norse groups led to linguistic blending. Dialect variations emerged based on regional influences, trade networks, and cultural exchanges, shaping the linguistic landscape of the North Atlantic."
Scenario: A Viking navigator in 1001 faces a storm near Vinland. What navigational tool would they rely on to determine direction?,"Leif Erikson's crew used sunstones to locate the sun during overcast weather, aiding navigation. These calcite crystals refracted sunlight, helping Vikings chart courses despite poor visibility. This technique was critical for their survival in the North Atlantic's unpredictable climate."
Where were the earliest rune stones with Christian inscriptions discovered in Scandinavia?,"Christian rune stones were first found in Sweden's Gotland and Västergötland regions. These hybrid inscriptions, blending Old Norse and Latin script, emerged in the 11th century as Norse paganism declined. They reflect the gradual Christianization of Viking societies."
"What challenge did Ubba's fleet face during the 865 raid on Lindsey, England?","Ubba's forces encountered fortified Anglo-Saxon defenses at Repton. The Norse had to breach the town's walls using siege engines, marking a turning point in the raid. This victory solidified Viking dominance in the region and spread their influence southward."
Where did the Great Heathen Army establish its winter base after the 865 invasion of England?,"The Great Heathen Army wintered at Repton in 866, using its fortifications to withstand Anglo-Saxon counterattacks. This strategic base allowed them to launch further campaigns, ultimately leading to the submission of Northumbria by 867."
What role did Viking traders play in the establishment of the Kievan Rus state in 9th-century Russia?,"Viking traders, known as Varangians, facilitated commerce between Scandinavia and Byzantium via the Volga River. Their control of trade routes enabled the rise of Kievan Rus, with leaders like Rurik consolidating power through economic dominance and military alliances."
Which Viking artifact reveals their trade connections with the Byzantine Empire?,"The Gjermundbu Helmet, discovered in Norway, features a Byzantine-style brooch, indicating trade links. Such artifacts highlight the exchange of goods and cultural influences between Scandinavia and the Eastern Mediterranean during the Viking Age."
Where were the earliest Viking longships discovered in Norway?,The Viking longships were found in the Oseberg Ship burial (834 CE) and the Gokstad Ship (820s CE) in Oslofjord. These sites are key archaeological sites that showcase Viking shipbuilding techniques and maritime prowess.
Which farming technique did Viking settlers use to sustain their settlements in the British Isles?,"The Vikings employed crop rotation and intercropping, alternating cereals with legumes and root vegetables. This practice preserved soil fertility and ensured food security, supporting long-term settlement in regions like East Anglia and the Danelaw."
Where did the Byzantine Empire recruit Viking warriors as elite soldiers?,"The Varangians were recruited in the 9th century and stationed at the Halkin Tower near the Imperial Palace. Their loyalty was secured through high pay and privileged status, making them a key military force in Byzantine defense."
Who led the Viking expedition that established the first permanent settlement in Vinland?,"Leif Erikson, son of Erik the Red, led the 1000 CE expedition. His crew established the Eastern Settlement in Newfoundland, marking the first known European settlement in North America."
How did Viking exploration routes in the North Atlantic differ from their trade routes in the Baltic Sea?,"Viking exploration in the North Atlantic focused on distant lands like Greenland and Vinland, using longships for open-sea voyages. Trade in the Baltic relied on shorter, coastal routes for goods like furs and amber, with smaller vessels. Exploration emphasized discovery, while trade prioritized established networks and resource exchange."
What role did Viking settlements in Scotland play in shaping the region's medieval political landscape?,"Viking settlements in Scotland, such as Dubgallan and Orkney, established Norse kingdoms that blended with local Gaels. They influenced governance, law, and culture, creating hybrid polities like the Kingdom of the Isles. These settlements facilitated trade and military alliances, leaving a lasting legacy in Scottish history."
How did Erik the Red's leadership contribute to the survival of Greenland's Viking settlements?,"Erik the Red organized Greenland's settlements by dividing land among Norse settlers and promoting self-sufficiency. He established a system of governance and resource management, ensuring cooperation. His leadership fostered resilience against harsh conditions, though eventual decline stemmed from isolation and environmental challenges."
What comparison can be drawn between Viking trade in the North Sea and their interactions with the Byzantine Empire?,"Viking trade in the North Sea centered on regional goods like silver and slaves, using established coastal routes. Their interactions with the Byzantine Empire involved long-distance exchanges of luxury items, such as furs and walrus ivory, facilitated by intermediaries. Both networks relied on maritime skill but differed in scale and cultural integration."
How have archaeological findings in Scotland challenged previous assumptions about Viking cultural influence?,"Archaeology in Scotland reveals extensive Viking cultural integration, such as Norse-Christian hybrid art and bilingual inscriptions. Sites like Skara Brae show coexistence with local communities, not mere conquest. These findings highlight shared traditions and adaptation, reshaping views of Viking impact on Scottish society."
Where did Viking queens like Astrid of Sweden exert influence over trade networks?,"Viking queens like Astrid of Sweden influenced trade through strategic marriages and political alliances, particularly in the Baltic and North Sea regions. They brokered deals with Byzantine merchants and controlled key ports, ensuring safe passage for goods like furs and silver."
Why did Jarls dominate Viking economic governance in Scandinavian towns?,"Jarls controlled Viking economies by overseeing trade, taxation, and resource allocation. Their authority stemmed from hereditary status and military power, enabling them to regulate markets and protect trade routes across the North Sea."
Where were Viking longships primarily built to facilitate rapid raids?,"Longships were primarily built in coastal areas of Scandinavia, such as Gotland and the Oslofjord. These shipyards produced vessels optimized for speed and flexibility, enabling swift voyages across the North Sea and beyond."
Why did Viking rulers adopt Christianity despite pagan traditions?,"Viking rulers converted to Christianity to strengthen alliances with Christian kingdoms, secure political legitimacy, and access Byzantine trade networks. Conversion also helped unify diverse Norse regions under a common faith by the late 10th century."
Where did Harald Hardrada's forces confront the English army on the final day of the Battle of Hastings?,"Harald Hardrada's forces clashed with the English army at Hastings on October 14, 1066. The battle, marked by the fatal injury to Harald, ended in a decisive English victory, ending Viking rule in England."
Scenario: A Viking trader in 980 CE arrives at a market in Dublin. What commodity would they most likely exchange for silver?,"Viking traders in Dublin would exchange wool, hides, and livestock for silver. This transaction reflects the North Sea trade network's reliance on livestock exports and the use of silver as a standardized currency."
Historical interpretation: How do the sagas of Ragnar Lothbrok reflect Viking-era political ambitions?,"Ragnar Lothbrok's sagas blend myth and history, portraying him as a legendary leader unifying Viking tribes. They reflect the era's competitive leadership dynamics and the desire to legitimize power through epic narratives."
Where was the primary Viking trade hub connecting the Baltic Sea to the North Sea?,"Hedeby, located in present-day Schleswig, was the main Viking trade hub. It facilitated commerce between the Baltic and North Seas, linking Scandinavian markets with the Frankish and Anglo-Saxon worlds."
Scenario: A Viking farmer in 850 CE faces a harsh winter. Which crop rotation technique would they employ to ensure survival?,"Viking farmers used the three-field system, rotating crops between arable fields, fallow land, and pasture. This method preserved soil fertility and ensured food security during harsh winters."
What role did Ubba play in the Viking expansion of the Danelaw?,"Ubba, a Viking leader, consolidated control over eastern England's Danelaw by securing key river crossings and alliances with Mercian nobles. His governance established a hybrid system blending Viking and Anglo-Saxon administrative practices, stabilizing Viking rule in the region."
Scenario: A Viking trader in 9th-century Dublin faces a naval threat. Which defensive strategy would they deploy?,"Viking traders would construct a wooden palisade around their settlement, using watchtowers for early warning. They might also position their longships in a defensive line, ready to repel attacks swiftly with harpoons and boarding hooks."
Cause-effect: How did the decline of the Anglo-Saxon kingdom of Mercia contribute to Viking rule in East Anglia?,"Mercia's weakened central authority after 869 CE allowed Viking warlords to seize control of East Anglia. The lack of a strong defense enabled the Danes to establish an autonomous kingdom, merging with local elites and solidifying Viking dominance."
What commodity did Halfdan the White's raids in Northumbria primarily target to finance his military campaigns?,"Halfdan the White's raids focused on seizing silver and gold from monasteries and aristocratic estates. These riches funded his military expeditions, enabling him to expand Viking influence across eastern Britain."
Scenario: A Viking longship arrives at a trading post in Kiev. Which local goods would they exchange for Byzantine silver?,"Vikings would barter furs, wax, and slaves for Byzantine silver. They might also trade amber and walrus ivory, leveraging Kiev's role as a hub for connecting Baltic and East European markets."
What was the primary function of Thing assemblies in Viking society?,"Thing assemblies served as democratic forums for legal adjudication, dispute resolution, and collective decision-making. They convened in open fields, where free men debated laws, settled conflicts, and voted on policies, reflecting a blend of governance and communal accountability central to Viking political structures."
Historical interpretation: How did Leif Erikson's expeditions challenge traditional views of Viking exploration?,"Leif Erikson's voyages to Vinland (c. 1000 CE) demonstrated Norse transatlantic capabilities, prefiguring later European exploration. His journeys highlight the Vikings' navigational prowess and curiosity, challenging the notion that their explorations were solely driven by raiding, instead emphasizing expansion and settlement."
Comparison: How did Viking trade networks in Russia differ from those in the North Sea?,"Viking trade in Russia focused on the Volga and Dnieper rivers, linking Byzantium with the Baltic, while North Sea networks centered on amber, furs, and slaves. Russian routes emphasized land-based commerce via the Varangians, whereas North Sea trade thrived on maritime routes and coastal markets."
What historical role did Ubba play in the Viking conquest of the Danelaw?,"Ubba, a key leader in the 860s, orchestrated the 865 Great Army's invasion of East Anglia, leading to the establishment of the Danelaw. His strategic campaigns secured Norse dominance over Anglo-Saxon territories, reshaping England's political landscape through military and administrative control."
How did Viking raids on France in the 9th century compare to their attacks on England?,"Viking raids on France targeted monasteries and coastal towns for wealth, while attacks on England focused on urban centers and monastic estates. France's fortified cities and stronger central authority led to prolonged conflicts, whereas England's fragmented Anglo-Saxon kingdoms facilitated easier conquest and settlement."
What was the primary legal code governing Viking settlements in the Danelaw?,"The Danelaw's legal system combined Norse and Anglo-Saxon traditions, with the Ting assembly enforcing laws like the 'Law of the Land.' These regulations addressed property disputes, crimes, and trade, reflecting a blend of Scandinavian and English governance. Courts used fines and blood feuds to resolve conflicts, ensuring social order in conquered territories."
Scenario: A Viking ship arrives in Vinland. What local resource would they prioritize for trade?,"Vikings in Vinland would prioritize trading local resources like timber, cod, and grapes for European goods. They exchanged surplus food and raw materials for luxury items such as silver, tools, and textiles, fostering early transatlantic commerce."
What role did Viking queens like Astrid of Sweden play in political alliances?,"Viking queens like Astrid of Sweden used marriages and diplomacy to secure power. They forged alliances with rival kings, ensuring stability and resources. Their influence extended to trade routes and military campaigns, reflecting the political agency of female leaders in Viking societies."
Scenario: A Viking trader in 9th-century England faces a tax demand. What legal mechanism would they use to avoid it?,"A Viking trader might use the 'Danegeld' tax evasion tactic by offering tribute in goods rather than coin. They could also leverage their status as foreign merchants to negotiate exemptions, exploiting the vulnerability of Anglo-Saxon rulers to Viking threats."
Why did Cnut the Great consolidate power over the Anglo-Saxon kingdoms in the 1010s?,"Cnut the Great unified England, Denmark, and Norway by defeating rivals and securing alliances. His military campaigns, including the 1016 Battle of Maldon, solidified control. He established a centralized administration, blending Viking and Anglo-Saxon governance to maintain stability and economic prosperity across his realms."
Who was the first Viking ruler to convert to Christianity in the 9th century?,"Olaf Trygvason of Norway, who converted in 995, became a key figure in the Christianization of Scandinavia. His reign marked a shift toward adopting Christian practices, influenced by diplomatic ties with the Holy Roman Empire and the need to legitimize Viking expansion."
When did the Viking conversion to Christianity begin in the Danelaw?,"The Danelaw's conversion began in the late 9th century, accelerating after 954 when Archbishop Aethelwold of Canterbury reformed English monasticism. Viking leaders adopted Christianity to strengthen political alliances and integrate into Christendom, though pagan practices persisted in rural areas."
Who led the Viking mission to convert the pagan Witenagemot in England?,"Archbishop Sigeric of Canterbury, a former Viking, led efforts to convert the Anglo-Saxon Witenagemot in the 10th century. His work, alongside King Æthelred the Unready, transformed England's religious landscape, blending Christian doctrine with existing Viking governance structures."
When did Viking children typically start learning to read and write?,"Viking children began literacy training in the 9th century, primarily among the elite. Boys learned runes for record-keeping, while girls focused on domestic skills. Education was informal, often taught by monks or Norse scholars, and emphasized oral traditions alongside basic literacy."
"Who was Ubba's brother, and what was his significance in Viking politics?","Ubba's brother was Ivar the Boneless, a key leader of the Great Heathen Army. Ivar's military campaigns in England and Francia expanded Viking influence, while Ubba's raids in the Danelaw solidified Norse control over eastern England through strategic conquests."
How did Leif Erikson's exploration of Vinland compare to Norse sagas' accounts?,"Leif Erikson's 10th-century Vinland expedition, documented in the *Eirik the Red's Saga*, describes temporary settlements in Newfoundland. Historical evidence supports limited Norse presence, contrasting with sagas' romanticized tales of permanent settlements and conflict with indigenous peoples."
"When did Viking raids on Scotland intensify, and what triggered this escalation?","Viking raids on Scotland intensified in the 840s following the Battle of Largs. The defeat of the Scottish-Norse alliance there prompted retaliatory raids, driven by Norse ambitions to control the North Sea and exploit Scotland's fertile lands and strategic ports."
"Who was Halfdan the White, and what was his role in Viking expansion?","Halfdan the White was a 9th-century Viking leader who expanded Norse influence in Northumbria. His campaigns targeted monastic sites like Lindisfarne, using plunder to fund military ventures. He later joined the Great Heathen Army, aiding the conquest of England's eastern kingdoms."
Scenario: A Viking trader in 9th-century Paris faces a Frankish tax. What strategy would they use to evade it?,"They might pay in kind with furs, honey, or slaves to avoid currency, or negotiate with local nobles to secure exemptions through political alliances, leveraging their reputation for trade."
"When did Ragnar Lothbrok's raids on Francia begin, and what triggered them?","Around 840, triggered by Frankish expansion into Norse territories. Ragnar's raids aimed to retaliate against Charlemagne's campaigns and secure resources, reflecting Viking strategies of plunder and political leverage."
Scenario: A Viking chieftain in Normandy negotiates a treaty with the Carolingian court. What terms would they seek?,"They would demand land grants, tax exemptions, and military support in exchange for loyalty, aiming to establish a semi-independent duchy while maintaining control over regional trade and military resources."
Which Norse god was associated with war and the afterlife?,"Odin was the Norse god associated with war, wisdom, and the afterlife. He ruled Valhalla, where fallen warriors feasted, and was revered for his role in fate and prophecy."
Which Viking ship component enabled long-distance open-sea travel?,"The Viking longship's sail enabled swift open-sea navigation, while its shallow draft allowed river travel. This design facilitated trade and raids across vast distances."
When did the earliest recorded Thing Assembly in Sweden occur?,"The earliest recorded Thing Assembly in Sweden occurred around 800 AD, establishing a legal and political framework for Norse governance and dispute resolution."
Who led the Viking Rus' mission to establish trade in the Volga region?,"Rurik led the Viking Rus' mission to establish trade in the Volga region, founding the state of Rus' and connecting Norse settlements with the Byzantine Empire through the Dnieper trade route."
Which Norse group became the elite Varangian Guard of the Byzantine Empire?,"The Varangians, Norse warriors from the Rus' and Scandinavian tribes, became the elite Byzantine Varangian Guard, serving as the emperor's personal bodyguard from the 9th century onward."
How did Harald Fairhair consolidate power over Norway's fragmented kingdoms?,"Harald Fairhair employed military campaigns and strategic alliances to unite Norway. By defeating rivals at the Battle of Hafrsfjord in 872, he centralized authority, establishing a hereditary monarchy. His success relied on both force and securing key coastal strongholds, transforming Norway into a unified realm."
"When did Harald Hardrada's invasion of England begin, and what triggered it?","Harald Hardrada's invasion began in 1066 after he secured the English throne by supporting Duncan's sons. Seeking to expand his realm, he launched the campaign following William of Normandy's claim to the English crown. His navy landed at Pentele, aiming to challenge William's succession."
What historical interpretation exists regarding the Norse gods' influence on Viking society?,"Scholars interpret Norse gods as central to Viking identity, reflecting values like honor and fate. The Aesir, particularly Odin, symbolized wisdom and warfare, while Thor represented protection. Their worship declined with Christianization, but their legacy persisted in folklore and legal traditions."
How was Ivar the Boneless perceived by his contemporaries?,"Ivar was revered as a brilliant military leader by his followers, known for his strategic genius in the Great Heathen Army. His nickname, 'Boneless,' likely originated from enemies, possibly referencing his physical traits or tactics. He played a pivotal role in the Danish conquest of England."
"When did the earliest recorded Thing Assembly in Sweden occur, and what was its purpose?","The earliest recorded Thing Assembly in Sweden dates to 800 AD, as evidenced by runestone inscriptions. These assemblies served as legal and administrative forums for resolving disputes, enacting laws, and governing local communities, reflecting the Norse emphasis on collective decision-making."
Where were the earliest recorded Norse laws compiled?,"The earliest Norse laws were compiled in the 9th century, primarily in the Danelaw region of England and Sweden. These legal codes, like the Saxon Laws, regulated property, marriage, and warfare, reflecting a blend of Germanic and Norse traditions."
What design feature enabled longships to navigate open seas?,"Longships featured a single, narrow mast and a shallow draft, allowing them to travel both coastal waters and open seas. Their lightweight construction and sturdy hulls enabled swift, long-distance voyages, crucial for Viking raids and exploration."
Historical interpretation: How did Thing Assemblies influence Norse society?,"Thing Assemblies reinforced communal values and social hierarchy by legitimizing leadership through collective agreement. They preserved traditions, mediated conflicts, and maintained order, shaping Norse identity and governance across the Viking Age."
What triggered Harald Hardrada's 1066 English invasion?,"Harald Hardrada invaded England in 1066 to claim the throne after King Edward the Confessor's death, which he believed secured him the crown. He sought to counter William of Normandy's claim, aiming to unite Norway and England under his rule."
Why did Vikings favor three-field crop rotation in their farming practices?,"Vikings adopted three-field rotation to maximize soil fertility and yield. By dividing land into autumn, spring, and fall fields, they ensured continuous harvests while allowing soil to recover. This system reduced famine risks and supported growing populations, aligning with their need for stable food supplies in agrarian societies."
Which structures were central to the layout of Viking longhouses?,"Viking longhouses featured a central hearth for warmth and cooking, with axial layouts emphasizing communal spaces. Timber-framed walls and thatched roofs defined their design, while sleeping areas and storage compartments were arranged along the length. These structures reflected social hierarchies and practical living needs."
Historical interpretation: How did Odin's role as a war god shape Viking rituals?,"Odin's association with war and wisdom influenced rituals like sacrifices to his ravens, Huginn and Muninn. Norse texts suggest offerings of weapons or captives to secure victory. His mythic self-sacrifice on Yggdrasil reinforced themes of courage and fate, deeply embedded in Viking warfare and leadership."
Which English site best exemplifies Viking settlement patterns in the 9th century?,"Dublin, Ireland, showcases Viking settlement patterns through its grid-like layout and extensive shipbuilding industries. The city's strategic position as a trade hub and its distinctive Viking-age architecture, such as the Dublin Longphort, reflect organized settlement and economic integration with the broader Norse world."
Scenario: A Viking chieftain in Orkney negotiates with a Scottish king. What demands would they prioritize?,"The chieftain would demand tribute in silver and cattle, secure trade rights along the Scottish coast, and protection from rival clans. The Scottish king might offer land grants in exchange for military alliances, ensuring mutual dominance over the region's resources and strategic routes."
What role did the Viking economy play in Scotland's 9th-century political landscape?,"Viking trade networks facilitated the exchange of silver, livestock, and timber, enriching Scottish kings and chieftains. This economic power enabled alliances, military campaigns, and the eventual integration of Norse and Gaelic elites, reshaping Scotland's feudal structures."
Compare Viking longships to the ships of the Frankish navy. What advantages did they hold?,"Viking longships featured shallow drafts and flexible keels for coastal raids, while Frankish ships were bulkier for river transport. Longships' dragon prows and single-mast design allowed swift open-sea travel, giving Vikings tactical superiority in raids and exploration."
What challenges did Viking kings face in consolidating power over fragmented kingdoms?,"Viking kings struggled against rival clans, external threats, and internal dissent. Success required military campaigns, strategic marriages, and alliances with local rulers. Persistent rebellions and the need to balance tribute systems often delayed centralized control."
Scenario: A Viking chieftain debates converting to Christianity. What factors influence their decision?,"The chieftain weighs political alliances with Christian kingdoms, the economic benefits of trade with Rome, and the social pressures of Christianized Norse elites. Conversion could secure power but risks alienating pagan followers, requiring careful negotiation of tradition and faith."
Scenario: A Viking merchant in Dublin faces a tariff dispute. How did Viking economic networks typically resolve such conflicts?,"Viking merchants resolved trade disputes through mutual agreements and local chieftain mediation. They relied on established trade routes and shared cultural practices to maintain stability. Tariffs were often negotiated via gift exchanges or concessions, reflecting the communal ethos of Viking trade networks."
"Where were the earliest Norse law codes compiled, and what role did they play in Viking society?","The earliest Norse law codes were compiled in Denmark, Sweden, and Norway. These codes, like the *Grágás*, standardized justice, resolved disputes, and reinforced social hierarchies. They balanced communal welfare with individual rights, reflecting Viking Age governance."
How did Jarls manage economic resources in Viking settlements during the 9th century?,"Jarls oversaw resource distribution through a mix of tribute collection and communal labor. They controlled trade routes and redistributed surplus to sustain settlements. This system ensured stability, with loyalty to the jarl being critical for economic survival."
Scenario: Ivar the Boneless leads a Viking fleet. What strategic advantage did his nickname imply during raids?,"Ivar's nickname, 'Boneless,' signified his mastery of mobility and deception. He exploited terrain and weather to outmaneuver enemies, using surprise and rapid strikes. This allowed his fleet to bypass strongholds, focusing attacks on vulnerable targets."
Where did Viking Age trade networks most significantly impact Scotland's 9th-century political landscape?,"Viking trade networks reshaped Scotland's politics by fostering alliances with the Picts and Britons. Control of key ports like York and Dublin enabled Viking chieftains to exert influence, blending commerce with political power and reshaping regional power dynamics."
Which Scottish regions saw the most significant Viking settlement during the 9th century?,"The Western Isles and Shetland, due to their strategic trade routes and access to rich fishing grounds, attracted Norse settlers who established longhouses and fortified strongholds."
Who was responsible for enforcing Viking laws in Scottish territories?,"Jarls and local chieftains oversaw legal matters, resolving disputes through assemblies and ensuring compliance with the Ting laws, which emphasized communal justice."
Which structures were central to Viking daily life in Scotland?,"Longhouses served as communal living spaces with hearths for cooking, while wattle-and-daub buildings housed livestock, reflecting a blend of Norse and local architectural traditions."
What strategic advantage did the Varangian Guard's loyalty to the Byzantine Emperor provide during the 10th century?,"The Varangians' unwavering loyalty ensured their role as elite bodyguards, securing imperial power and facilitating trade networks. Their presence in Constantinople also protected Byzantine interests in the Baltic and Black Seas, enhancing political stability."
Scenario: A Viking jarl faces a rival claimant to his territory. How did Viking law resolve such disputes?,"Viking law codes required contested claims to be settled through public assemblies (things), where evidence and oaths determined validity. If unresolved, blood feuds or judicial combat might occur, though settlements often involved compensatory payments or political alliances."
Historical interpretation: How did Viking settlements in Normandy influence medieval European politics?,"Viking leaders like Rollo established the Duchy of Normandy, blending Norse governance with Frankish institutions. This created a powerful duchy that later shaped French feudalism and contributed to the Norman Conquest of England in 1066."
Which Viking leader's saga inspired the 12th-century epic *Vikings* by Snorri Sturluson?,"Ragnar Lothbrok's legendary exploits, including his raids on Francia and England, became central to Norse sagas. Snorri's *Heimskringla* transformed these tales into foundational myths, cementing Ragnar's status as a cultural icon of Viking heroism."
Which Viking artifact provides the most insight into their metalworking techniques?,"The Gjermundbu sword, discovered in Norway, showcases advanced Viking metalworking with its folded steel blade, demonstrating mastery of heat treatment and alloy composition."
Why did Viking warriors prefer the seax over other weapons?,"The seax's short, curved blade allowed for quick, powerful cuts in close combat, making it ideal for both warfare and daily tasks, reflecting Viking practicality and versatility."
Historical interpretation: How did the Dún Ailpin site in Ireland reveal Viking settlement patterns?,"The Dún Ailpin hillfort's fortified structure and associated artifacts indicate Viking control over strategic Irish coastal sites, blending military and economic functions in their settlements."
Which Viking weapon was most associated with elite warriors?,"The Daneaxe, a heavy double-edged weapon, symbolized status and power among Viking elites, combining utility in battle with ceremonial significance."
Why did Cnut the Great standardize laws across his realm?,"Cnut unified Danish, Anglo-Saxon, and Norse legal codes into the Danelaw, ensuring administrative consistency and reducing internal conflicts to strengthen his centralized rule."
"When did the Viking Age's conversion to Christianity accelerate, and what event catalyzed this shift?","The Viking Age's Christianization accelerated in the late 9th to early 10th centuries. The Battle of Æscalaby (879) and the Danish King Harald Bluetooth's baptism in 960 marked key turning points, as Christian rulers promoted conversion to secure alliances and consolidate power."
Compare Harald Hardrada's military strategies to those of earlier Viking leaders like Ragnar Loðbrók.,"Harald Hardrada emphasized centralized command and combined land-sea operations, unlike earlier leaders who relied on decentralized raids. His use of elite Varangian Guard tactics and coordinated sieges reflected a shift toward organized state warfare, not just plunder."
Historical interpretation: How did the decline of Norse gods reflect broader societal changes in the Viking Age?,"The decline of Norse gods mirrored the spread of Christianity and the rise of centralized kingdoms. As Viking societies adopted Christian institutions and laws, older pagan practices faded, showing adaptation to new political and religious frameworks."
"When did Ivar the Boneless' leadership in the Great Heathen Army begin, and what was its primary goal?","Ivar's leadership began in 865 with the Great Heathen Army's invasion of England. Its goal was to conquer pagan Anglo-Saxon kingdoms, establish Norse dominance, and create a unified Danish state in the region."
Compare Viking longships to Anglo-Saxon ships in terms of design and purpose.,"Viking longships were sleek, fast, and shallow-drafted for raiding and coastal travel, while Anglo-Saxon ships were broader and sturdier for trade and coastal defense. Viking designs prioritized speed and versatility, whereas Anglo-Saxon vessels emphasized cargo capacity and stability."
How did Viking social mobility differ from medieval feudal systems?,"Viking social mobility allowed jarls to rise through merit and military success, unlike feudal systems where status was hereditary. This fluidity was tied to raiding and governance, enabling leaders to consolidate power through alliances and conquests. Unlike medieval Europe's rigid hierarchy, Norse society prioritized personal valor and leadership, fostering dynamic political structures."
What caused the unification of Denmark under Cnut the Great?,"Cnut's unification of Denmark stemmed from his military victories over rival factions and strategic marriages, including his union with Emma of Normandy. By centralizing authority and standardizing laws, he created a cohesive realm, securing his legacy as a unifier through both force and diplomacy."
How did Viking artifacts like the Oseberg ship reveal trade networks?,"The Oseberg ship's artifacts, including intricate carvings and textiles, reveal extensive trade networks linking Scandinavia to the British Isles and Byzantium. These items indicate Viking commerce in luxury goods, showcasing their role as traders and the cultural exchanges facilitated by their seafaring prowess."
How did Viking farming practices in Scandinavia differ from those in Anglo-Saxon England?,"Viking Scandinavia used a three-field system for crop rotation, maximizing arable land, while Anglo-Saxon England relied on two-field systems. Scandinavians prioritized livestock grazing, adapting to harsher climates, whereas England focused on cereal cultivation. Both regions integrated mixed farming, but Viking settlements emphasized communal land management."
What role did the Varangian Guard play in shaping Byzantine military strategy?,"The Varangian Guard, composed of Norse mercenaries, provided the Byzantine Empire with elite combat units. Their loyalty ensured stable military command, enabling complex tactics like siege warfare. Their presence also facilitated cultural exchange, blending Norse and Byzantine military traditions and reinforcing imperial authority."
How did the Byzantine Empire's trade routes intersect with Viking expansion in the 9th century?,"Byzantine routes along the Black Sea and Mediterranean linked to Viking trade networks in Eastern Europe. Vikings accessed Byzantine markets via the Dnieper River, exchanging furs, slaves, and amber for silk and spices. This overlap spurred political alliances and economic integration between Norse and Byzantine powers."
What impact did Ivar the Boneless have on the political fragmentation of Eastern Europe?,"Ivar's leadership of the Great Heathen Army destabilized East Anglia, Denmark, and Norway, creating power vacuums. His campaigns weakened local rulers, fostering rivalries that prolonged fragmentation. This allowed Norse chieftains to establish semi-autonomous realms, delaying centralized governance in the region."
How did Viking religious beliefs influence their burial practices compared to other Germanic cultures?,"Vikings buried the dead with weapons, jewelry, and goods, reflecting their warrior ethos and Norse cosmology. Unlike other Germanic groups who used simpler rituals, Vikings emphasized grandeur, often placing bodies in ships or mounds. This practice underscored their belief in an afterlife where status and riches were essential."
"Scenario: If Cnut the Great had not unified Denmark, how might the North Sea region have evolved?","Without Cnut's unification, Denmark might have remained fragmented. Competing chieftains could have led to prolonged conflicts, delaying Scandinavian expansion into England and Eastern Europe. The North Sea trade network might have developed more slowly, altering economic and political dynamics in the region."
Historical interpretation: How did Viking farming techniques in Iceland differ from those in Norway?,"Icelandic Vikings relied on hardy crops like barley and rye due to harsh climate, while Norwegians grew wheat and oats. Icelandic settlers used communal land management, whereas Norway's farming focused on pastures and livestock. These adaptations reflect environmental challenges and resource availability."
"Scenario: In a hypothetical battle, how might Viking tactics have influenced the outcome of the Battle of Stamford Bridge?","If Viking tactics had emphasized slower, coordinated charges rather than rapid raids, the Battle of Stamford Bridge might have resulted in fewer casualties. The reinforced shield walls and disciplined formations could have countered the Anglo-Saxon forces more effectively, altering the course of the conflict."
Where were Viking Thing assemblies typically held?,"Viking Thing assemblies were held in open fields called Þingvæði, often near sacred sites or strategic locations. These gatherings facilitated lawmaking, dispute resolution, and communal decision-making, reflecting Norse governance's emphasis on collective participation and public accountability."
Who led the Norse settlement in Vinland?,"Leif Erikson, son of Erik the Red, led the Norse settlement in Vinland around 1000 CE. His expedition, documented in the Saga of the Greenlanders, established temporary outposts in Newfoundland, marking the first European presence in North America."
Scenario: How might Viking tactics have influenced the Battle of Hastings?,"Viking tactics, such as swift raids and feigned retreats, could have disrupted William the Conqueror's forces. Their use of longships for rapid assaults might have overwhelmed Anglo-Saxon defenses, altering the 1066 battle's outcome by exploiting terrain and mobility."
Where did the Norse aristocracy reside in Viking society?,"The Norse aristocracy lived in longhouses, often on elevated land or near strategic waterways. These residences symbolized status and controlled resources, reflecting a hierarchical society where elite families wielded political and economic power."
"Who discovered the Oseberg ship, revealing Viking craftsmanship?","Norwegian archaeologist Johan Wiegand discovered the Oseberg ship in 1904, near Oslofjord. This 79-meter-long burial ship, dating to 820 CE, showcased advanced Viking shipbuilding techniques and trade connections across the North Sea and beyond."
Historical interpretation: How did Viking laws address trade disputes with Byzantine merchants?,"Viking laws, like the Icelandic Grágás, emphasized restitution over fines for trade disputes. Merchants faced penalties for fraud, while arbitrators resolved conflicts. These codes ensured fair practices in international trade, reflecting Norse legal systems' adaptability to cross-cultural commerce."
"Scenario: If Erik the Red had not founded Greenland, how might Norse expansion in the North Atlantic have shifted?","Without Greenland, Norse exploration might have focused on Vinland or Iceland. Reduced settlements in Greenland could have weakened Viking presence in the North Atlantic, altering interactions with Indigenous peoples and delaying transatlantic voyages by centuries."
What role did Viking laws play in regulating the treatment of slaves in Scandinavian societies?,"Viking laws, such as the Norwegian Frostathing, set standards for slave treatment, prohibiting mistreatment and allowing manumission. Slaves could earn freedom through service or ransom, reflecting Norse legal systems' emphasis on social order and individual rights."
Which Viking leader unified Denmark and England under a single rule?,"Cnut the Great unified Denmark, Norway, and England through military conquests and strategic alliances, establishing the North Sea Empire in the early 11th century."
What role did Thing assemblies play in Viking governance compared to Anglo-Saxon moots?,"Thing assemblies in Viking societies handled legal disputes, passed laws, and elected chieftains, while Anglo-Saxon moots focused more on local justice and land management."
How did Viking daily life differ from that of medieval European peasants?,"Viking peasants engaged in farming, fishing, and trade, while medieval European peasants often worked serf-like roles on manorial estates, with less autonomy in Viking communities."
Compare Viking axes to Anglo-Saxon swords in design and purpose.,"Viking axes featured broad blades for heavy combat and beheading, while Anglo-Saxon swords were narrower and longer for thrusting. Axes were common among warriors, whereas swords were elite weapons."
Who was the Norse leader whose Greenland settlement influenced later voyages to Vinland?,"Erik the Red, who founded the Eastern and Western settlements in Greenland in the early 11th century, inspiring later Norse expeditions to Vinland."
"Which Viking ruler's reign marked the height of the North Sea Empire's influence over England, Denmark, and Norway?","Cnut the Great, who unified these regions in the early 11th century, establishing a powerful North Sea Empire that shaped medieval European politics."
"Scenario: If Ubba had survived the Battle of Maldon, how might the Viking presence in eastern England have evolved?","Ubba's survival might have prolonged Viking raids, delaying Anglo-Saxon defensive consolidation and shifting the balance of power in the region."
"Which Viking-era practice involved the use of runes for recording legal codes, memorials, and personal messages?","Rune stones and inscriptions were used to document laws, commemorate victories, and convey messages, reflecting Viking society's emphasis on oral tradition and written records."
Who was the key figure in the Viking Age who played a pivotal role in the development of the Normandy region?,"Rollo, the Norse chieftain who led the Danelaw settlement in Normandy in 911, laying the foundation for its eventual rise as a medieval power."
What role did Viking queens play in political alliances during the Viking Age?,"Viking queens, like Astrid of Sweden and Gyda of Denmark, often secured alliances through marriage, strengthening political power. They mediated disputes and influenced leadership transitions, ensuring stability in fragmented Norse kingdoms. Their roles extended beyond royal lineage, with some, like Lagertha, mythologized as warriors, reflecting societal reverence for female strength."
How did Viking traders finance long-distance voyages to the Byzantine Empire?,"Viking traders used a mix of silver, furs, and amber as currency to finance voyages. They bartered goods like wool and honey for luxury items such as silk and spices. Credit systems and joint ventures among Norse merchants also facilitated large-scale trade, linking Scandinavia to Eastern markets via the Volga and Dnieper rivers."
What was Ubba's role in the Viking raids on eastern England?,"Ubba, a 9th-century warlord, led brutal raids on eastern England, including the Battle of Maldon in 991. His campaigns weakened Anglo-Saxon defenses, enabling sustained Viking pressure. His tactics combined naval superiority and land incursions, shaping Viking strategies in the Danelaw and influencing later settlement patterns."
What were the key features of Viking longhouses in settlements?,"Viking longhouses in settlements were timber-framed, single-room structures with thatched roofs. They housed extended families, featured central hearths, and included storage areas. In Iceland, they were built on volcanic rock foundations to withstand harsh weather, reflecting adaptability to diverse environments."
"How did the Viking Age end, and what factors contributed to its decline?","The Viking Age declined by the 11th century due to Christianization, centralized kingdoms, and shifting trade routes. Norwegian kings consolidated power, while Danish and English crowns integrated Viking territories. Declining longship efficiency and overreliance on raiding weakened their maritime dominance, marking the transition to medieval Europe."
Which archaeological site in Scotland reveals Viking trade connections with the Mediterranean?,"The Dorestad trade center, though primarily in the Netherlands, influenced Scottish Viking settlements. The Lamlash Brooch, found in Scotland, showcases Norse and Pictish artistry, indicating cultural exchange. Excavations at Kiggery Bay reveal Norse metalworking techniques, linking Scottish Vikings to broader trade networks."
Who was the rival of Harald Fairhair in the struggle for the Norwegian throne?,"Eirik Bloodaxe, a son of Ragnar Lodbrok, contested Harald's rule. Their conflict culminated in the Battle of Svolder (995), where Eirik's fleet was defeated, securing Harald's dominance over Norway."
Compare the military strategies of Ivar the Boneless and Harald Hardrada in their campaigns against England.,"Ivar employed divide-and-conquer tactics, exploiting Anglo-Saxon internal divisions. Harald Hardrada focused on rapid, decisive assaults, as seen at Stamford Bridge. Ivar's long-term control over eastern England contrasted with Hardrada's brief, aggressive campaigns."
Which Viking ruler's campaigns extended the North Sea Empire's influence to the British Isles?,"Harald Fairhair's conquests unified Norway and expanded Viking power. His successor, Sigurd I, further extended influence, while Ivar the Boneless and his brother Bjorn established dominance in eastern England, linking the North Sea Empire to the British Isles."
Who led the Great Heathen Army that invaded England in the late 9th century?,"Ivar the Boneless, alongside brothers Bjorn and Ubba, led the Great Heathen Army. Their campaigns devastated East Anglia, established the Danelaw, and reshaped Anglo-Saxon politics, though their exact roles remain debated among historians."
How did Viking trade networks in Scotland differ from those in England?,"Viking trade in Scotland focused on Norse-Gaelic interactions, exchanging silver, wool, and livestock with Pictish and Gaelic elites. In England, Vikings integrated into local markets, trading metal goods, textiles, and slaves. Scottish routes emphasized the North Sea and Irish Sea, while English networks expanded into the Baltic and Byzantium."
Compare Viking and Byzantine approaches to maritime trade.,"Vikings prioritized speed and flexibility using longships for raids and trade, targeting coastal settlements. Byzantium relied on large triremes and fortified ports, controlling the eastern Mediterranean. Vikings negotiated tribute, while Byzantines enforced tariffs, reflecting distinct economic and military priorities."
How did Erik the Red's Greenland settlements impact later Norse exploration?,"Erik the Red's Greenland colonies provided a base for further voyages, including Leif Erikson's 1000 CE journey to Vinland. These settlements demonstrated Norse adaptability to harsh climates, enabling transatlantic exploration and linking Scandinavia to North American resources."
What role did runes play in Viking legal systems in Scotland?,"Runes in Scotland encoded legal codes, recording land rights and disputes. They also memorialized leaders and events, reinforcing Norse law's oral traditions. Unlike Latin script, runes emphasized Norse identity, blending Germanic and Celtic legal practices."
How did Viking trade with the Byzantine Empire influence their material culture?,"Viking exposure to Byzantine goods like silk, glassware, and spices introduced exotic materials. These items appear in Viking art and burial goods, blending Scandinavian and Eastern aesthetics. Trade also facilitated cultural exchange, influencing metalwork and jewelry styles."
Which Viking trading hub was central to the North Sea trade network?,"Hedeby, a key market town in present-day Germany, served as a central hub for Viking trade, connecting Scandinavia to the Frankish Empire and the Baltic, facilitating the exchange of goods like amber, furs, and silver."
Which archaeological discovery confirmed Viking trade with the Mediterranean?,"The 10th-century ship burial at Oseberg, Norway, contained items like silk and spices, indicating long-distance trade connections with the Byzantine Empire and the Middle East."
Which Viking leader's expedition to Vinland was documented in the Saga of Erik the Red?,"Leif Erikson's 1000s expedition to Vinland, noted in the Saga of Erik the Red, revealed Norse contact with North America, though no permanent settlement was established."
What event led to the establishment of the Duchy of Normandy?,"The 845 Siege of Paris by Rollo's Viking forces resulted in a treaty that established the Duchy of Normandy, marking the beginning of Norman rule in western France."
"When did Harald Fairhair unify Norway, and what event marked this?","Harald Fairhair consolidated power in Norway by 872 CE, following the Battle of Valdal. This victory over rival clans established him as the first Norse king, centralizing authority and ending centuries of fragmentation. His success laid the foundation for a centralized Norwegian monarchy."
Compare Viking and Anglo-Saxon responses to the Great Heathen Army's invasion.,"The Great Heathen Army (865–878 CE) overwhelmed Anglo-Saxon defenses through coordinated raids and strategic alliances. Anglo-Saxon fyrd (militia) and royal forces struggled against Viking tactics, while the Vikings leveraged their mobility and local knowledge to seize territories. The Anglo-Saxons eventually forged alliances, leading to Viking settlement in East Anglia."
What role did the Battle of Valdal play in Harald Fairhair's unification of Norway?,"The Battle of Valdal (872 CE) was pivotal in Harald Fairhair's rise. By defeating rival jarls, he secured control over key regions, including the fertile Oslofjord. This victory allowed him to centralize power, establish a hereditary monarchy, and end the fragmented Norse realm, marking the beginning of a unified Norway."
How did Viking settlements in Dublin reflect their integration into Irish society?,"Dublin's Viking settlements, established in the 9th century, showcased a blend of Norse and Irish influences. Vikings adopted Irish craftsmanship, traded goods like metalwork, and intermarried with locals. Their fortified longhouses and coinage systems indicate cultural adaptation, while the city became a key hub for Atlantic trade networks."
Why did the conversion to Christianity in Norway differ from that in Iceland?,"Norway adopted Christianity under political pressure from the Holy Roman Empire, while Iceland resisted due to isolation and pagan traditions. Conversion in Norway was gradual, with kings adopting the faith to secure alliances, whereas Iceland's Christianization began in the 11th century through missionary efforts and royal decrees."
How did Viking longships differ from Frankish ships in design and purpose?,"Viking longships were narrow, lightweight, and built for speed over open waters and river travel, enabling raids and exploration. Frankish ships were broader and heavier, designed for cargo and coastal trade. Longships' shallow draft allowed access to inland waterways, contrasting with Frankish vessels' focus on stability and load capacity."
Why were woolen garments essential to Viking daily life?,"Wool was abundant in Norse regions and suited the cold climate. It provided warmth and durability for clothing, sails, and ship ropes. Wool production supported local economies and reduced reliance on imported fabrics, embedding it deeply in Viking material culture and trade."
How did Leif Erikson's voyage to Vinland reflect the Viking Age's spirit of exploration?,"Leif Erikson's 1000 CE journey to Vinland demonstrated Viking ingenuity and ambition. By sailing westward, he extended the Norse reach beyond known territories, blending trade, settlement, and discovery. This expedition underscored the era's drive to explore, adapt, and establish connections across the North Atlantic."
Where did the Varangians serve as elite guards in the Byzantine Empire?,"They served in Constantinople's imperial court, guarding the Emperor and participating in military campaigns. Their loyalty and combat skills made them indispensable, shaping Viking interactions with the Byzantine world."
Scenario: What challenge did a Viking settler face in establishing a community in eastern England?,"They faced resistance from Anglo-Saxon lords, hostile locals, and harsh winters. Building fortified farms and forging alliances were crucial for survival and integration into the region's social fabric."
What role did Harald Fairhair's naval strategies play in his conquest of Norway?,"His use of longships and superior tactics allowed him to outmaneuver opponents. By leveraging coastal advantages and securing key ports, he unified Norway by 872, establishing a centralized kingdom."
Where did Viking settlements in the Danelaw region influence local governance?,"In eastern England, these settlements integrated into Anglo-Saxon systems, adopting local laws while maintaining Norse customs. This hybrid governance shaped medieval English legal traditions."
What scenario describes a Varangian guard's duty during a Byzantine military campaign?,"They accompanied the Emperor on campaigns, acting as shock troops and logistics experts. Their expertise in naval warfare and siege tactics was vital for Byzantine military successes during the 10th century."
Why did Leif Erikson's expeditions to Vinland predate Columbus's voyages?,"Leif Erikson's 1000s exploration of Vinland was driven by Norse curiosity and trade opportunities. Unlike Columbus, he sought lands for settlement, not direct contact with Native peoples. His voyages demonstrated Viking navigational skill but lacked sustained colonization, contrasting with later European exploration."
"What weapon was pivotal in Viking naval warfare, and how was it used?","The Dane axe, a two-handed weapon, was critical for boarding enemy ships. Its long handle and heavy blade allowed Viking warriors to cleave through wooden hulls during raids. This weapon complemented the longship's design, enabling swift, brutal attacks on coastal and maritime targets."
"Who led the Viking forces in the 865 AD Battle of York, and what was its outcome?","Ive Sigtryggson, a Viking chieftain, led the 865 AD Battle of York. The Anglo-Saxon forces, under Aella of York, were decisively defeated, marking a turning point in Viking expansion. This victory allowed the Norse to establish control over Northumbria, reshaping Anglo-Saxon politics."
Why did Norse settlers in Normandy influence the Domesday Book's records?,"Norse settlers in Normandy, known as Normans, integrated into local society while retaining distinct cultural traits. Their landholdings and administrative practices were meticulously recorded in the Domesday Book, reflecting their significant role in shaping medieval European demographics and governance."
"What role did Ivar the Boneless play in the Battle of Ashdown, and how did it affect Anglo-Saxon politics?","Ivar the Boneless commanded the Viking fleet at the 871 AD Battle of Ashdown, where he was mortally wounded. His death marked the end of the Great Heathen Army's dominance, allowing Anglo-Saxon kingdoms to regroup. This shift led to prolonged conflicts and eventual English unification under Alfred the Great."
What was the historical significance of Ubba's leadership in the Great Heathen Army's 865 AD campaigns?,"Ubba, a key leader of the Great Heathen Army, coordinated raids across England, culminating in the 865 AD Battle of York. His strategic alliances and military tactics weakened Anglo-Saxon defenses, enabling Viking dominance in northern England. His death during the campaign marked a shift in leadership, highlighting the fluid nature of Viking chieftainship during this period."
Where did Ragnar Lothbrok's alleged family connections influence Viking raids in 8th-century Europe?,"Ragnar Lothbrok's supposed lineage, linked to the Danish king Sigurd, may have justified his raids on Francia and England. These connections, though legendary, were likely used to legitimize Viking expansion, blending myth with historical ambition. His exploits became foundational to Norse sagas, shaping Viking identity through tales of conquest and fate."
What role did Erik the Red's Greenland settlements play in Norse exploration of the North Atlantic?,"Erik the Red's 10th-century Greenland settlements provided a base for further expeditions, including Leif Erikson's Vinland voyage. These colonies demonstrated Norse adaptability to harsh climates and facilitated trade networks, linking the North Atlantic to broader Viking exploration efforts."
What historical role did Viking queens like Astrid of Sweden play in Norse political power structures?,"Viking queens, such as Astrid of Sweden, often wielded influence through marriage alliances and governance. While direct political power was rare, their roles in legitimizing rulers and managing realms were critical. Their presence in sagas underscores the complex, sometimes matrilineal, networks of Norse leadership."
Why were longhouses central to Norse social organization?,"Longhouses served as communal living spaces, housing extended families and reflecting Norse emphasis on kinship. They facilitated shared resources, collective defense, and ritual gatherings, reinforcing social cohesion and the chieftain's authority over both material and spiritual life."
"Who was Queen Gyda of Norway, and how did she influence her husband's reign?","Queen Gyda, wife of King Håkon the Good, used her political acumen to mediate conflicts and secure alliances. Her strategic marriages and diplomatic efforts strengthened Norway’s stability, ensuring her husband’s legacy as a unifier despite internal rivalries."
"What caused the Battle of Brémule, and what was its impact on Viking-Norman relations?","The Battle of Brémule (927) arose from Norman raids on the Frankish Empire. Though the Normans initially won, the conflict highlighted Viking maritime superiority and foreshadowed their later subjugation under French rule, altering their role from raiders to feudal lords."
Why did Viking merchants favor the Byzantine Empire's market for luxury goods?,"Byzantine markets offered high-demand items like silk, spices, and silver, which Vikings could trade for furs, amber, and slaves. This exchange enriched Norse elites and expanded their access to Mediterranean networks, enhancing their economic and political influence."
"What caused the Varangian Guard to become a key Byzantine military force, and how did this affect Norse migration patterns?","Norse warriors, drawn by Byzantine wealth and stability, formed the Varangian Guard in the 9th century. Their recruitment provided economic opportunities, encouraging migrations to the Eastern Roman Empire and integrating Norse culture into Byzantine military and trade systems."
How did Viking burial mounds differ from ship burials in archaeological findings?,"Viking burial mounds, or tumuli, enclosed cremated remains with goods, while ship burials placed entire bodies in decomposing vessels. Ship burials, like the Oseberg find, revealed ritualistic practices, whereas mounds often reflected status through grave goods. Both methods highlight Norse beliefs in the afterlife and social hierarchy."
"Who was Ragnar Lothbrok's son, and how did his lineage influence Viking sagas?","Ragnar Lothbrok's sons, such as Björn Ironside and Ivar the Boneless, became legendary figures in sagas. Their exploits were mythologized to legitimize Viking raids and political ambitions, blending historical events with folklore to emphasize Norse heroism and dynastic claims."
How did the construction of Viking longships facilitate both trade and warfare?,"Viking longships featured overlapping planks, a single mast, and shallow draft for swift travel. Their design enabled rapid raids and long-distance trade across the North Sea and Atlantic. The ship's flexibility allowed maneuvering in both open waters and narrow rivers, crucial for both conquest and commerce."
How did Viking axes differ from swords in terms of design and combat use?,"Viking axes had broad, curved blades for hacking through armor and wood, ideal for both melee and siege. Swords, with slender edges, were used for thrusting and cutting, favored by elite warriors. Axes were common among all ranks, while swords symbolized status and specialized combat roles."
"Who was Halfdan the White, and how did his campaigns expand Viking influence in Northumbria?","Halfdan the White, a 9th-century Viking leader, secured Northumbria through alliances and conquests. His campaigns integrated Norse and Anglo-Saxon elites, establishing a hybrid kingdom. This expansion solidified Viking control over key trade routes, enhancing their economic and political dominance in northern England."
"Where was the Gokstad Ship discovered, and what does its design reveal about Viking craftsmanship?","The Gokstad Ship, found in Norway, showcases advanced Viking shipbuilding with a single mast, square sails, and a streamlined hull. Its construction materials and preservation provide insights into their maritime expertise, enabling long-distance trade and exploration."
"Which Norse ritual involved the sacrifice of horses and humans at Uppsala, and what was its purpose?","The Uppsala sacrifices, central to Norse religion, offered horses and humans to the gods, particularly Odin, to ensure prosperity and divine favor. This practice declined with Christianization, replaced by church rituals in the 11th century."
"Which group did Leif Erikson encounter in Vinland, and what was their role in Norse settlement attempts?","Leif Erikson encountered the Skraelingjar, likely indigenous groups, in Vinland. Their cautious interactions and resistance to Norse settlement limited long-term Norse presence, though Leif's expeditions predated Columbus by nearly 500 years."
What event in Norse mythology signifies the end of the world and the cycles of the gods?,"Ragnarok, the prophesied end of the world, involves the gods' final battle against chaos. It signifies cyclical renewal, with surviving gods rebuilding the world, emphasizing Norse fatalism and cosmic order in their cosmology."
"Where did Viking raiders attack in 845, and what was the outcome of this campaign?","Viking raiders attacked Paris in 845, looting the church and demanding tribute. This marked their shift from raiding to establishing settlements, influencing French history through the eventual rise of the Dukes of Normandy."
"When did Viking raids on Irish monasteries intensify, and what prompted this shift in focus?","Viking raids on Ireland escalated from 801–802 CE, following the murder of Domnall mac Donnubain, a Christian king. The attack on Clonmere monastery marked a turning point, prompting sustained raids that devastated Irish monasteries for decades, driven by wealth and the vulnerability of coastal sites."
How did Viking longships differ from the earlier knarr in design and purpose?,"Viking longships (drakkar) featured shallow drafts, sleek hulls, and symmetrically placed oars for speed and maneuverability, ideal for raids and open-sea travel. Knarrs, in contrast, were broader, deeper, and slower, suited for carrying goods over longer distances, reflecting distinct economic and military priorities."
What historical interpretation explains the absence of Viking artifacts in specific regions?,"Scholars interpret the lack of Viking artifacts in certain areas as evidence of limited settlement or trade, rather than absence of influence. For example, the scarcity of Norse goods in Eastern Europe suggests focused raiding rather than permanent colonization, highlighting the complexity of Viking economic strategies."
When did Erik the Red's voyages mark a pivotal moment in Norse exploration?,"Erik the Red’s voyages to Greenland (c. 982 CE) marked a pivotal shift from coastal raids to transatlantic exploration. His settlements there extended Norse reach beyond the North Atlantic, laying groundwork for Leif Erikson’s later expedition to Vinland, demonstrating Norse ambition for new territories."
How did Viking artifacts in Ireland compare to those in England in terms of cultural exchange?,"Ireland’s Viking artifacts, like the Tara brooch, show high-status trade and blending of Norse and Irish artistry. In England, artifacts such as the Mammen belt reflect localized adaptation of Norse styles, indicating distinct cultural interactions and varying degrees of integration between Viking settlers and native populations."
What role did Viking settlers play in the development of Norman feudalism?,"Viking settlers in Normandy integrated with Frankish systems, adopting land grants and military service. This fusion established Norman feudalism, blending Norse warrior traditions with Carolingian administrative structures, creating a powerful ruling class by the 10th century."
Why were runes used in legal documents in Viking societies?,"Runes were used for legal documents due to their durability, legibility, and role in preserving laws. This practice reinforced social order and communal identity, ensuring agreements were publicly recorded and enforced across Viking territories."
How did the Byzantine Empire's adoption of Christianity influence Viking interactions with Constantinople?,"The Byzantine Empire's Christianization in the 9th century shaped Viking diplomacy, as Norse traders sought religious and economic ties. This led to the Rus' conversion, fostering cultural exchange and solidifying Byzantine influence over Eastern European trade networks."
What caused the Varangian Guard to become a key Byzantine military force?,"The Varangian Guard's loyalty to Byzantine emperors, combined with their Norse martial skills, made them indispensable. Their recruitment of Viking warriors ensured imperial protection, while the promise of wealth and status incentivized Norse participation in Byzantine service."
How did Queen Astrid of Sweden's marriage to King Harald of Denmark impact Viking-era politics?,"Queen Astrid's marriage strengthened ties between Sweden and Denmark, fostering alliances that shaped Viking expansion. This union promoted political cohesion, enabling coordinated raids and trade networks across the North Sea and Baltic regions."
"Where did Viking settlers establish a temporary settlement in the 10th century, and what evidence supports its existence?","Viking settlers founded a short-lived settlement in the Labrador coast, Canada, around 985-1010. Archaeological evidence includes the L'Anse aux Meadows site, featuring sod houses, iron tools, and remnants of a boatyard, confirming Norse presence in North America."
"Why were Viking burial mounds in Denmark often constructed with wooden structures, and what does this reveal about their beliefs?","Wooden structures in Danish burial mounds symbolized the deceased's status and connection to the living. This practice reflects Norse beliefs in an afterlife where social hierarchy and material wealth remained vital, as seen in the Møllegård burial site."
How did Harald Hardrada's military strategies in 1066 differ from those of earlier Viking kings?,"Hardrada prioritized swift, decisive raids and combined forces with mercenaries, unlike earlier kings who relied on long-term settlements. His 1066 campaign focused on rapid conquest of England, aiming to secure a northern kingdom through direct combat."
"What role did ale drinking play in Viking social rituals, and how did it reflect their communal values?","Ale was central to Viking feasts, fostering camaraderie and reinforcing social bonds. It symbolized collective identity, with drinking rituals often accompanied by poetry, gambling, and rituals to honor warriors and deities."
"Compare the design of Viking longships to the smaller, broader knarrs in terms of their seaworthiness.","Longships had narrow, sleek hulls with a single keel for speed and maneuverability, ideal for raids. Knarrs were broader and deeper, offering greater stability and cargo capacity for long-distance trade, showcasing distinct adaptations to different maritime needs."
How were Viking longships constructed to withstand harsh Atlantic conditions?,"Viking longships featured a narrow, clinker-built hull with a shallow draft, allowing maneuverability in rough seas. Reinforced with oak and pine, they had a raised prow for ramming and a square sail for wind power. The overlapping planks (clinker technique) provided flexibility, while a central keel improved stability. These designs enabled swift raids and long-distance voyages across the North Sea and Atlantic."
"Who was the Norse god associated with craftsmanship and wisdom, and what was their role in sagas?","Odin, the Allfather, was linked to wisdom, poetry, and war. He sought knowledge through self-sacrifice, hanging on Yggdrasil for nine days. In sagas, he guided warriors and was depicted with a spear and ravens. His role as a seeker of truth and leader of the Aesir gods shaped Viking religious practices and literary traditions."
"When did the Battle of the River Sit occur, and how did it impact Viking expansion into Eastern Europe?","The Battle of the River Sit (853) marked a turning point in Viking raids into Eastern Europe. After defeating the Varangian Rus' forces, the Byzantine Empire granted the Norsemen tax exemption and military privileges. This secured their dominance along the Dnieper River trade routes, fostering the rise of Kievan Rus' and deepening Norse influence in the region."
How did Viking burial mounds in Norway differ from those in Ireland?,"Norwegian burial mounds often contained ship burials with weapons, horses, and goods, reflecting warrior culture. Irish mounds, like those at Tara, featured cremated remains, druidic artifacts, and symbolic carvings, emphasizing spiritual and political elite status. These differences highlight distinct burial practices shaped by local traditions and beliefs."
"Who led the Viking raid on the monastery of Lindisfarne, and what was its significance?","The 793 raid on Lindisfarne was led by a coalition of Norse warriors, likely including Ivar the Boneless. This unprecedented attack marked the start of the Viking Age, showcasing their naval prowess and targeting Christian centers. It intensified European fears of Norse raids and spurred defensive measures across the British Isles."
What caused the decline of Norse paganism in the 11th century?,"Christianization through missionary efforts, royal patronage, and the influence of the Holy Roman Empire led to the gradual abandonment of Norse paganism by the late 11th century."
How did Viking chieftains' power compare to Anglo-Saxon kings?,"Viking chieftains ruled through hereditary authority and warrior loyalty, while Anglo-Saxon kings used centralized governance and land tenure to consolidate power."
Who was the first ruler of Kievan Rus?,"Rurik, a Viking leader, established the Kievan Rus realm in the 9th century, uniting eastern Slavic tribes under Norse leadership."
What caused the design of Viking longships to prioritize speed over cargo capacity?,"Raids and exploration required swift vessels, leading to sleek hulls, shallow drafts, and narrow beams that optimized speed for open-sea travel."
Who was the first documented leader of the Varangian Guard?,"Basil I, a Byzantine emperor, integrated Norse warriors into the Varangian Guard in the 9th century, transforming them into a elite military force."
What role did silver coins play in Viking Age trade networks?,"Silver coins, particularly Byzantine solidi, were vital as standardized currency for Viking trade. They facilitated large-scale transactions across Scandinavia, the British Isles, and the Byzantine Empire, enabling the exchange of goods like furs, amber, and slaves. Their widespread use reflected Viking integration into transcontinental commerce and reliance on Byzantine economic systems."
When did Viking traders first establish permanent settlements in the Byzantine Empire?,"By the late 9th century, Viking traders founded permanent settlements in the Black Sea region, including Chersonesus Taurica. These outposts secured access to Byzantine markets, allowing the exchange of Scandinavian goods for silk, spices, and luxury items. The settlements also served as military outposts, reflecting Viking strategic engagement with Byzantine commerce."
"Scenario: If a Viking merchant sought to trade with Byzantine markets, what goods would they most likely exchange?","A Viking merchant would likely trade furs, walrus ivory, and amber for Byzantine silk, spices, and wine. Silver coins facilitated these exchanges, while skilled craftsmen bartered for luxury goods. This trade enriched Viking societies and strengthened cultural ties between Scandinavia and the Byzantine Empire."
What economic impact did the establishment of the Varangian Guard have on Viking trade with Byzantium?,"The Varangian Guard, composed of Viking mercenaries, secured Byzantine trade routes and protected Scandinavian merchants. Their presence ensured safe passage for goods like furs and amber, while Byzantine wealth funded Viking expeditions. This symbiotic relationship boosted Viking economic influence and access to the Eastern Mediterranean."
"When did the Viking kings of the North start imposing tariffs on foreign traders, and what was the purpose?","By the late 9th century, Viking kings imposed tariffs on foreign traders to fund military campaigns and consolidate power. These levies targeted merchants from the Byzantine Empire and Anglo-Saxon kingdoms, generating revenue for naval expeditions and reinforcing economic control over trade routes in the North Sea and Baltic regions."
Who was the first Norse ruler in Ireland?,"Amlaíb, a Norse chieftain who established a kingdom in Dublin after the 840s, integrating with local Gaelic elites and securing control over trade routes. His rule marked the shift from raiding to permanent settlement in Ireland."
Why did Vikings settle in Ireland?,"Vikings sought silver, agricultural land, and strategic access to Atlantic trade networks. By the late 9th century, they established permanent settlements like Dublin, exploiting Ireland's resources and political fragmentation."
Historical interpretation: How do scholars view Viking settlements in Dublin?,"Archaeological evidence, including timber structures and burial sites, suggests a blend of Norse and Irish cultures. This indicates long-term integration, not transient raids, reshaping Ireland's medieval landscape."
Who was the first Viking leader in Normandy?,"Rollo, a Norse chieftain who secured Normandy after the 911 Treaty of Saint-Clair-sur-Epte. His rule laid the foundation for the Norman dynasty, blending Viking and Frankish traditions."
How did Viking farming in Ireland differ from Scandinavia?,"Irish Vikings adapted to wetter climates with small-scale mixed farming, while Scandinavians focused on arable land and dairying. This reflects environmental adaptations and resource availability."
Why did Viking rulers in Scotland prioritize maritime trade over land-based commerce?,"Viking rulers in Scotland focused on maritime trade due to their coastal geography and access to the North Sea. This enabled lucrative exchanges with the British Isles, Ireland, and mainland Europe, while land routes were less secure and economically limited. Their control of key ports like Orkney and Caithness facilitated the movement of goods like silver, wool, and slaves."
How did Viking rune use in Scotland differ from Scandinavia?,"Scandinavian runes were primarily for memorials and legal inscriptions, while Scottish Vikings adapted runes for practical purposes like marking territory and recording transactions. This reflects Scotland's emphasis on control over land and resources, contrasting with Scandinavia's focus on identity and mythology."
Historical interpretation: How did Ivar the Boneless' leadership style differ from traditional Viking warlords?,"Ivar the Boneless emphasized strategic alliances and diplomacy over brute force, leveraging his brother Sigurd's military prowess. This approach allowed him to dominate the Anglo-Saxon kingdoms, contrasting with many Viking leaders who relied on raiding and pillage. His tactics foreshadowed later Viking political integration."
Why did Viking settlements in England develop distinct economic structures compared to Scandinavia?,"English Viking settlements integrated with local markets, adopting farming, metalworking, and craft industries. Unlike Scandinavia's export-oriented economy, these communities focused on self-sufficiency and regional trade, adapting to England's agricultural systems and fostering hybrid economic practices."
Comparison: How did Viking economic practices in England contrast with those in Ireland?,"In England, Vikings established permanent settlements and integrated into local economies through agriculture and trade. In Ireland, they focused on raiding and short-term exploitation, avoiding long-term settlement. This difference stemmed from Ireland's dense population and limited arable land, making sustained occupation less viable."
How did Viking agricultural practices in Eastern Europe differ from those in Northern Scandinavia?,"Viking farming in Eastern Europe emphasized mixed crop cultivation and pasture due to fertile soils, while Northern Scandinavia focused on livestock and limited arable land. Eastern European Vikings adopted three-field systems, whereas Scandinavians relied on slash-and-burn techniques, reflecting regional environmental adaptations."
Where were the earliest known manuscripts referencing Ragnar Lothbrok's exploits preserved?,"Ragnar Lothbrok's exploits were first recorded in the 12th-century Anglo-Saxon Chronicle and the 13th-century Prose Edda. These texts, preserved in monastic scriptoria across England and Iceland, blended oral traditions with Christian historiography, shaping his legendary status."
How did Viking kings consolidate power through the establishment of regional jarls?,"Viking kings appointed jarls as regional governors to oversee settlements and military forces. This system balanced centralized authority with local autonomy, ensuring loyalty through land grants and fostering economic stability across their expanding territories."
Where were the most significant Viking silver hoards discovered in England?,"Major Viking silver hoards, such as the Snape Hoard (Norfolk) and the Wessington Hoard (York), were buried during the 9th century. These deposits, often containing coins and jewelry, reflect Viking wealth, trade networks, and defensive strategies against Anglo-Saxon raids."
How did Ubba mac Nois' campaigns in East Anglia influence the formation of the Danelaw?,"Ubba's conquest of East Anglia in 869 CE established Danish control over the region, forming the core of the Danelaw. His tactics combined military force and political alliances, creating a buffer zone that reshaped Anglo-Saxon governance and Viking settlement patterns in England."
Who was the first Viking queen to rule as regent in a Scandinavian kingdom?,"Astrid the Fair, who reigned in Sweden after her husband's death, consolidated power and promoted Christianization through strategic alliances and governance."
Historical interpretation: How did Viking queens like Astrid the Fair shape political alliances through marriage?,"They forged strategic marriages to secure resources, legitimacy, and territorial control, often strengthening Viking influence in foreign courts through dynastic ties."
Which Viking weapon was specifically designed for thrusting in close combat?,"The seax, a short, double-edged sword used by warriors for thrusting and cutting, was a staple in Viking combat due to its versatility and portability."
Which Viking queen is most renowned for her leadership in the Battle of Edington?,"Queen Æthelflæd of Mercia, though Anglo-Saxon, her military prowess against the Danes highlighted Viking women's strategic roles in warfare and diplomacy."
Who was the last known Viking queen to rule in the Orkney Islands?,"Ragnhild the Red, who governed Orkney in the 12th century, maintained Viking cultural ties while navigating Christianization and Scottish sovereignty."
"Scenario: If a Viking longship encountered a storm in the North Sea during the Viking Age, what immediate actions would the crew take?","The crew would secure cargo, reef the sail, and use oars to navigate to shelter. They might also light signal fires to alert others, relying on their navigational skills and knowledge of coastal landmarks to avoid further danger."
Why did Cnut the Great establish a legal code in Denmark?,"Cnut sought to centralize power, unify Denmark under a standardized legal system, and strengthen his rule by codifying laws that reinforced his authority and integrated diverse regional practices into a cohesive framework."
Who was the first known Varangian to be recorded in Byzantine sources?,"Oleg the Seer, a Varangian leader, was the first known to be recorded in Byzantine sources, where he is noted for his role in the 9th-century conquest of the Kievan Rus and his diplomatic interactions with the Byzantine Empire."
What Viking Age artifact reveals their extensive trade networks across the British Isles?,"Silver hoards like the Bitterne Hoard demonstrate Viking trade networks, as they contain coins from the Frankish Empire and local economies, indicating economic exchange and integration with neighboring regions."
Scenario: How would a Viking chieftain in Norway manage a conflict between rival clans?,"A Viking chieftain might mediate disputes, offer tribute, or arrange a truce. They could also use diplomacy, leverage alliances, or enforce penalties to maintain order and prevent prolonged blood feuds."
Where was Harald Fairhair's coronation as ruler of Norway held?,"Harald Fairhair's coronation at Hafrsfjord in 872 marked his unification of Norway. This event solidified his authority over the fragmented Viking kingdoms, establishing a centralized Norse realm."
What was the primary goal of Ubba mac Nois' campaigns in East Anglia?,"Ubba mac Nois aimed to expand Viking control in East Anglia by subduing local resistance. His campaigns, alongside others, established the Danelaw, a region under Norse influence in England."
What materials were commonly used in Viking Age clothing production?,"Vikings used wool, flax, and animal hides for clothing. Wealthier individuals wore silk and dyed fabrics, while commoners relied on woolen tunics and leather gear for daily life."
Where were the earliest known runestones commemorating Viking kings found?,"Runestones in Scandinavia, like the Uppsala Stone, honored Viking kings. These memorials, often in stone, recorded lineage and achievements, preserving Norse royal history."
How did Viking swords differ in design from Roman swords?,"Viking swords were shorter and more maneuverable than Roman swords, designed for thrusting. They often had crossguards, aiding in close combat. The design reflected their need for agility on the battlefield, contrasting with the longer, heavier Roman designs used for slashing."
How were Viking runes used beyond record-keeping?,"Viking runes were used for divination and magical rituals, inscribed on staffs and amulets. They facilitated communication with supernatural forces, complementing their practical use for record-keeping."
How did Viking raids on France influence medieval fortifications?,"Viking raids on France, particularly in the 9th century, prompted the construction of stone castles and fortified towers along the coast. These defenses aimed to counter Viking longships and protect trade routes from attack."
Why were silver ingots crucial in Viking trade?,"Silver ingots were vital in Viking trade, serving as standardized currency. They facilitated transactions across Scandinavia, the British Isles, and the Continent, enabling the exchange of goods like furs, amber, and slaves."
How did Viking conversion to Christianity alter burial practices?,"Conversion to Christianity led to the adoption of Christian burial rites, such as inhumation in stone cemeteries. Viking cremation and ship burials declined, reflecting the shift from pagan to Christian religious practices."
Who was the last known Viking ruler to govern the Isle of Man?,"Godred Crovan, a Norse chieftain, ruled the Isle of Man in the early 12th century before the region became a medieval kingdom under Norse and Anglo-Norman control."
When did the Varangians first serve in the Byzantine Empire?,"The Varangians, Norse warriors, began serving in the Byzantine Empire around 860 CE, initially as mercenaries before becoming a permanent elite guard under Emperor Basil I."
What artifact from Scotland indicates Viking influence on local metalworking?,"The Galloway Hoard, a collection of Byzantine silver items, reveals Viking metallurgical skills and extensive trade networks across the North Sea and Mediterranean during the 9th century."
Scenario: How would a Viking archaeologist in Scotland interpret a newly discovered runestone?,"The runestone might record a ruler's achievements, a saga, or a saga, using Old Norse inscriptions to validate lineage or commemorate victories, reflecting Viking culture and literacy."
How did the Varangians' presence in Ireland affect local political structures?,"Varangian settlers established power bases in Dublin, shifting local governance from Gaelic kings to Norse chieftains, creating a hybrid political system that shaped Ireland's medieval landscape."
How did climate change in the 9th century drive Viking exploration beyond the North Sea?,"Warmer temperatures and resource scarcity in Scandinavia spurred Viking exploration. Melting ice expanded navigable waters, enabling long-distance voyages. This environmental shift encouraged raids and settlements in Britain, Ireland, and beyond, reshaping Viking Age expansion patterns."
What archaeological evidence in Scotland links Halfdan of East Anglia to Viking settlements?,"Scattered burial mounds and metalwork artifacts in Scotland, such as brooches and swords, suggest Halfdan’s raids. These finds, combined with oral histories, indicate his influence on eastern Scottish settlements during the 9th century."
How did Viking metalworking techniques influence Scottish weaponry during the 9th century?,"Viking artisans introduced advanced iron-smelting methods, producing high-quality swords and tools. Scottish clans adopted these techniques, blending Norse craftsmanship with local traditions to enhance their military and daily implements."
What artifact from Viking Scotland reveals their use of advanced shipbuilding techniques?,"The Viking Ship Museum’s Oseberg boat, though from Norway, shows similar craftsmanship to Scottish finds. Its intricate carvings and structural design demonstrate mastery of shipbuilding, enabling long-distance voyages and trade across the North Sea."
Why were Norse gods central to Viking rituals and beliefs?,"Norse gods like Odin and Thor symbolized natural forces and human struggles, reflecting the Vikings' worldview. Rituals honored these deities to secure favor in warfare, agriculture, and navigation. Sacrifices and storytelling preserved their myths, embedding divine influence in daily life and reinforcing cultural identity."
Who led the Varangian Guard in the Byzantine Empire?,"The Varangian Guard, composed of Norse warriors, was led by a senior commander known as the 'Droungarios.' These elite soldiers protected the Emperor and participated in military campaigns, blending Viking martial skills with Byzantine tactics. Their loyalty and reputation made them indispensable to the empire's defense."
What design features made Viking longships versatile for trade and raiding?,"Viking longships featured shallow drafts, flexible oarports, and a single square sail, enabling swift travel across open seas and rivers. Their lightweight, sturdy hulls allowed rapid maneuvering, while cargo holds facilitated both commerce and pillaging. These innovations expanded their reach across the North Sea and beyond."
Why did the Viking Age end in the late 9th century?,"The Viking Age ended as Norse societies adopted Christianity, established centralized kingdoms, and integrated into European economies. By the late 9th century, Viking raiding diminished, and cultural exchange replaced conflict. The rise of Christian states and shifting trade routes marked the transition to a new era of European history."
Who was the son of Ragnar Lothbrok according to the *Ynglinga Saga*?,"According to the *Ynglinga Saga*, Ragnar Lothbrok's son was Bjorn Ironside, though his paternity remains debated. Sagas depict him as a key figure in the Viking Age, but historical records are scarce, relying on oral traditions and later medieval chronicles."
Compare the power of Jarls to that of chieftains in Anglo-Saxon England.,"Jarls in Viking Age Scandinavia held hereditary power over land and tribute, akin to Anglo-Saxon ealdormen. However, jarls were often linked to royal lineage and controlled vast territories, whereas Anglo-Saxon chieftains were more localized and less politically centralized."
Who controlled the Viking trade networks in the Baltic region?,"The Viking trade networks in the Baltic region were controlled by a mix of jarls and merchant guilds. These elites managed the exchange of goods like furs, wax, and amber, leveraging their political and economic influence to dominate regional commerce."
How did Harald Hardrada's leadership style compare to that of Cnut the Great?,"Harald Hardrada's leadership was more militaristic and autocratic compared to Cnut the Great. While Hardrada focused on conquest, Cnut prioritized administrative governance and alliances. Hardrada's ambition led to his defeat at Stamford Bridge, whereas Cnut's strategies secured lasting power in Northumbria."
What historical interpretation explains the Varangians' loyalty to Byzantine emperors despite their Norse origins?,"The Varangians' loyalty stemmed from their integration into Byzantine military hierarchy, where they gained wealth, status, and protection. Their service in the Byzantine Empire from the 9th century onward solidified their role as elite warriors, blending Norse and imperial traditions."
Which Viking leader's reign marked the peak of Scandinavian political power in England during the 11th century?,"Cnut the Great unified Denmark, Norway, and England, creating the North Sea Empire. His centralized rule and strategic alliances secured dominance over Anglo-Saxon realms, reflecting Viking influence on medieval European politics."
Scenario: A Viking archaeologist discovers a longship burial in Dublin. What does this reveal about Viking settlement patterns?,"A longship burial in Dublin indicates that Vikings established permanent settlements in Ireland, blending maritime traditions with local practices. It suggests these sites served as both ceremonial and strategic hubs for trade and control."
Which Viking leader is most associated with the devastating 865 CE invasion of Northumbria?,"Ubba, part of the Great Heathen Army, led the 865 invasion of Northumbria, marking a turning point in Anglo-Saxon history. His campaigns destabilized the region, enabling Viking control over key northern territories."
How did Viking settlements in the Danelaw reflect a fusion of Norse and Anglo-Saxon governance?,"Danelaw settlements combined Norse jarldom systems with Anglo-Saxon legal traditions. This hybrid governance allowed Vikings to maintain autonomy while integrating local customs, ensuring stability in the region."
Who established the Codex of Holmgard and when did it codify Viking legal principles?,"The Codex of Holmgard, compiled in the 9th century, was attributed to the Varangian ruler Rurik. It codified Viking legal principles like compensation for injuries and communal justice, reflecting early Scandinavian governance and influencing later Norse law codes."
How did Viking agricultural practices in the Danelaw compare to those in Anglo-Saxon England?,"Viking farming in the Danelaw emphasized three-field systems and crop rotation, similar to Anglo-Saxon methods, but incorporated greater use of livestock and communal land management, blending Norse and Anglo-Saxon agrarian traditions."
When did Halfdan of East Anglia's leadership influence Viking settlements in Northumbria?,"Halfdan the White's reign (c. 870s) saw Viking expansion into Northumbria, culminating in the 865 invasion led by Ivar the Boneless. His strategic alliances and raids shaped the region's settlement patterns during the 9th-century Viking Age."
How did Viking religious practices differ from those of the Anglo-Saxons?,"Vikings worshipped Norse gods like Odin and Thor, emphasizing warrior cults and sacrificial rituals, while Anglo-Saxons venerated local deities such as Woden. Viking religion was more centralized, with runestones and temples like Lejre's as key sites."
What was the primary reason for Harald Hardrada's 1066 invasion of England?,"Harald Hardrada invaded England in 1066 to claim the English throne after William of Normandy's claim was disputed. He aimed to consolidate Viking control over Northumbria and challenge Norman ambitions, leveraging his alliance with the English earl Morcar."
Why did the Varangians maintain their Norse cultural practices while serving the Byzantine Empire?,"The Varangians preserved Norse traditions due to their elite status, military autonomy, and limited integration into Byzantine society. Their loyalty was secured through high pay, privileges, and the promise of land, ensuring they remained distinct from local Greek populations."
What historical interpretation explains the Varangians' role in the Byzantine navy's dominance?,"Historians argue the Varangians' loyalty and combat skills made them indispensable to the Byzantine navy, enabling it to counter Arab and Norman threats. Their Norse expertise in shipbuilding and seafaring bolstered Byzantine maritime supremacy in the 11th century."
How did Viking weapon designs influence medieval European warfare in England?,"Viking weapons, such as the double-edged axe and iron-tipped spears, were adopted by English and Norman warriors. Their durability and versatility in both combat and utility shaped battlefield tactics, blending Norse innovation with Anglo-Saxon military traditions."
What role did Viking settlements in Ireland play in the development of the Norse-Irish kingdom of Dublin?,"Viking settlers in Ireland established Dublin as a key trading hub by 841, integrating with local Gaelic elites. This fusion created a powerful Norse-Irish kingdom that controlled the Irish Sea, facilitating trade and cultural exchange between Scandinavia and the British Isles."
Scenario: A Viking archaeologist finds a rune stone in Ireland. What does this reveal about Viking interactions?,"The rune stone indicates Viking trade networks and cultural exchange with Ireland. Inscriptions often combined Old Norse and Irish script, reflecting bilingualism and religious syncretism. Such artifacts suggest Ireland was a hub for Viking commerce and ideological fusion during the 9th century."
Cause-effect: How did Erik the Red's exile from Norway influence Greenland's settlement?,"Erik the Red's banishment for murder drove him to explore the North Atlantic. His 10-year voyage led to the founding of Brattahlíð in Greenland, establishing Norse colonies that thrived until the 15th century. This marked the first permanent Norse settlement outside Scandinavia."
Which Viking leader's voyages established Norse settlements in North America?,"Leif Erikson's 1003 expedition to Vinland, documented in the Saga of Erik the Red, led to temporary settlements in Newfoundland. Though abandoned, this predates Columbus by nearly 500 years, proving Norse transatlantic exploration."
Cause-effect: How did longship design enable Viking expansion?,"Longships' shallow draft and flexible keels allowed navigation of rivers and open seas. Their fast speed and shallow draft facilitated raids, trade, and exploration, enabling Vikings to reach Iceland, Greenland, and even North America by the 11th century."
Which Viking practice involved using runes to record legal codes?,"Runes were used for inscriptions on stones and wood to document laws, property rights, and genealogies. Legal codes like the Eddaic laws of Iceland relied on rune-carved monuments, preserving Norse social order and governance."
Where did Norse settlers establish a significant trading post in 9th-century France?,"The region of Normandy, where Norse traders settled and integrated into local culture, forming the basis of the Duchy of Normandy."
How did the Varangian Guard's loyalty to Byzantine emperors compare to that of the Rus' elite?,"The Varangians maintained strict loyalty through military service and cultural integration, while the Rus' elite often retained their own leadership structures and loyalties."
Where did Ubba's 865 CE campaign lead to the sack of York?,"Ubba's forces marched from Northumbria through Mercia, culminating in the 865 attack on York, marking the start of the Great Heathen Army's conquest of England."
What historical event highlighted the Varangians' military dominance in the Byzantine navy?,"The 970 Battle of Chersonese, where Varangian guards decisively defeated Bulgarian forces, showcasing their critical role in Byzantine naval supremacy."
Which artifact found in a Viking settlement in Gotland indicates extensive trade with the Byzantine Empire?,"The discovery of 10th-century Byzantine glassware in Gotland's Viking settlements highlights their trade networks, linking Norse merchants to Eastern markets via the Varangian route."
"Scenario: An archaeologist uncovers a burial mound with a sword, brooch, and silver coins. What does this reveal about Viking society?","This scenario indicates high-status burial practices, reflecting the deceased's social or economic power, as such grave goods were reserved for elites and symbolized wealth and influence."
Why did Cnut the Great prioritize the establishment of a centralized monetary system in his Scandinavian territories?,"Cnut standardized currency to strengthen economic control, facilitate trade, and reduce regional disparities across his realm, ensuring stability and centralized authority."
Which aspect of longship design most significantly influenced Viking economic expansion?,"The shallow draft of longships enabled access to inland waterways, expanding trade routes and resource acquisition, which was crucial for economic growth and exploration."
Which commodity was most critical to the Viking economy in the 9th century?,"Silver was the most critical commodity, as it fueled Viking trade across Europe, serving as currency and a primary export to finance expeditions and settlements."
What historical interpretation explains the gradual conversion of Viking elites to Christianity?,"Conversion was driven by political alliances, trade with Christian Europe, and the Church's offer of protection. Elites adopted Christianity to legitimize power and integrate into broader networks, while commoners retained pagan practices."
Scenario: A Viking longship is discovered with a Christian cross and a runestone. What does this reveal about Viking society?,"It indicates cultural syncretism, as Vikings blended pagan and Christian symbols. The cross suggests religious conversion among elites, while the runestone reflects continued Norse traditions in identity."
What was Halfdan's role in the 865 Great Army's campaign against Northumbria?,"Halfdan led the southern wing of the Great Army, playing a key role in the conquest of Northumbria. His military tactics and leadership contributed to the kingdom's collapse and the establishment of Viking rule."
How did Viking settlements in Normandy influence the region's political structure?,"Viking settlers, led by Rollo, established a semi-autonomous duchy through the 911 Treaty of Saint-Clair-sur-Epte. This created a hybrid Norse-Frankish state, blending Viking governance with Frankish legal systems."
What historical event marked the end of Viking raids on England?,"The Treaty of Saint-Clair-sur-Epte (911) and the submission of Viking leaders like Sweyn Forkbeard to the English throne ended large-scale raids, though Norse influence persisted in regional politics."
Which Viking queen played a pivotal role in the Christianization of Denmark?,"Astrid the Fair, married to King Harald Bluetooth, promoted Christianity by converting her husband and supporting missionary efforts, significantly influencing Denmark's transition from paganism to Christianity by the 10th century."
Why did Viking farmers adopt three-field crop rotation in the 9th century?,"Viking farmers adopted three-field crop rotation to sustain soil fertility, maximize yields, and ensure food security amid climate variability and population growth, reflecting advanced agricultural knowledge in northern Europe."
Which aspect of Cnut the Great's reign unified his Scandinavian territories?,"Cnut the Great unified his Scandinavian territories through strategic marriages, military campaigns, and a centralized legal code, fostering economic stability and political cohesion across Denmark, Norway, and England by the early 11th century."
Scenario: A jarl's decision to adopt Christianity affects his community's status. What consequence arises?,"His conversion could secure alliances with Christian kingdoms, elevating his political influence but risking alienation from pagan allies. This duality reflects the complex interplay between faith and power in Norse society during the 10th century."
Which Norse practice best illustrates the integration of trade and craftsmanship in Viking settlements?,"The creation of intricate metalwork, such as the Gokstad ship's iron fittings, demonstrates advanced metallurgy and the exchange of goods across Scandinavia, reflecting a society where craftsmanship and commerce were deeply intertwined."
Cause-effect: How did the establishment of jarldoms impact regional governance?,"Jarldoms centralized power, enabling chieftains to manage territories efficiently. This structure fostered stability but also bred competition for dominance, often leading to conflicts over succession and resource control."
Scenario: An archaeologist discovers a silver ring with a Christian cross in a Viking burial. What does this imply?,"This artifact suggests a blending of pagan and Christian symbols, indicating gradual elite conversion and cultural syncretism. It reflects the Norse elite's strategic adoption of Christianity to align with broader European trends."
Which Viking leader's military campaigns directly influenced the political fragmentation of the Baltic region?,"Harald Hardrada's raids destabilized the Baltic, weakening local rulers and fostering Norse dominance. His aggressive expansion, however, strained alliances, ultimately contributing to the region's fragmented political landscape by the 11th century."
Historical interpretation: How did the political strategies of Viking queens influence their kingdoms' stability?,"Viking queens, like Astrid of Denmark, often acted as mediators during succession crises, ensuring smooth transitions. Their alliances with powerful jarls and Christian rulers balanced regional power, preventing fragmentation. By leveraging both Norse traditions and emerging Christian norms, they reinforced legitimacy, securing long-term stability in dynastic rule."
Which Viking settlement feature best exemplifies their adaptation to local environments?,"Viking longhouses in agricultural regions featured thick walls and central hearths for insulation, while northern settlements incorporated sod and timber for cold resistance. Coastal settlements prioritized drainage systems to manage tidal flooding, showcasing pragmatic adjustments to climate and geography."
Comparison: How did the Battle of York (954) differ from the Battle of Lindisfarne (793) in Viking strategy?,"The Battle of York (954) involved a coordinated siege and tactical use of terrain to overwhelm defenses, reflecting mature military organization. In contrast, the Battle of Lindisfarne (793) relied on surprise and rapid raids, demonstrating early Viking tactics focused on swift, destructive raids rather than prolonged engagements."
Comparison: How did Norse social hierarchy differ from Anglo-Saxon society during the Viking Age?,"Norse society emphasized open-field farming and communal resource management, with jarls owning land collectively. Anglo-Saxon society, by contrast, featured more rigid land ownership and a class-based feudal system. Norse women had greater economic autonomy, while Anglo-Saxon women's roles were more confined to domestic spheres."
Which Viking king's reign saw the unification of Denmark and Norway under a single ruler?,"Harald Fairhair unified Denmark and Norway in the late 9th century, solidifying centralized power through conquest and political alliances, marking a pivotal shift in Scandinavian governance."
What role did Irish monasteries play in the Viking Age's Christianization?,"Irish monasteries became centers for Viking elites to adopt Christianity, offering literacy, education, and cultural integration, which eased the transition from paganism to Christian identity."
Which Viking leader's campaigns directly influenced the Baltic region's political fragmentation?,"Ragnar Lothbrok's raids and alliances disrupted Baltic tribes, leading to regional power struggles and the rise of local chieftains, shaping the area's fragmented political landscape."
What historical event marked Cnut the Great's consolidation of power in England?,"Cnut's victory at the Battle of Stamford Bridge (1066) secured his rule over England, uniting Denmark, Norway, and England under a centralized Norse-Scandinavian empire."
When did Viking longships first demonstrate superior naval technology compared to Mediterranean ships?,"By the late 8th century, Viking longships showcased superior design with shallow drafts, flexible hulls, and sail/row combinations, enabling raids along European coasts, unlike Mediterranean vessels constrained by deeper waters and slower speeds."
Why did Viking queens like Astrid of Sweden wield influence despite Norse male-dominated societies?,"Viking queens often managed trade networks, mediated alliances, and ruled in absence of kings, leveraging their connections to secure political stability and resource control through marriage and diplomacy."
Comparison: How did Viking settlements in Normandy differ from those in England?,"Normandy settlements integrated with local Frankish institutions, fostering feudal ties, while English Viking enclaves maintained distinct Norse governance, reflecting differing cultural assimilation strategies."
Why did Viking raids on Ireland intensify compared to other regions?,"Ireland's fragmented kingdoms and lack of centralized defense made it vulnerable to Viking raids starting in the 790s, allowing Norse settlers to establish coastal strongholds and exploit internal rivalries."
Who presided over the Great Thing assemblies in Viking society?,"The jarl or chieftain presided over the Great Thing, a semi-democratic assembly where free men debated laws, resolved disputes, and elected leaders. This practice emphasized collective decision-making and maintained social cohesion in Norse communities."
Which Viking group established the Varangian Guard in the Byzantine Empire?,"The Rus' established the Varangian Guard, a elite unit of Norse warriors. Their loyalty to Byzantine emperors secured political influence, while their cultural exchange shaped medieval European military tactics."
Historical interpretation: How did the Danelaw's governance differ from Anglo-Saxon systems?,"The Danelaw combined Viking and Anglo-Saxon legal systems, with local chieftains administering justice. This hybrid approach reflected cultural adaptation, whereas Anglo-Saxon governance remained centralized under the king."
Which archaeological discovery best exemplifies Viking longship technology?,"The Oseberg ship, a 22-meter longship burial, showcases advanced shipbuilding techniques. Its carved prow, cargo space, and construction methods reveal Viking expertise in seafaring and trade networks."
Who were the primary recipients of Norse runestones in Viking society?,"Norse runestones primarily commemorated warriors, chieftains, and ancestors. They served as public memorials, reinforcing social status and lineage, while also promoting religious and cultural identity through inscriptions."
What role did Viking mercenaries play in the Byzantine Empire's military campaigns?,"Viking mercenaries, known as the Varangian Guard, served as elite bodyguards for Byzantine emperors from the 9th century. Their skill in combat and horsemanship made them invaluable. They also participated in campaigns against the Abbasids and Byzantine rebels, blending Norse expertise with Eastern tactics to secure imperial interests."
Scenario: A Viking raiding party encounters a Byzantine naval fleet. What tactics might they employ?,"The Vikings would likely use their swift longships to outmaneuver the Byzantine fleet, launching swift raids on coastal targets. They might feign retreat to lure pursuers into ambushes, leveraging their knowledge of shallow waters. However, facing superior Byzantine armor and firepower, they would prioritize speed and agility over direct confrontation."
When did Ivar the Boneless lead his most successful campaigns in the Danelaw?,"Ivar the Boneless launched his most successful campaigns in 865-866, leading the Great Heathen Army into East Anglia. After sacking Lindisfarne, he overwhelmed Northumbria and established the Danelaw, a region under Viking control. This marked the beginning of sustained Scandinavian influence in England, reshaping Anglo-Saxon political structures."
How did Viking swords differ from Anglo-Saxon swords in design and function?,"Viking swords featured double-edged, cruciform hilts for thrusting and slashing, while Anglo-Saxon swords had single edges and straight hilts. Viking blades were shorter and lighter, ideal for shipboard combat, whereas Anglo-Saxon swords were longer and suited for cavalry. Both used iron, but Vikings often recycled damaged weapons."
Historical interpretation: How did Norse mythology shape Viking raiding strategies?,"Norse myths emphasized fate (wyrd) and warrior cults, encouraging raids as acts of divine service. The god Odin's association with wisdom and battle inspired strategic cunning, while Thor's strength justified attacks on fortified targets. Rituals before raids reflected belief in supernatural protection."
How did Cnut the Great consolidate power across Scandinavia and the North Sea?,"Cnut unified Denmark, Norway, and England through strategic marriages, military campaigns, and diplomatic alliances. He established a centralized administration, appointed loyal stewards, and enforced a common legal code. His control of key ports like York and Dublin secured trade routes and naval dominance."
Comparison: How did Viking longships differ from Mediterranean galleys in naval warfare?,"Viking longships had shallow drafts, broad prows, and flexible keels for swift, shallow-water raids. Mediterranean galleys were bulkier, with deeper drafts and fixed keels for open-sea battles. Vikings used oars and sails for speed, while galleys relied on rowing power, limiting maneuverability in coastal areas."
When did Viking double-edged swords first demonstrate superior combat effectiveness over Roman-style weapons?,"By the late 8th century, Viking double-edged swords, crafted with high-carbon steel, outperformed Roman weapons in close combat due to their balance, durability, and ability to deliver decisive cuts in shield-wall battles."
How did Erik the Red's exile from Iceland lead to the discovery of Greenland?,"Erik the Red's banishment (c. 982) prompted him to explore westward, discovering Greenland's icy coast. This voyage enabled Norse colonization of Greenland, expanding Viking influence across the North Atlantic."
Why did the Byzantine Empire recruit Viking warriors into its Varangian Guard?,"The Byzantines sought Norse warriors for their skill in hand-to-hand combat and loyalty. Recruiting Vikings bolstered their military, while the Varangian Guard's prestige integrated Norse culture into Byzantine society through trade and diplomacy."
Which Viking leader founded the Kievan Rus state in the 9th century?,"Rurik, a Norse chieftain, established the Kievan Rus state in 862, uniting Slavic tribes and Norse settlers through a council system."
How did Viking longships enable long-distance trade with the Byzantine Empire?,"Viking longships' shallow draft, speed, and flexibility allowed them to navigate rivers and seas, facilitating trade routes like the Volga and Dnieper, connecting Scandinavia to Byzantine markets."
When did Harald Hardrada's invasion of England begin?,"Harald Hardrada's invasion of England began in September 1066, culminating in the Battle of Stamford Bridge, where he defeated the Northumbrian army before his death."
Historical interpretation: How did the introduction of Norse gods influence Viking agricultural practices?,"Norse gods like Freyr and Thor were central to farming rituals, linking harvests and weather to divine favor. Farmers invoked these deities for protection, reflecting how religious beliefs shaped agricultural practices. This interplay ensured rituals aligned with seasonal cycles, reinforcing societal cohesion through shared spiritual traditions."
Who was the Norse god primarily associated with storms and sea travel?,"Njord, the Norse god of the sea and winds, was primarily associated with storms and maritime travel. Worshipped by sailors and traders, his temples were often located near coastlines, emphasizing his role in ensuring safe voyages and controlling oceanic forces."
Archaeology: What artifact discovery in Scandinavia best illustrates the design of Viking longships?,"The Oseberg ship, discovered in Norway, exemplifies Viking longship design with its double hull, oar ports, and cargo space. Archaeological analysis confirmed its use for trade and exploration, showcasing advanced shipbuilding techniques that facilitated Viking expansion across the North Sea."
Historical interpretation: How did Harald Fairhair's unification of Norway impact Viking raiding strategies?,"Harald Fairhair's unification of Norway created a centralized kingdom, enabling coordinated raids and military campaigns. This shift from decentralized clan warfare to state-backed raids increased the scale and efficiency of Viking expeditions, reshaping their strategic approach to conquest and trade."
Scenario: A Viking trader arrives in Constantinople with a cargo of amber. What economic exchanges might occur during this encounter?,"The trader would barter amber for Byzantine silk, spices, and glassware. Byzantine officials may impose tariffs, while Norse merchants gain access to Mediterranean markets. This trade strengthens Viking economic networks and fosters cultural exchange between Scandinavia and the Byzantine Empire."
What artifact discovery in Normandy reveals Viking influence on early medieval feudal systems?,"The 10th-century Domesday Book records Viking-descended lords holding land in Normandy. These entries show feudal dues and tolls collected by Norse elites, demonstrating their integration into the region's emerging feudal economy post-911 Norman conquest."
Comparison: How did Viking longship construction differ from Byzantine triremes in enabling maritime trade?,"Viking longships featured shallow drafts and flexible seams for swift, long-distance travel. Byzantine triremes had deeper hulls and oared rowing for coastal warfare. This divergence allowed Vikings to raid and trade across the North Sea, while triremes dominated Mediterranean naval engagements."
What economic role did Viking-run trade posts play in the Byzantine Empire's eastern frontier?,"Viking trade posts in the Black Sea facilitated the exchange of Scandinavian furs and amber for Byzantine silver and grain. These outposts acted as hubs for both legal and illegal commerce, enriching Norse merchants while supplying essential goods to the Empire's eastern provinces."
Scenario: A Viking archaeologist uncovers a ship burial with Byzantine ceramics. What does this reveal about Viking-Byzantine interactions?,"The presence of Byzantine ceramics in a Viking ship burial indicates direct trade or diplomatic relations. Such artifacts suggest Norse elites adopted Byzantine luxury goods, reflecting cultural hybridity and the Vikings' role as intermediaries in trans-Eurasian trade networks."
Where did Harald Hardrada's fleet anchor before the Battle of Hastings in 1066?,"Harald Hardrada's fleet anchored at Wissant, France, in September 1066. This strategic location allowed his forces to launch a swift invasion of England, aiming to claim the English throne. The decision reflected Norse naval tradition and the urgency to preempt Harold Godwinson's potential rival claim."
What caused the rapid decline of Harald Hardrada's army after the Battle of Stamford Bridge?,"The Battle of Stamford Bridge (September 1066) caused Harald Hardrada's army to fragment due to heavy casualties and exhaustion. His forces, weakened by the prolonged engagement, were unprepared for the subsequent Norman invasion, leading to his death and the collapse of his short-lived claim to the English throne."
Scenario: A Viking shipwreck in Greenland reveals Norse and Native American artifacts. What does this indicate about Viking exploration?,"This shipwreck indicates Viking explorers reached North America, interacting with Native American groups. The artifacts suggest trade, cultural exchange, or conflict, confirming the Norse presence in Vinland and their pioneering long-distance maritime exploration across the North Atlantic."
How did Viking axes differ from swords in terms of combat effectiveness during raids?,"Viking axes had a curved, wide blade designed for cleaving armor and creating large wounds, while swords were narrower and better for thrusting. Axes were more effective against shield walls, making them a staple in raiding tactics, whereas swords were favored for close combat among elite warriors."
What route did Norse traders take to reach the Faroe Islands during the Viking Age?,"Norse traders navigated the North Atlantic using their longships, following the western edge of the Greenland Ice Sheet. They reached the Faroe Islands by the late 8th century, exploiting seasonal winds and ocean currents to establish settlements and trade networks across the North Atlantic."
Which battle marked the beginning of the Great Heathen Army's conquest of England?,"The Battle of Lindisfarne in 793 marked the start of the Great Heathen Army's raids. This Viking attack on the monastery island signaled the beginning of sustained Norse incursions into English territories, reshaping Anglo-Saxon history and leading to broader invasions in the 9th century."
When did Harald Fairhair consolidate power over all of Norway?,"Harald Fairhair consolidated power over Norway by 872, following years of conflict with rival chieftains. His victory at the Battle of Fitjar solidified his rule, establishing a centralized Norse kingdom and setting the stage for Norway's emergence as a unified state."
What feature distinguished Viking longships from other seafaring vessels?,"Viking longships featured a shallow draft and overlapping clinker-built planks, enabling swift travel between coastal areas and inland waterways. Their design allowed for both raiding and trade, making them versatile for Viking exploration and expansion across Europe and beyond."
Where did Viking Age Jarls typically reside during the 9th century?,"Jarls in the Viking Age resided in coastal regions, hill forts, or fortified longhouses, often near strategic trade routes. They controlled land and resources, maintaining political and military authority over their communities. Their settlements reflected both Norse and localized influences, adapting to regional environments while preserving traditional governance structures."
When did Norse farming techniques significantly evolve during the Viking Age?,"Norse farming techniques evolved notably during the late 9th century, incorporating heavier plows and three-field systems. This shift improved soil fertility and crop yields, supporting population growth. Such advancements mirrored broader European agricultural trends, enhancing food production and sustainability in Viking settlements."
Historical interpretation: How did Jarls influence Norse farming practices?,"Jarls shaped Norse farming by overseeing land distribution and resource management. They promoted communal labor systems and technological adoption, ensuring food security for their kin and retinues. Their authority reinforced social hierarchies, linking agricultural productivity to political power within Viking society."
Where did Viking settlers establish permanent farms in 9th-century France?,"Viking settlers established permanent farms in coastal regions of Normandy, such as the Pays de Caux and the Dives River valley. These areas offered fertile land and access to trade routes, allowing them to integrate into local economies while maintaining Norse cultural practices and social structures."
Historical interpretation: How did farming shape Norse societal structures?,"Farming in Norse society fostered communal cooperation and social stratification. Land ownership and agricultural surplus supported warrior classes and jarls, while collective labor sustained settlements. This system balanced subsistence needs with military readiness, reinforcing hierarchical yet interdependent community organization."
Who was the most influential Viking queen in the early 9th century?,"Queen Astrid of Sweden, mother of King Bjorn Ironside, was influential in Viking politics. Her marriage alliances and strategic support for her sons' campaigns strengthened Norse power in Scandinavia and beyond, though her role remains underexplored in historical records."
Comparison: How did the Battle of York contrast with the Battle of Hastings in Viking strategy?,"The Battle of York (866) emphasized Viking siege tactics and attrition, while the Battle of Hastings (1066) showcased Norman cavalry dominance. York's victory secured Northumbria, whereas Hastings marked the end of Viking influence in England, reflecting evolving military adaptations."
Who led the Great Heathen Army's conquest of East Anglia?,"Ivar the Boneless orchestrated the Great Heathen Army's conquest of East Anglia in 869. His tactical leadership and alliances with local leaders enabled the Vikings to subdue the region, though his exact role remains debated due to fragmented historical sources."
How did Viking longships enable raids on English monasteries during the 9th century?,"Viking longships' shallow draft, speed, and shallow draft allowed access to rivers and coastal settlements. Their light construction enabled swift raids on isolated monasteries, exploiting weaknesses in Anglo-Saxon defenses while minimizing exposure to counterattacks."
Comparison: How did Viking raids on England differ from those in Scotland during the 9th century?,"English raids focused on strategic cities like York, aiming to establish Danelaw control, while Scottish attacks targeted monasteries for loot. Scottish raids often involved prolonged blockades, whereas English raids prioritized rapid plunder and retreat."
What role did Byzantine silver play in Viking trade networks during the 9th century?,"Byzantine silver, highly valued for its purity, became a key commodity in Viking trade. It was exchanged for furs, slaves, and amber, fostering economic ties and enabling Norse merchants to fund further exploration and warfare."
How did Harald Fairhair's unification of Norway affect Viking raids on England?,"Harald Fairhair's centralized rule in Norway provided a stable base for Viking fleets, enabling coordinated raids on England. His navy supplied experienced warriors and resources, intensifying attacks on Anglo-Saxon kingdoms and accelerating the Great Heathen Army's campaigns."
How did Viking settlements in England influence local governance by the late 9th century?,"Viking settlements in England introduced Scandinavian legal systems, blending with Anglo-Saxon traditions to create hybrid governance structures, as seen in the Danelaw's administrative reforms."
Which Viking group played a key role in establishing the Kievan Rus' state?,"The Varangian Rus' elite, primarily Norse traders and warriors, established Kievan Rus' by securing trade routes and political alliances in the 9th century."
When did Norse women begin to participate in trade networks across the Viking Age?,"By the late 8th century, Norse women engaged in trade, evidenced by archaeological finds of their jewelry and goods in Eastern Europe and the British Isles."
How did the concept of 'thing' governance evolve in Norse society during the 90s?,"The 'thing' evolved into a structured assembly for lawmaking and dispute resolution, formalizing Norse governance and reinforcing communal decision-making in the 9th century."
Which Viking queen was known for her diplomatic efforts with Frankish rulers?,"Astrid of Sweden, also called Astrid the Fair, negotiated peace with Charlemagne in 810, securing safe passage for Norse traders. Her diplomacy reduced hostilities and facilitated trade, showcasing the political influence of Viking queens beyond warfare."
Scenario: How would a Thing Assembly address a dispute over land boundaries between two clans?,"The assembly would gather witnesses, examine evidence, and require oath-taking. If guilt was proven, penalties like fines or exile might apply. A binding verdict, recorded in the land register, would resolve the conflict and maintain social order."
Compare the role of Jarls in Norse governance versus that of a medieval king.,"Jarls ruled local jarldoms, overseeing law, defense, and resource management. Unlike medieval kings, they lacked centralized authority. Their power was tied to hereditary leadership, while kings emerged later through unification of smaller kingdoms."
How did Viking queens influence political alliances during the 9th century?,"Queens like Astrid of Sweden and Gyda of Dublin brokered marriages, secured treaties, and mediated disputes. Their marriages to foreign rulers strengthened Norse trade networks and political ties, ensuring stability and expanding influence across Europe."
How did the rise of Jarls in Norse society lead to regional power structures?,"Jarls, as hereditary leaders, consolidated power by controlling land and resources, enabling the formation of regional kingdoms and reducing centralized authority, which facilitated the unification of Norway under Harald Fairhair."
"Why did Viking longships have a shallow draft, enabling raids on inland waterways?","Their clinker-built design and narrow hull allowed navigation through shallow rivers and coastal areas, enabling surprise attacks on monasteries and towns while maintaining speed and maneuverability."
Which Viking ruler was the first to convert to Christianity in the 10th century?,"Olaf Trygvesson of Norway became the first Viking ruler to fully convert to Christianity in 995, marking a pivotal shift in Norse religious practices and influencing neighboring regions."
"Who were the Varangians, and what role did they play in Russian history?","The Varangians were Norse warriors who established trade and political ties in Russia. They became key administrators and military elites under the Kievan Rus' state, shaping its early governance and defense."
When did Norse women first gain legal rights to inherit land in Viking settlements?,"By the late 9th century, Norse women in settlements like York and Jutland could inherit land under the common law of the ödling, ensuring their economic and social stability within Viking society."
Which farming tool was essential for Norse agriculture in the 9th century?,"The moldboard plow, introduced via trade, revolutionized Norse farming by enabling deeper tilling. This tool increased crop yields, supporting growing settlements and trade networks."
"Who was Harald Hardrada, and what was his significance in the 11th century?","Harald Hardrada was a Norwegian king who claimed the English throne in 1066. His invasion of England, backed by a fleet of 300 ships, aimed to assert his right to the crown. His defeat at the Battle of Hastings marked the end of Viking expansion into England and solidified Norman rule."
Scenario: How would a Byzantine emperor use Varangian guards during a civil war?,"A Byzantine emperor would deploy Varangians to secure key cities and protect the imperial court. Their loyalty and martial prowess would suppress rebellions, enforce order, and safeguard treasures. They might also lead elite cavalry units to crush rival factions and restore authority."
"Who was Erik the Red, and how did he establish Vinland?","Erik the Red, exiled from Iceland, led a Norse expedition to Greenland in 982. He later sailed westward, founding the first Norse settlement in Vinland around 1000. This venture marked the furthest Viking reach in North America, though contact with Indigenous peoples was brief and limited."
"Why did Cnut the Great consolidate power in Denmark, England, and Norway?","Cnut unified Scandinavia through strategic marriages, military campaigns, and alliances. By securing Denmark, England, and Norway, he created a North Sea empire, leveraging his control of trade routes and naval superiority to maintain stability and influence across the region."
How did Viking weapons shape medieval European warfare?,"Viking weapons, like the seax and Ulfberht swords, influenced medieval combat through their durability and design. Their raids introduced Norse tactics to European armies, while traded weapons like the Dane axe spread across the continent, blending Viking innovation with regional military traditions."
What caused regional variations in Viking legal codes?,"Regional variations in Viking legal codes stemmed from local customs, geography, and governance. The Icelandic Lawspeaker preserved distinct traditions, while Scandinavian codes like the Danish Grágás reflected centralized authority. The Thing assembly adapted laws to balance communal justice with regional power dynamics."
How did Cnut the Great consolidate his North Sea empire?,"Cnut the Great unified Denmark, England, and Norway through strategic marriages, military campaigns, and administrative reforms. He secured Denmark by 1018, conquered England by 1016, and established Norwegian control by 1028. His centralized governance and coinage system stabilized his realm, creating the North Sea Empire."
"When did the Viking Age end, and what marked its decline?","The Viking Age ended in the late 11th century as raids declined and trade replaced conquest. By the 1060s, Scandinavian kingdoms embraced Christianity and feudalism, while Norse colonies in the British Isles integrated into English society. The last major raids occurred in the 1060s, signaling the transition to the High Middle Ages."
Compare the governance of Viking kings versus medieval Christian kings in England.,"Viking kings ruled through the Thing Assembly, blending lawmaking and leadership, while medieval Christian kings centralized power via royal courts. Viking kings often married into Anglo-Saxon nobility, whereas Christian kings strengthened ties through alliances and church support. Both systems emphasized loyalty, but Viking governance retained communal elements, whereas Christian rule prioritized centralized authority."
Where did Halfdan the White's Viking raids target in the 9th century?,"Halfdan the White raided East Anglia, Mercia, and Northumbria, targeting monasteries and settlements. His campaigns, part of the Viking Age, aimed to expand influence and plunder resources. These raids contributed to the establishment of Danelaw, a region under Viking control in England."
When did the Norse gods' influence decline in Viking Age Scandinavia?,"The Norse gods' influence waned from the late 10th century as Christianization spread. By the 11th century, Scandinavian rulers promoted syncretism, blending pagan rituals with Christian practices. This shift marked the gradual replacement of Norse mythology with Christianity, though pagan traditions persisted in folklore."
Compare the role of Norse gods in daily life versus their depiction in Viking Age literature.,"Norse gods were venerated for practical protection, with rituals ensuring prosperity and victory. Literature like the Eddas portrayed them as heroic figures embodying fate and glory. While daily life focused on their powers, literature emphasized their divine struggles, reflecting both reverence and mythological storytelling."
Why did Cnut the Great seek alliances with German nobles in the 1030s?,"Cnut forged alliances with German nobles to secure northern territories and counter rival claims. By marrying Emma of Normandy and aligning with German princes, he stabilized his North Sea empire, ensuring loyalty and military support against threats from Scandinavia and the Holy Roman Empire."
What challenges did Viking settlers face in establishing communities in France?,"Viking settlers in France faced resistance from local Frankish lords, resource scarcity, and cultural integration hurdles. They adapted by adopting Frankish administrative practices and intermarrying, which helped solidify their control over regions like the Danelaw."
What did the Oseberg ship reveal about Viking Age craftsmanship?,"The Oseberg ship, discovered in 1903, showcased advanced shipbuilding techniques, including a unique bow design and ornate carvings, highlighting the Vikings' expertise in maritime technology and artistic craftsmanship."
What role did animals play in Viking daily life?,"Animals were vital to Viking life, providing food, transportation, and materials. Cows, horses, and goats supported subsistence, while dogs assisted in hunting and warfare, reflecting the Norse reliance on domesticated animals for survival."
What was the significance of the Great Heathen Army's invasion of England?,"The Great Heathen Army's 865 invasion of England marked a turning point, leading to the establishment of the Danelaw. This facilitated Viking settlements, cultural exchanges, and the eventual integration of Norse influence into English society."
What were the primary purposes of Viking runes?,"Viking runes were used for record-keeping, marking possessions, and inscriptions on runestones. They documented genealogies, legal texts, and personal messages, serving as both practical tools and expressions of Norse cultural identity."
What was Cnut the Great's strategy to maintain control over his North Sea empire?,"Cnut maintained control through strategic marriages, military campaigns, and centralized governance. He secured alliances, suppressed rebellions, and promoted Christianity, ensuring stability across Denmark, England, and Norway."
What was the primary function of Viking Thing assemblies in governance?,"Thing assemblies served as public gatherings for legal disputes, communal decision-making, and oath-taking. They upheld Norse laws, resolved conflicts, and ensured collective accountability. These assemblies reflected the Viking emphasis on communal justice and political participation."
What was the significance of Viking artifacts found in Normandy during the 9th century?,"Viking artifacts in Normandy, like the Mont-Saint-Michel relics, show their cultural and economic impact. These items reveal trade networks, craftsmanship, and the integration of Norse and Frankish influences, marking the early stages of Norman identity."
What role did Viking artifacts like the Gokstad ship play in understanding their maritime technology?,"The Gokstad ship, discovered in Norway, exemplifies Viking shipbuilding mastery. Its design enabled long-distance voyages, reflecting advanced woodworking skills and navigational expertise crucial for Viking exploration and trade."
Where did Viking settlers establish permanent communities in France during the 9th century?,"Viking settlers established permanent communities in the Seine estuary, particularly around Rouen and the Pays de Caux. These settlements blended Norse and Frankish cultures, forming the foundation of Normandy. They integrated into local trade networks while maintaining distinct Norse social structures."
What role did runes play in Viking communication during the Viking Age?,"Runes served as a practical tool for record-keeping, legal documentation, and communication. They enabled the recording of laws, property transfers, and personal messages, preserving Norse traditions while facilitating interaction with other cultures through inscribed stones and objects."
How did the Varangians' governance in Normandy contrast with Viking governance in Scandinavia?,"Varangians in Normandy adopted centralized authority and alliances with Frankish nobles, fostering stability. In contrast, Scandinavian governance remained decentralized, clan-based, and focused on raiding. Normandy's system mirrored medieval feudal structures, while Scandinavia retained tribal leadership."
Where were the most significant Viking rune stones found in Normandy?,"The most significant Viking rune stones in Normandy were discovered in the Pays de Caux, including the Dives-sur-Mer stones. These inscriptions reflect Norse cultural influence, blending Old Norse and Latin script, and provide insights into Viking religious beliefs and social hierarchies."
What was the primary function of Viking daily life in Normandy compared to Scandinavia?,"Viking daily life in Normandy centered on agriculture, trade, and integration with Frankish society, while Scandinavia prioritized seafaring, raiding, and communal governance. Normandy's settlements emphasized stable farming and craftsmanship, whereas Scandinavia maintained a nomadic, warrior-oriented lifestyle."
Scenario: A Viking raider in 865 England discovers a Anglo-Saxon monastery. What immediate actions would he take based on Viking Age customs?,"The raider would first assess the site's defenses, then launch a surprise attack. If resistance occurs, he would use weapons like axes and shields. Spoils would be divided among warriors, with the leader claiming the most valuable items. Survivors might be enslaved or spared if useful, reflecting Viking tactics of plunder and strategic resource acquisition."
"Where did Erik the Red establish his permanent settlement in Greenland, and what resources sustained it?","Erik the Red founded Brattahlíð in southern Greenland. The settlement relied on hunting seals, whales, and Arctic birds, along with farming limited crops. Sheep and goats provided wool, while dog sleds enabled travel. Norse structures used timber and stone, adapting to Greenland's harsh climate through resourcefulness."
Compare the governance of Viking Thing assemblies in England versus Scandinavia during the 9th century.,"In England, Viking Thing assemblies merged with Anglo-Saxon legal traditions, focusing on dispute resolution and lawmaking. In Scandinavia, Things were more autonomous, emphasizing consensus and kinship ties. English Vikings adopted local customs, while Scandinavian Vikings maintained traditional governance structures, reflecting cultural adaptation."
"Where did Halfdan the White's Viking forces target in 870 England, and what was the outcome?","Halfdan the White raided East Anglia in 870, defeating the ruling king and seizing land. His forces established a stronghold at Thetford, integrating with local nobility. This victory expanded Viking influence in the region, though Anglo-Saxon resistance later challenged their control, highlighting the complexities of Viking territorial gains."
Scenario: A Viking shipwreck is discovered in England with a cache of weapons. What does this reveal about Viking Age trade and conflict?,"The weapon cache suggests the site was a raiding base or trading post. Swords, axes, and armor indicate military activity, while foreign goods like silver or textiles imply trade networks. Such finds reveal Vikings' dual role as warriors and merchants, exploiting England's wealth while navigating political rivalries."
How did Viking longships facilitate trade and conquest during the Viking Age?,"Viking longships combined speed, shallow draft, and versatility for raiding, trading, and exploring. Their design enabled swift travel across open seas and rivers, allowing Vikings to transport goods like furs, amber, and slaves across Europe and the Baltic, while also supporting military campaigns."
Scenario: A Viking leader in 9th-century Russia faces a rival claiming the Varangian throne. How might he resolve the conflict?,"The leader would likely engage in a formal trial by combat or seek mediation through a Viking Thing assembly. If victorious, he would consolidate power by securing loyalty from local elites and reinforcing his rule through tribute and military strength."
Historical Interpretation: How did the Varangian Guard’s role in Byzantium influence their identity?,"The Varangians became elite guards of the Byzantine Empire, adopting Greek customs while retaining Norse traditions. Their integration into imperial politics solidified their status as a distinct warrior class, blending Scandinavian and Byzantine identities."
How did Viking farming techniques adapt to northern climates during the 9th century?,"Vikings used crop rotation, intercropping, and manuring to maximize yields in poor soils. They grew rye, oats, and barley, supplemented by livestock like cattle and pigs. Seasonal storage and fishing ensured food security through harsh winters."
Scenario: A Viking settlement in 9th-century Russia suffers a severe famine. What actions would its inhabitants take?,"Settlers would prioritize food storage, barter surplus with neighboring groups, and rely on hunting and fishing. They might also send emissaries to trade for grain or seek aid from distant kin, leveraging their networks to survive the crisis."
What caused the decline of the Uppsala temple's significance in 10th-century Sweden?,"The rise of Christian influence and royal consolidation weakened the temple's religious authority. Swedish kings shifted patronage to Christian institutions, leading to the temple's decline by the late 10th century."
Scenario: A Viking leader in 865 England discovers a fortified monastery. What tactical advantage would he exploit based on Viking Age tactics?,"The leader would target the monastery's weak points, using siege engines to breach walls. He might divide forces to overwhelm defenses, leveraging mobility and surprise to secure loot."
"Where did Harald Hardrada's final campaign against Edward the Confessor culminate, and what was its outcome?","The campaign ended at the Battle of Stamford Bridge in 1066. Hardrada's forces were decisively defeated by English nobles, leading to his death and the collapse of his northern invasion."
What role did runes play in recording Viking Age legal disputes in Denmark?,Runes were etched on stones or wood to document land claims and verdicts fromThing assemblies. These inscriptions preserved legal precedents and reinforced societal norms in early medieval Denmark.
Cause-effect: How did the Battle of Svolder in 1003 impact the leadership of the Eastern Norse Kingdom?,"The battle's defeat by Swedish and Norwegian forces weakened the Eastern Norse Kingdom's authority. It accelerated the shift toward centralized rule in Norway, diminishing regional chieftain power."
Which goods were most significant in Viking trade with the Byzantine Empire?,"Vikings traded furs, slaves, amber, and walrus ivory with the Byzantine Empire. These items were highly valued for their rarity and utility. Furs provided warmth, slaves were sought for labor, amber was used in jewelry, and walrus ivory was prized for crafting luxury goods. This trade strengthened economic ties and facilitated cultural exchanges between Scandinavia and the East."
Why did Viking leaders target the East Anglian kingdom in the 860s?,"Viking leaders targeted East Anglia due to its wealth from trade and strategic location. The kingdom's isolated position made it vulnerable, and its rulers offered resistance. After repeated raids, the East Angles submitted to Viking rule in 869, integrating into the Danelaw and reshaping England's political landscape."
Which legal procedures were common in Viking Thing assemblies in England?,"Viking Thing assemblies in England used oaths, trials by ordeal, and public debate to resolve disputes. Laws were recited by law-speakers, and verdicts required consensus. These procedures emphasized communal justice and preserved Norse legal traditions despite English influences."
Which Norse explorer is credited with reaching the coast of North America?,"Leif Erikson, son of Erik the Red, is credited with reaching North America around 1000 CE. His voyage, known as Vinland, led to temporary settlements. This discovery predates Columbus by centuries, showcasing Viking exploration's reach beyond the known world."
Who were the key leaders of the Varangian Guard in the 10th century?,"The Varangian Guard, composed of Norsemen and Kievan Rus warriors, was led by figures like Oleg of Novgorod and Igor of Kiev. These leaders secured Byzantine favor through loyalty and military prowess, becoming instrumental in Byzantine politics and shaping the Eastern Mediterranean's power dynamics."
"What was the significance of Cnut the Great's legal reforms in unifying Danish, Anglo-Saxon, and English legal systems?","Cnut's reforms standardized laws across his realms, reducing regional disparities and fostering centralized governance. By integrating Anglo-Saxon legal traditions with Danish customs, he strengthened administrative control, ensured fairer dispute resolution, and solidified his rule over Denmark, England, and Norway. This legal unification helped stabilize his vast empire and legitimize his authority through shared legal frameworks."
How did Viking legal codes address disputes between Norse settlers and local populations in Eastern Europe?,"Viking laws permitted arbitration and compensation to resolve conflicts, balancing Norse customs with local practices. Settlers often adapted to host societies' legal norms, while retaining core Viking principles like blood feuds. This flexibility allowed Norse communities to integrate economically and socially, fostering mutual tolerance and long-term stability in regions like Kievan Rus."
What role did Ivar the Boneless play in the political fragmentation of the East Anglian kingdom?,"Ivar led the Great Heathen Army, which devastated East Anglia through raids and strategic alliances. His campaigns weakened the kingdom's defenses, enabling its fragmentation into client states. By exploiting internal divisions, Ivar and his allies ensured East Anglia's subjugation, transforming it into a Viking-dominated region that later merged with the Danelaw."
Why did Viking settlers in the Far North prioritize specific agricultural practices to sustain their settlements?,"Vikings in the Far North adopted sod-based farming, hardy crops like rye, and livestock suited to cold climates. These practices maximized soil fertility in poor conditions and minimized reliance on imported goods. Such adaptations ensured food security, enabling long-term survival in harsh environments and supporting permanent settlements in Greenland and Iceland."
"Where were the key Norse settlements established in the Byzantine Empire, and what economic roles did they play?","Norse settlements near the Black Sea, such as at Constantinople and along the Dnieper River, became vital trade hubs. They facilitated the exchange of furs, amber, and slaves for Byzantine textiles, spices, and luxury goods. These outposts strengthened Norse economic ties to the empire, enabling wealth accumulation and cultural exchange without full political integration."
Where is the most compelling archaeological evidence of Ragnar Lothbrok's raids located?,"The Jorvik Viking Centre in York, England, and Lindisfarne's ruined monastic site provide key evidence. Excavations reveal fortified structures, weapons, and trade goods linked to his campaigns, though direct ties to Ragnar remain speculative due to limited primary sources."
Who was Ivar the Boneless's primary rival in the struggle for control of the East Anglian throne?,"Eadbriht, the East Anglian king, was Ivar's main rival. Historical records suggest Ivar and his brother Sigurd besieged East Anglia in 869, exploiting internal divisions to secure dominance over the region's wealth and strategic position."
Where were the earliest known Viking settlements in the British Isles identified through archaeological digs?,"Norfolk and East Anglia's Danelaw region reveal the earliest Viking settlements. Excavations at Snape and Whittlesey uncovered longhouses, burial mounds, and imported goods, indicating organized farming and trade networks by the late 8th century."
Why were Viking longships designed with a shallow draft and overlapping planks?,"These features enabled navigation of rivers and coastal waters. The clinker-built hull, with overlapping planks, provided flexibility and strength, while the shallow draft allowed access to inland waterways, crucial for raiding and trade."
Who were the key figures in the governance of Viking-age Norse settlements in the Danelaw?,"Jarls (chief chieftains) and local thing assemblies led governance. Jarls controlled land and military power, while things resolved disputes and enacted laws. This system balanced centralized authority with communal decision-making in settled Norse communities."
Who was Harald Hardrada's primary rival in the 1066 campaign against England?,"Harald Hardrada's main rival was King Harold II of England, who defended his kingdom against the Norwegian invasion. The conflict culminated in the Battle of Stamford Bridge, where Harold II's forces defeated Hardrada's army before his own army was later defeated at Hastings."
How did Varangians secure their military dominance in the Byzantine Empire?,"Varangians gained dominance through their elite combat skills, loyalty to the Byzantine emperor, and integration into the imperial guard. They were granted land, privileges, and high-ranking positions, ensuring their influence over Byzantine military and political affairs."
Which Irish kingdoms did the Vikings target during the 9th-century raids?,"The Vikings primarily targeted the kingdoms of Dublin, Munster, and Leinster in Ireland. They established fortified settlements, such as Dublin, and engaged in raids to seize wealth, leading to the creation of Norse-Irish hybrid polities."
What were the most valuable commodities traded by Viking settlers in Ireland?,"Viking settlers in Ireland traded silver, slaves, and luxury goods like amber and textiles. They exported Irish cattle, wool, and hides to mainland Europe, while importing weapons, metal tools, and luxury items from Scandinavia and the Byzantine Empire."
Which battle is Ubba Ragnarsson associated with in the Viking conquest of York?,"Ubba Ragnarsson is linked to the 866 siege of York, where he led the Viking forces to capture the city. His leadership was critical in establishing Norse control over the region, though his exact role remains debated among historians."
"Who was the Viking leader who established a kingdom in Normandy, France?","Rollo, a Norse chieftain, secured Normandy through a 911 treaty with the Frankish king. His conversion to Christianity and alliance with the Carolingian dynasty transformed Viking settlements into a feudal duchy, blending Norse and Frankish governance."
Which Viking artifact demonstrates advanced metalworking in the 9th century?,"The Gokstad Ship's iron nails, crafted from single pieces of iron, showcase Viking metallurgical skill. These nails, with their unique crimped design, secured the ship's planks and highlight the era's engineering prowess in maritime construction."
Who was Halfdan the White's primary adversary in East Anglia's conquest?,"Halfdan the White opposed King Æthelred of East Anglia, seizing the throne in 869. His victory, recorded in Anglo-Saxon chronicles, marked the Norse consolidation of power in the region, reshaping Anglo-Saxon politics through military dominance."
Compare the strategic goals of the Viking raids on Ireland's monastic centers versus their settlements in York.,"Viking raids on Ireland's monastic centers (8th–9th c.) targeted wealth and religious institutions, disrupting local power structures. In York, their goal was to establish permanent settlements and control trade routes, integrating into Anglo-Saxon society through military dominance and economic influence."
How did Viking kings in France differ from their counterparts in the Byzantine Empire in securing political loyalty?,"French Viking kings, like Rollo, secured loyalty through land grants and alliance with Frankish nobles. Byzantine Varangians, however, maintained loyalty to the emperor through military service, marrying into imperial families, and holding key administrative roles, ensuring their status as elite warriors."
What caused the shift from Viking raids to permanent settlements in Ireland by the 9th century?,"The shift was driven by the depletion of easily accessible wealth in Ireland and the establishment of fortified towns like Waterford. Permanent settlements allowed Vikings to control local trade, convert to Christianity, and integrate into Irish society, ensuring long-term economic and political gains."
Why did the Varangian Guard's loyalty to Byzantine emperors outweigh their ties to Norse origins?,"The Varangian Guard's loyalty was rooted in their role as elite shock troops and their integration into Byzantine military and administrative systems. Emperors granted them high status, land, and privileges, fostering allegiance to the state over their Norse heritage, which became secondary to their imperial role."
How did the Battle of Hastings (1066) contrast with Viking conquests in France during the 9th century?,"The 9th-century Viking conquests in France focused on establishing duchies through military force and strategic marriages, like Rollo's pact with Charles the Simple. Hastings (1066) was a final, decisive battle where Norman leaders used advanced tactics to overthrow the Anglo-Saxon kingdom, marking a shift from raiding to structured conquest."
Which daily Viking activity most directly contributed to their reputation as traders?,"Viking longship voyages enabled trade across the North Sea, Baltic, and Mediterranean. They exchanged wool, amber, and iron for silver, slaves, and luxury goods, establishing a vast commercial network that defined their economic role in the Viking Age."
Historical interpretation: How did the conversion of Vikings to Christianity reshape Scandinavian political structures?,"Christianity weakened traditional pagan kinship ties, promoting centralized monarchies. Converted kings used the Church to legitimize power, while monasteries became centers of literacy, shifting Norse society from oral traditions to written governance."
Scenario: A Viking leader faces a choice between raiding a Christian monastery or negotiating with local rulers. What factors would influence their decision?,"Economic gain from loot, political alliances with Christian nobles, and the risk of Byzantine or Frankish retaliation would shape the decision. Raiding offered immediate wealth, but alliances provided long-term stability and access to trade networks."
Which Russian prince was most instrumental in integrating Viking settlers into Kievan Rus' society?,"Oleg the Wise unified territories and established Kiev as a trade hub, blending Norse military traditions with Slavic administrative systems. His policies created a hybrid state that merged Varangian governance with local customs."
Historical interpretation: How did Cnut the Great's Christian policies contrast with his Viking heritage?,"Cnut promoted Christianity to solidify his rule in England, Denmark, and Norway, yet maintained Viking-era practices like jarl governance. He balanced religious legitimacy with traditional Norse institutions, ensuring stability across his realms."
Who was Ubba Ragnarsson's brother who led the 865 invasion of England?,"Ubba's brother Ivar the Boneless led the Great Heathen Army in the 865 invasion. This coalition of Norse forces targeted York, defeating the Anglo-Saxon north and establishing a foothold in England."
Why did Viking Thing Assemblies serve as both judicial and legislative centers?,"Thing Assemblies provided a forum for collective decision-making, resolving disputes, enacting laws, and debating policies. This structure ensured communal governance and maintained order in Viking societies."
Which Scottish kingdom faced the most Viking raids during the 9th century?,"Strathclyde experienced frequent Viking raids from 870 onwards. These attacks intensified after the 875 treaty, leading to partial Norse control and the establishment of a Viking kingdom in the region."
Which Viking rune stone in Scotland features a Christian inscription?,"The Kinnaird Stone (c. 9th century) in Perthshire bears a Christian inscription alongside pagan symbols, reflecting the era's religious transition and Viking cultural syncretism."
Why were Viking swords often designed with a double-edged crossguard?,"The crossguard protected the wielder's hand during combat, enhancing control and durability. It also symbolized status, distinguishing elite warriors and reinforcing martial identity."
Which role did the Varangian Guard primarily serve in the Byzantine Empire?,"The Varangian Guard served as the emperor's elite personal bodyguard, recruited from Norse warriors. Their loyalty was secured through high pay, Byzantine citizenship, and integration into imperial courts, ensuring their allegiance outweighed Norse ties."
What was Erik the Red's nickname and how did it originate?,"Erik the Red earned his nickname from his distinctive red hair, which was considered a mark of Norse strength. Exiled from Norway for manslaughter, he led a Norse expedition to Greenland, establishing settlements there in the 980s."
Cause-effect: How did Cnut the Great's reign lead to a unified North Sea Empire?,"Cnut's conquests of Denmark, England, and Norway in the 1000s created a vast North Sea Empire. His centralized rule and strategic marriages stabilized control, fostering economic and political unity across Viking realms."
What materials did Viking women use to craft their brooches?,"Viking women used silver, gold, and alloyed metals to create intricate brooches. These adornments symbolized social status and were often adorned with geometric patterns, reflecting both practicality and artistic skill in their daily attire."
What caused the development of Viking longships for exploration?,"The need for open-sea navigation drove Viking longship design. Shallow drafts, overlapping planks, and a single sail enabled swift travel between Scandinavia and distant lands, facilitating trade and raids."
What role did Norse mythology play in Viking seafaring rituals?,"Norse mythology guided Viking voyages through rituals honoring gods like Odin and Thor. Sailors sought protection from storms and safe returns, reflecting their belief in divine influence over nature."
When did the first Norse kings formally convert to Christianity?,"By 835, Norse kings like Olaf Trygvesson adopted Christianity, though traditional beliefs persisted. This shift eased interactions with Christian Europe but slowed the decline of pagan practices in rural areas."
Where did Halfdan the White establish a Christian monastery in the 9th century?,"Halfdan the White founded the monastery of Saint Alban in Birkenhead, England, in 871, promoting Christian conversion among Viking settlers. This act symbolized a shift from pagan practices to Christian influence in Viking territories."
Historical interpretation: How did the Varangian Guard's presence in Constantinople influence Byzantine military strategies?,"The Varangian Guard's Norse expertise in shipbuilding and combat transformed Byzantine naval tactics. Their loyalty to the emperor provided a stable, elite force, enabling Byzantium to defend against Arab and Bulgarian threats while maintaining political control over Viking mercenaries."
Cause-effect: What led to the Varangians' integration into Byzantine society through marriage alliances?,"The Varangians' military prowess and loyalty secured their place in Byzantine courts. Strategic marriages between Norse leaders and Byzantine elites fostered cultural exchange, blending Norse and Greek traditions and solidifying their role as both warriors and administrators."
Why did Viking farmers in southern Scandinavia prioritize cultivating barley over rye?,"Barley matured faster and yielded more grain per acre, crucial for brewing ale and sustaining larger populations. Its shorter growing season suited southern climates, enhancing food security."
Scenario: A Viking chieftain must choose between settling in a fertile valley or a coastal fjord. Which option offers better long-term stability?,"A coastal fjord provides access to fish and trade routes, ensuring food security and wealth. However, a fertile valley offers agricultural surplus, supporting larger settlements and reducing reliance on raids."
Why did Harald Hardrada's 1066 invasion of England fail despite his naval superiority?,"Hardrada's fleet was overwhelmed by the English at Stamford Bridge, and his lack of support from northern English lords led to his defeat at Hastings, ending Viking ambitions in England."
What caused the establishment of the Danelaw in East Anglia during the 9th century?,"Ubba Ragnarsson's campaigns in 865 devastated East Anglia, leading to its incorporation into the Danelaw. The region's fertile land and strategic location made it a key Viking stronghold, reshaping Anglo-Saxon political boundaries through military conquest and settlement."
"When did Norse settlers first establish permanent settlements in Orkney, Scotland?","Norse settlers arrived in Orkney by the late 8th century, driven by resource competition and expansionist policies. By the 9th century, they had established permanent settlements, integrating with local Pictish communities and forming the Kingdom of the Isles under Viking leadership."
How did Viking shipbuilding in Norway differ from that in Denmark during the 9th century?,"Norwegian ships emphasized long, narrow hulls for exploration and raiding, while Danish designs prioritized broader beams for trade. Norway's use of oak and iron clamps contrasted with Denmark's reliance on pine, reflecting distinct maritime priorities and resource availability."
What did the Oseberg ship burial in Norway reveal about Viking social hierarchy?,"The Oseberg ship, buried with a woman, 500 artifacts, and a horses, demonstrated elite status and complex rituals. It showcased Viking craftsmanship, trade networks, and the central role of ships in both warfare and funerary practices, underscoring societal stratification."
How did the conversion of Viking rulers to Christianity in the 10th century impact their military strategies?,"Christianized rulers like Olaf Trygvesson shifted from pagan raids to peaceful expansion, leveraging religious legitimacy for alliances. This reduced internal resistance, facilitated state-building, and redirected Viking aggression toward conversion and territorial consolidation."
Scenario: A Viking trader faces a choice between a coastal trading post or an inland market. Which offers greater long-term prosperity?,"Coastal posts secured direct access to maritime trade routes and naval protection, vital for transporting heavy goods. Inland markets, while stable, risked isolation. A hybrid approach—establishing a coastal base with inland connections—maximized both trade volume and security."
Historical interpretation: How did Cnut the Great's governance unify the North Sea Empire?,"Cnut integrated Denmark, Norway, and England through strategic marriages, military campaigns, and administrative reforms. He standardized laws, appointed loyal officials, and maintained a powerful navy, creating a cohesive political entity that balanced Norse and Christian institutions."
Comparison: How did Viking settlements in Iceland contrast with those in Greenland?,"Icelandic settlers established agrarian communities with self-governance and Norse legal traditions, while Greenlanders relied on Norse-Greenlandic culture, subsisting on farming and hunting. Iceland's access to trade routes fostered cultural exchange, whereas Greenland's isolation led to gradual assimilation into Inuit practices."
Historical interpretation: How did the Byzantine Empire's reliance on Viking mercenaries impact its military tactics?,"Byzantine reliance on Viking mercenaries, such as the Varangian Guard, introduced elite Norse warriors into its ranks. Their expertise in close combat and loyalty to the emperor strengthened Byzantine defenses. However, this dependence sometimes led to tensions, as Viking leaders occasionally sought autonomy, influencing Byzantine strategies to balance integration with control."
Scenario: A Viking trader must choose between a Byzantine silk road route or a Germanic inland market. Which offers greater economic stability?,"The Byzantine silk road provided access to luxury goods and broader markets, fostering long-term wealth through trade networks. Germanic inland markets, while profitable, were limited by local economies. The Byzantine route's stability and higher demand for Norse furs and amber made it more economically viable for sustained prosperity."
Why did Ragnar Lothbrok's legend evolve to include mythical elements in later sagas?,"Ragnar Lothbrok's saga incorporated mythical elements to elevate him as a cultural icon, reflecting Viking ideals of heroism and destiny. These additions amplified his role as a legendary figure, blending historical events with folklore to preserve Norse identity and moral lessons across generations."
Historical interpretation: How did the Norse emphasis on kinship influence their raiding strategies?,"Norse kinship networks prioritized collective loyalty, driving coordinated raids to maximize resources and prestige. Families and clans shared spoils, ensuring mutual benefit. This structure also facilitated rapid mobilization, as raids were often organized by extended kin groups, blending warfare with social cohesion."
Scenario: A Viking chieftain must decide between expanding into the Byzantine Empire or settling in a fertile valley. Which provides better long-term security?,"Settling in a fertile valley offers sustained agricultural wealth and self-sufficiency, reducing reliance on trade. However, Byzantine expansion grants access to lucrative markets and political alliances, though with risks of conflict. A chieftain seeking stability would prioritize the valley, while one seeking influence might pursue Byzantine integration."
When did Viking settlers establish permanent trading posts along the Dnieper River in Kievan Rus'?,"Viking settlers established permanent trading posts along the Dnieper River in the late 9th century, around 860, as part of the Varangian route. These posts facilitated trade between the Baltic and Black Seas, integrating Kievan Rus' into broader Eurasian networks."
How did the discovery of the Gullfoss waterfall in Iceland relate to Viking Age trade routes?,"The Gullfoss waterfall, though not an artifact, symbolized the natural barriers and strategic locations Vikings exploited. Its prominence in Norse sagas highlights how geographical features influenced trade and settlement patterns in Iceland."
Why did Cnut the Great prioritize consolidating power in England over Denmark?,"Cnut prioritized England due to its strategic location and economic wealth, which bolstered his North Sea Empire. Control of England provided access to trade routes and resources, securing his legacy as a unifying Viking ruler."
How did Ubba's leadership shape the Danelaw's administrative structure in East Anglia?,"Ubba established the Danelaw by enforcing Danish law and governance in East Anglia, creating a hybrid legal system. This structured administration stabilized Viking settlements and facilitated long-term cultural integration."
"When did Ubba die, and what impact did his death have on Viking expansion in England?","Ubba died in 865 during the Battle of Nottingham, marking the end of Viking leadership in the region. His death led to a power vacuum, allowing subsequent Viking leaders to consolidate control and expand their influence in England."
How did Viking interactions with Byzantine mercenaries differ from their dealings with Frankish rulers?,"Vikings often served as mercenaries in the Byzantine Empire, providing elite warriors for the Varangian Guard, while their alliances with Frankish rulers were usually through political marriages or treaties. Unlike Byzantium, Frankish interactions often involved land conquests, reflecting differing strategic priorities between the empires."
"When did Viking raids on Byzantine coastal cities intensify, and what factors contributed to this escalation?","Viking raids on Byzantine coastal cities intensified in the late 9th century, driven by increased demand for luxury goods and overpopulation in Norse settlements. The Byzantine Empire’s reliance on Viking mercenaries also fostered complex relationships, blending conflict with economic interdependence."
How did the Viking Age's emphasis on seafaring influence the development of Normandy's naval capabilities?,"Normandy’s naval growth stemmed from Viking settlers’ maritime expertise, which shaped its shipbuilding and trade networks. By the 10th century, Normandy’s coastal fortifications and shipyards reflected Viking traditions, enabling dominance in the Channel and Mediterranean routes."
How did Viking longships differ from Byzantine navy vessels in terms of design and strategic use?,"Viking longships prioritized speed and shallow draft for raiding and coastal raids, while Byzantine vessels emphasized stability and firepower for naval battles. This contrast allowed Vikings to strike quickly and retreat, whereas Byzantine ships engaged in prolonged engagements."
"When did the Viking Age in England conclude, and what marked its end?","The Viking Age in England concluded by the late 11th century, marked by the Norman Conquest of 1066. After Harold II’s defeat at Hastings, Anglo-Saxon resistance collapsed, and Norman rule integrated Viking and Anglo-Saxon legacies into a unified kingdom."
Who was Ubba in relation to the Viking invasions of Scotland?,"Ubba was a Viking leader who led raids on Scotland in the late 8th century. He is linked to the Battle of Killidy in 795, part of the Viking incursions into the region. His campaigns contributed to the establishment of Norse settlements along the Scottish coast, though his exact role remains debated among historians."
When did Viking longships first appear in Scotland's archaeological record?,"Viking longships appeared in Scotland’s archaeological record by the late 8th century, evidenced by sites like Skara Brae and the Ness of Brodgar. These ships, with their shallow drafts and oar-based designs, enabled Viking raids and settlements along Scotland’s coasts and islands."
Who were the key figures in Norse society that influenced Scottish Viking settlements?,"Norse chieftains and jarls, such as the legendary Ragnar Lothbrok, led Viking expeditions to Scotland. Their leadership structures, emphasizing kinship and military prowess, shaped the governance of Viking settlements in the Hebrides and north-east Scotland."
When did the use of runes in Scotland decline during the Viking Age?,"The use of runes in Scotland declined by the 11th century as Christianity spread. By the 12th century, Latin script replaced runes in official records, though some runic inscriptions persisted in remote areas, reflecting lingering Norse cultural influence."
How did Viking trade networks in Scotland differ from those in the Baltic region during the Viking Age?,"Viking trade in Scotland focused on silver, furs, and slaves, connecting to the Frankish and Byzantine markets via the North Sea. In contrast, Baltic routes emphasized amber, timber, and奴隶, linking to the Varangian trade network. Scotland's remote location limited large-scale commerce, while the Baltic's access to rivers enabled broader economic exchange."
Historical interpretation: How did the Norse emphasis on kinship shape Viking settlements in Scotland?,"Kinship structured Viking communities in Scotland through shared leadership and resource management. Clans like the Gallgaites controlled key areas, fostering loyalty through reciprocal obligations. This system ensured collective survival in harsh environments but sometimes led to conflict over territory among rival groups."
How did Leif Erikson's voyages to North America influence Viking Age exploration strategies?,"Leif's 1000 AD journey to Vinland demonstrated the feasibility of transatlantic travel, encouraging future Norse expeditions. His reliance on familiar routes and resources showed how Viking navigational skills could extend beyond the known world, though sustained settlement remained limited due to logistical challenges."
Comparison: How did Viking longships adapt for trade in Scottish waters versus open seas?,"Scottish waters required shallow-draft designs for navigating estuaries, while open-sea routes favored deeper hulls for speed. Trade in Scotland emphasized cargo capacity for goods like wool and silver, whereas open-sea voyages prioritized speed for raiding or distant markets like the Byzantine Empire."
How did Viking daily life in Scotland reflect adaptations to its harsh climate?,"Vikings in Scotland built sturdy, wind-resistant longhouses and relied on fish, game, and preserved meat. They crafted tools from local materials like stone and bone, and developed seasonal farming techniques to cope with short growing seasons. Boats were essential for both transport and fishing in coastal regions."
Which Viking battle marked the decisive end of Viking raids on England?,"The Battle of Stamford Bridge (1066) ended Viking raids as Harald Hardrada's forces were defeated, leading to William the Conqueror's victory at Hastings. This solidified Norman control and halted Viking expansion in England."
How did Viking longships enable their dominance in English riverine warfare?,"Viking longships featured shallow drafts, oar-propulsion, and flexible hulls, allowing swift river navigation. These traits enabled surprise attacks on English settlements and facilitated both raiding and trade in inland waterways."
Which archaeological site in England reveals Viking longship construction techniques?,"The Gokstad Ship (Norway) and Oseberg Ship (Norway) provide key insights, but the Viking Ship Museum in Roskilde (Denmark) also displays similar designs, showing shared Scandinavian shipbuilding expertise."
What caused Ivar the Boneless to shift Viking raids from Denmark to England?,"Ivar's focus on England stemmed from the region's wealth and strategic value, offering greater plunder and political leverage. His alliance with the Danish fleet and the vulnerability of Anglo-Saxon kingdoms post-789 raids facilitated this shift, consolidating Viking control in the region."
Why did Viking weapons in Russia differ from those in Scandinavia?,"Viking weapons in Russia adapted to local materials and warfare styles. Iron became more prevalent due to local resources, while Scandinavian weapons relied on iron and bone. Russian Vikings also adopted steppe tactics, emphasizing mobility and composite bows over traditional Scandinavian designs."
What caused the Battle of Neustria in 841 to influence Viking raids on France?,"The Battle of Neustria's outcome weakened Frankish unity, creating power vacuums that Vikings exploited. This victory encouraged raids on unguarded regions, demonstrating how internal strife could catalyze Viking expansion into Western Europe."
Why did Viking longships use overlapping planks instead of nails?,"Overlapping planks provided flexibility to withstand rough seas, while nails risked splitting wood. This technique, combined with resin sealing, ensured durability, making longships ideal for both rapid raids and long-distance voyages across diverse environments."
"Scenario: If Leif Erikson faced a sudden storm en route to Vinland, what immediate actions would his crew take to ensure survival?","His crew would secure loose cargo, reinforce the ship's hull, and prioritize navigation toward calmer waters. They would rely on celestial navigation and communal cooperation to endure the storm, as Viking longships were designed for harsh sea conditions."
Comparison: How did Viking trade economies in the Baltic differ from those in the Mediterranean during the 9th century?,"Baltic trade focused on furs, amber, and slaves, with localized networks, while Mediterranean commerce involved luxury goods like spices and silk. The Baltic relied on river routes, whereas Mediterranean trade utilized larger fleets and coastal ports."
"When did Norse chieftainship structures solidify in Scotland, and what societal factors contributed to this?","By the late 9th century, Norse chieftainship in Scotland stabilized due to strategic alliances, military dominance, and land acquisition. This structure mirrored Scandinavian models, blending kinship ties with centralized leadership."
"Scenario: If Halfdan the White faced a rebellion from his own kin in Northumbria, what legal or military strategies might he employ?","Halfdan would likely invoke Norse law (thing) to legitimize his rule, execute swift reprisals, and offer pardons to appease dissent. He might also strengthen alliances with local lords to quell internal strife."
When did the Viking Age's religious syncretism between Norse paganism and Christianity most significantly influence Scandinavian politics?,"By the early 11th century, Viking rulers adopted Christianity to secure alliances with the Christian Church, blending pagan traditions with Christian rituals. This shift facilitated political stability and integration into European Christendom."
What was the significance of Harald Fairhair's unification of Norway?,"Harald Fairhair's unification of Norway in 872 established the first centralized Norse kingdom, centralizing power and enabling military expansion. This laid the foundation for Norwegian statehood, influencing Viking raids and trade networks across the North Sea."
Where were Viking longships most commonly found in archaeological sites?,"Viking longships were predominantly discovered in Norway's coastal regions, such as the Oseberg and Gjermundbu ships, and in England's Danelaw areas. These sites reveal their design for both raiding and trade across diverse environments."
What role did Viking queens play in political alliances?,"Viking queens, like Astrid of Sweden, brokered marriages to secure alliances, influencing royal succession and territorial expansion. Their diplomacy often shaped power dynamics in Scandinavia and beyond."
Where did Viking queens like Astrid of Sweden exert political influence?,"Astrid of Sweden influenced royal courts in Scandinavia and through strategic marriages, such as her alliance with King Erik the Victorious. She played a key role in consolidating power in Sweden and beyond."
When did Ubba's leadership in the Danelaw impact English-Norse relations?,"Around 870s, Ubba's governance in the Danelaw stabilized Norse control over eastern England, blending Norse and Anglo-Saxon governance. This solidified Viking dominance and influenced English political structures."
Cause-effect: How did the conversion of Harald Fairhair to Christianity affect Norse society?,"Harald's conversion in the 1020s accelerated Christianization, reducing pagan rituals. This shifted Norse society's religious practices, aligning with Christian norms and easing conflicts with the Church."
"Scenario: If Ragnar Lothbrok faced a naval blockade, how might he adapt his tactics?","Ragnar would likely use smaller, faster longships for raids, employ deceptive maneuvers, and seek alliances. These strategies would bypass the blockade, leveraging his reputation to unite Viking forces."
When did Norse chieftains establish their authority in the Orkney Islands?,"By the late 8th century, Norse chieftains consolidated power in Orkney through military campaigns and strategic marriages, integrating the islands into the broader Viking sphere."
Cause-effect: What caused the decline of pagan Norse gods in the 11th century?,"The 11th-century Christianization of Scandinavia, driven by royal decrees and missionary efforts, replaced pagan gods with Christian beliefs, reshaping Norse religious and cultural practices."
When did Viking artifacts in Scotland indicate cultural fusion with Pictish traditions?,"Between 800-1100, Viking artifacts in Scotland, such as brooches and metalwork, blended Pictish motifs with Norse designs, reflecting hybrid cultural exchange and intermarriage between Viking settlers and local Pictish elites."
Which Scandinavian artifact found in England suggests early Christian influence?,"The 8th-century Ruthwell Cross in England features Viking-style interlacing patterns alongside Christian iconography, illustrating the coexistence of Norse artistic traditions and Christian beliefs during the Viking Age."
Historical interpretation: How did the Danelaw's artifacts reflect Norse governance in England?,"Danelaw artifacts, like coins and runestones, show Norse administrative systems, such as the use of Norse language in legal terms and imported goods, indicating structured governance by Viking leaders in eastern England."
When did the Battle of Fulford in 866 impact Viking strategies in England?,"The 866 Battle of Fulford, where Vikings defeated the East Angles, allowed them to establish a foothold in Yorkshire, shifting their focus to Wessex and enabling the creation of the Danelaw, a semi-autonomous Viking territory."
Which Viking battle in Scotland demonstrated naval superiority over local forces?,"The 9th-century Battle of the North Sea saw Viking longships outmaneuver British fleets, securing dominance in the region and enabling the Norse to control key trade routes and expand their influence in the British Isles."
"Scenario: If a Viking chieftain faced a dispute over land in a Thing assembly, what procedural steps would ensure legal resolution?","A chieftain would present the case to the Thing's assembly, where free men (thingmen) would debate and vote on verdicts. Evidence, oaths, and witness testimony guided decisions. Punishments, like fines or exile, enforced rulings, ensuring social order through communal judgment rather than personal vengeance."
What role did Leif Erikson's Norse settlers in Vinland play in their interactions with Indigenous peoples?,"Erikson's settlers likely engaged in trade and peaceful exchanges with Indigenous groups, sharing tools and goods. However, limited evidence suggests minimal conflict, as their short-lived presence focused on exploration rather than sustained colonization or conquest."
Which Viking leader's expeditions to France in the 9th century most notably influenced Norman cultural identity?,"Rollo, a Norse chieftain, established a settlement in Normandy after a 911 treaty. His descendants integrated Norse and Frankish traditions, shaping the unique Norman culture that later became a key European power through feudal structures and language fusion."
"Scenario: If a Viking ship encountered a French coastal fort in 840, which tactics would maximize survival?","The crew would launch raids at dawn to exploit enemy disorientation, using their superior speed and agility. If overwhelmed, they'd retreat to their ship, leveraging their knowledge of coastal terrain to evade pursuit and regroup for future attacks."
What aspect of Norse society most directly enabled long-distance exploration and trade networks?,"A decentralized, warrior-based economy allowed chieftains to fund expeditions through raids and tribute. Skilled shipbuilders and navigators, combined with a culture valuing status through conquest and wealth, drove exploration to distant lands like Iceland, Greenland, and Vinland."
How did Ivar the Boneless's strategies in Ireland contrast with Ubba's tactics in Francia?,"Ivar the Boneless focused on rapid, coordinated raids in Ireland, targeting monasteries and destabilizing local rulers. Ubba, in Francia, prioritized prolonged sieges and alliances with Frankish nobles, securing long-term control over regions like Rouen. Ivar’s campaigns emphasized swift conquest, while Ubba’s strategies aimed at permanent settlement and political integration."
Which Viking leader's 845 attack on Paris marked a turning point in Norse-French relations?,"The 845 attack on Paris was led by a coalition of Viking chieftains, including Reginfrith and others, marking the first major Norse incursion into Francia. This event forced the Carolingian court to negotiate tribute, establishing a precedent for Viking demands and shifting their focus toward sustained raids and settlements in the region."
How did the Viking Age's religious syncretism in Ireland influence their governance structures?,"Ireland’s Viking settlers blended Norse pagan practices with Christian traditions, creating hybrid governance models. Norse chieftains adopted Christian titles and rituals to legitimize rule, while retaining pagan customs. This syncretism facilitated integration with the Irish Church, enabling Norse leaders to consolidate power under a shared spiritual and political framework."
How did Viking raids in Ireland differ from those in France in terms of long-term settlement?,"In Ireland, Vikings established permanent settlements like Dublin, integrating with local Gaelic society and adopting Irish Christianity. In France, they initially focused on raiding but later settled in Normandy, forming a distinct Norse-Frankish cultural identity. French settlements emphasized feudal ties, while Irish enclaves maintained more autonomous Norse governance."
Which Viking leader's 860s campaigns in France led to the establishment of permanent settlements?,"Ubba's 860s campaigns in France, particularly the 861 attack on Rouen, forced the Carolingians to cede territory. This led to the creation of the Duchy of Normandy, where Norse settlers formed a semi-autonomous region. Ubba’s tactics combined military pressure with strategic alliances, ensuring long-term Norse presence in Francia."
Which Viking queen's political alliances significantly influenced the spread of Christianity in Norway?,"Queen Astrid of Norway, through her marriage to Olaf Haraldsson, accelerated Christianization by fostering ties with Christian rulers. Her patronage of church-building and conversion efforts reshaped Norse religious practices, blending pagan traditions with Christian orthodoxy during the late 10th century."
How did Viking women manage household affairs during periods of male absence in raids?,"Viking women oversaw daily operations, including trade, farming, and crafts, ensuring economic stability. They maintained legal rights to property and inheritance, often acting as stewards during warfare. This autonomy reflected Norse societal structures that valued female economic contributions."
Cause-effect: How did the Viking Age's syncretism in Ireland shape their governance?,"Viking rulers in Ireland merged pagan Norse and Christian practices, creating hybrid legal systems. This syncretism allowed them to govern diverse populations, blending Norse chieftainship with Christian institutions, which facilitated long-term settlement and political control."
Which Norse legal code established the role of the Lawspeaker in Viking assemblies?,"The Icelandic Lawspeaker, codified in the 10th century, formalized the role of the Lawspeaker in the Althing. This position ensured oral laws were preserved, mediated disputes, and maintained order, reflecting the importance of spoken tradition in Viking legal systems."
How did the gradual conversion to Christianity in Scandinavia affect Viking raiding patterns?,"Christianization tempered Viking raids by fostering economic ties with Christendom. Converted leaders, like Olaf Trygvisson, shifted from pillaging to establishing trade networks. This transition reduced destructive raids, aligning Norse interests with Christian states by the 11th century."
How did the structure of Viking Age Thing assemblies differ from the English moot system in resolving disputes?,"Viking Things featured open-air gatherings with a Lawspeaker reciting laws, while English moots were hierarchical, often involving local lords. Both used public debate, but Vikings emphasized collective verdicts, whereas English moots relied on noble authority. Things ensured transparency, while moots prioritized noble interests."
Why did Harald Fairhair's consolidation of Norway contrast with the decentralized nature of earlier Viking governance?,"Harald centralized power by unifying the realm, unlike earlier fragmented chieftainships. This allowed centralized taxation and military control, strengthening his authority against rival clans, unlike the loose alliances of earlier Viking leaders."
How did Viking archaeological finds in England reveal their adaptation to local environments?,"Excavations show Vikings used timber-framed longhouses and adapted to agricultural practices, blending Norse and Anglo-Saxon techniques. Burial sites with Christian elements indicate gradual religious shifts, reflecting their integration into English society."
How did Ragnar Lothbrok's legendary exploits in sagas differ from the historical accounts of Viking raids?,"Sagas portrayed Ragnar as a legendary hero leading grand campaigns, while historical records focus on raids for resources. The sagas emphasized mythical elements, whereas archaeological and contemporary sources highlight strategic military actions without supernatural themes."
Why did Viking settlements in England often assimilate into local cultures despite initial raids?,"Vikings adopted English language, customs, and Christianity to secure trade and alliances. This cultural blending facilitated long-term settlement, contrasting with earlier raids that aimed solely at plunder. Integration ensured stability and mutual benefit in the Danelaw region."
How did Vikings use runes to record information during the Viking Age?,"Vikings etched runes on wood, stone, and metal to document debts, ownership, and genealogies. These inscriptions, often found on runestones or objects, served as permanent records. While not a universal script, runes were crucial for preserving Norse heritage and facilitating trade, with specific symbols like the 'ᚠ' representing 'f' and the 'ᚠ' for 'th' in Old Norse."
Where were the primary temples dedicated to Norse gods located in Viking Scandinavia?,"Norse temples, known as høggs, were typically built near sacred sites like mounds or water sources, often aligned with celestial events. They were constructed from timber and earth, with central pits for sacrificial fires. Major gods like Odin and Thor were venerated in these spaces, though no stone temples survived due to the Norse preference for portable structures."
How were Viking longships designed to enable both trade and warfare?,"Viking longships featured shallow drafts, overlapping planks, and a single central mast for swift movement. Their dragon-headed prows and high sterns provided stability and intimidation. Oars allowed maneuverability in shallow waters, while sails enabled long-distance travel. These designs facilitated raids, exploration, and trade across the North Sea and beyond."
Where did Halfdan the White establish his rule in 9th-century Norway?,"Halfdan the White consolidated power in eastern Norway, particularly in the region of Møre, by defeating rivals like Sigurd Syr. His control extended to key coastal areas, leveraging strategic ports for trade and military advantage. This marked a shift from fragmented Viking chieftainships to centralized rule, setting the stage for Harald Fairhair's later unification."
Scenario: How would a Viking farmer in Iceland manage daily tasks during a harsh winter?,"A Viking farmer would prioritize preserving stored food, mending tools, and maintaining livestock shelters. They might use smokehouses to cure fish, spin wool for warm clothing, and repair boats for spring. Daily routines centered on survival, with communal cooperation in shared tasks like hunting or trading with neighbors to ensure resource security."
Who was the first Irish missionary to convert Vikings to Christianity?,"Turlough O'Conaill, an Irish abbot, converted Viking settlers in Northumbria by 697 CE. His efforts marked early Christian influence in Viking-ruled areas, blending Irish monastic traditions with Norse converts."
Historical interpretation: How did the veneration of Óðinn in Viking Ireland influence their warfare strategies?,"Vikings in Ireland revered Óðinn as a war god, leading to ritual sacrifices and omens before battles. This belief justified raids as divine missions, reinforcing martial culture and justifying violence as sacred duty."
Scenario: How would a Viking in 9th-century England balance loyalty to a jarl with local Danelaw governance?,"A Viking would navigate dual loyalties by participating in local moots, adopting Anglo-Saxon legal norms while maintaining kin-based obligations. This pragmatic adaptation ensured survival under Danish overlordship."
How did Viking Thing assemblies differ from English moots in resolving land disputes?,"Viking Things used open-air public gatherings with a lawspeaker to settle disputes, while English moots relied on local freeholders. Vikings emphasized communal verdicts, whereas English systems prioritized landowner consensus."
Who led the 870s Viking campaigns that established permanent settlements in England?,"Ivar the Boneless coordinated the 870s campaigns, securing Danelaw territories through strategic alliances and raids. His leadership enabled long-term Viking control, blending conquest with political integration."
How did Viking explorers navigate the open Atlantic without a magnetic compass?,"Vikings used celestial navigation, tracking the sun's position with a sunstone to polarize light, and observed stars. They relied on coastal landmarks, ocean currents, and wind patterns to guide their longships across the North Atlantic."
Which Viking leader established permanent settlements in Greenland?,"Erik the Red, exiled from Iceland, led the 985 expedition to Greenland, founding the Eastern and Western settlements. His ventures marked the first Norse presence in the New World, sustained by trade with Iceland."
How did Viking farmers manage soil fertility in northern climates?,"Vikings practiced crop rotation, alternating barley, rye, and legumes to replenish nutrients. They used organic fertilizers like manure and managed livestock to maintain soil health in nutrient-poor northern soils."
Which Viking chieftain led the 865 Great Army campaign in Northumbria?,"Ubba, a key leader of the Great Army, oversaw the 865 invasion of Northumbria. His campaigns, chronicled in the Anglo-Saxon Chronicle, exemplified Viking military strategy and territorial expansion."
Why did Viking metalworkers prefer iron over bronze for weapons?,"Iron was more abundant and durable than bronze, allowing for sharper, stronger tools and weapons. Viking artisans refined iron-smelting techniques, producing high-quality blades and armor for warfare and trade."
What caused Leif Erikson to lead an expedition beyond Greenland?,"Leif Erikson's exploration of Vinland stemmed from his father Erik the Red's exile and his desire to find a new land. This venture, documented in the Saga of the Greenlanders, marked the first known European presence in North America around 1000 CE."
"Who was Halfdan the White, and what role did he play in 9th-century Norway?","Halfdan the White was a 9th-century Norwegian ruler who unified coastal regions and expanded inland. His campaigns strengthened royal authority, contrasting with earlier decentralized Viking governance, and he is credited with founding Trondheim."
What event marked the beginning of Viking Christian conversion?,"The 835 Treaty of Paris between Alfred the Great and Guthrum established peaceful relations, enabling Christian missionaries to convert Viking communities. This shift began in the late 8th century, with Anglo-Saxon monks like St. Augustine influencing Scandinavian elites."
Why did Viking rulers prioritize the worship of Odin?,"Odin's association with war, wisdom, and kingship made him central to Viking religion. His sacrifices and prophetic insights aligned with Viking leadership, while his role as a god of fate influenced their worldview and ritual practices."
Who was the primary Norse god associated with wisdom and war?,"Odin, the Allfather, was revered for his knowledge of magic, war, and the afterlife. His symbolic spear and ravens reflected his roles as a warrior and seer, making him the most significant deity in Norse pantheons."
Which Viking weapon was primarily used for close combat in battles?,"The axe, known as the 'seax,' was a staple weapon due to its balance and effectiveness in both slashing and thrusting. Its broad head allowed for powerful strikes, making it ideal for combat on land and shipboard."
How did the discovery of the Gokstad ship reveal Viking navigation capabilities?,"The Gokstad ship's advanced design, including a curved stem and watertight seams, demonstrated Viking expertise in building seaworthy vessels capable of transatlantic voyages, supporting their exploration of distant lands."
Which artifact provides insight into Viking craftsmanship and trade networks?,"The Oseberg ship's burial goods, including Byzantine silk and German silverware, reveal Viking trade connections across Europe, showcasing their role as skilled artisans and merchants."
Who led the 9th-century expedition that reached North America?,"Leif Erikson, son of Erik the Red, led the 1000s Norse expedition to Vinland, discovering a land with coniferous forests and seasonal rivers, marking the first European contact with North America."
When did Viking trading networks reach their peak economic influence?,"The Viking economy peaked between 800–1100 CE, with longships enabling trade across the North Sea, Baltic, and Mediterranean, exchanging goods like silver, furs, and textiles for luxury items."
Which artifact reveals Viking craftsmanship and trade across continents?,"The Oseberg ship, a 9th-century burial vessel, showcases advanced shipbuilding and trade connections, featuring imported ivory, silver, and textiles from Byzantium and the Middle East."
How do Viking runes compare to Latin script in complexity?,"Viking runes, a 16-letter system, were simpler than Latin's 23 letters, with distinct symbols for sounds and objects, reflecting Norse linguistic and cultural priorities."
Where did Viking traders establish permanent markets in the 9th century?,"Viking traders established permanent markets in regions like the Byzantine Empire, the Islamic Caliphate, and the Frankish Empire. These hubs facilitated the exchange of goods such as furs, amber, and silver, linking Norse settlements to broader Eurasian trade networks."
What caused Harald Fairhair to unify Norway under a single ruler?,"Harald Fairhair's unification of Norway was driven by the need to centralize power after decades of fragmented rule. By defeating rival jarls in the 9th century, he established the first Norwegian kingdom, laying the foundation for centralized governance."
Where did Viking daily life in longhouses primarily revolve around?,"Viking daily life in longhouses centered on communal living, with families sharing spaces for meals, crafts, and rituals. These structures, often built with timber and thatch, housed multiple generations and served as both homes and centers for social activity."
How did Ragnar Lothbrok's death inspire Viking sagas?,"Ragnar Lothbrok's legendary death, supposedly at the hands of King Aella of Mercia, became a catalyst for Viking sagas. His sons' quest for vengeance, as depicted in Norse lore, framed his legacy as a symbol of Norse heroism and fate."
Who was the Viking leader known for his tactical use of feigned retreats and ambushes in warfare?,"Ivar the Boneless, renowned for his cunning strategies, including the Battle of York, where he tricked the Anglo-Saxon forces into a trap, leading to their defeat."
What was the primary navigational innovation that enabled Viking longships to undertake transatlantic voyages?,"The keel and square sails allowed for greater speed and maneuverability, enabling long-distance exploration, including Leif Erikson's 10th-century expedition to North America."
Which Viking settlement in the 9th century was pivotal for the spread of Christianity?,"Hedeby, a key trading hub on the Baltic, became a center for Christian missionary activity, influencing the gradual conversion of Viking societies through commerce and diplomacy."
What event marked the unification of Norway under a single ruler?,"Harald Fairhair's victory at the Battle of Drapak in 872 solidified his control over Norway, establishing a centralized kingdom through military conquest and strategic alliances."
Which Viking ruler consolidated power in Denmark during the 10th century?,"Sweyn Forkbeard, who became king of Denmark in 986, expanded his influence through military campaigns and political alliances, laying the foundation for later Viking kings."
A Viking trader in Dublin in the 9th century negotiates with Anglo-Saxon merchants. What goods might they exchange?,"Vikings traded silver, wool, and slaves for English livestock, grain, and tools. Irish cattle and whalebone were also key. This exchange fortified Viking economic ties across the North Sea."
"Who led the Varangian Guard in the Byzantine Empire, and what was their primary role?","The Varangian Guard, composed of Norsemen, served as the Byzantine Emperor's elite bodyguard. They provided military expertise and loyalty, becoming a symbol of Viking integration into Eastern European politics."
Historical interpretation: How did Viking queens like Astrid of the Danes influence political alliances?,"Queens like Astrid used marriage alliances to consolidate power, often securing Norse and Christian kingdoms. Their strategic marriages shaped Viking Age politics and Christianization efforts in Scandinavia."
"In 845, a Viking raid on a monastery in Ireland led to a significant historical shift. What was the outcome?","The 845 attack on Clonmacnoise by the Uí Máel-Secháin caused widespread destruction but inadvertently accelerated Christianization. Surviving monks converted to Christianity, blending Norse and Christian traditions."
What does the Dendrochronological analysis of the Oseberg ship reveal about Viking trade?,"The Oseberg ship's timber, dated to 820 CE, shows Scandinavian craftsmanship and long-distance trade. Its discovery in Norway links Viking networks to Baltic and Mediterranean markets through timbers sourced from distant forests."
"Why was Erik the Red exiled from Iceland, and how did this shape his legacy?","Erik the Red was exiled for murdering his brother-in-law, which violated Icelandic law. His exile led to the discovery of Greenland, where he founded a Viking settlement. This act of exploration cemented his reputation as a pioneer, though his legacy is complicated by the violence that preceded his voyages."
How did Viking religious practices differ from those of the Christianized Norse elite?,"Viking paganism emphasized polytheism, sacrificial rituals, and nature worship, while the Norse elite adopted Christianity to align with Christian kingdoms and secure political legitimacy. This duality created tensions, as converts often upheld old beliefs privately while publicly adhering to Christian norms."
"Why was the Oseberg ship buried with its owner, and what does this reveal about Viking society?","The Oseberg ship was buried with its owner, a high-status woman, to honor her status and ensure her passage to the afterlife. This practice reflects Viking beliefs in the afterlife and the elite's role in societal hierarchy, showcasing craftsmanship and the integration of ritual into material culture."
What caused the emergence of Jarls as regional leaders in Viking society?,"The consolidation of power through warfare and tribute collection enabled Jarls to control trade routes and military resources, establishing hereditary rule over coastal regions."
What was the purpose of the Danish Law (Dane Law) in Viking society?,"The Danish Law codified societal norms, resolving disputes through fines, restitution, or blood feuds. It reinforced hierarchical structures, ensuring communal justice and maintaining order in Viking communities. This legal system balanced individual accountability with collective responsibility, shaping social cohesion and governance."
"What caused the legendary death of Ragnar Lothbrok, and how did it shape Viking narratives?","Ragnar Lothbrok's capture and drowning by the Frisians in 845 sparked legendary tales of his bravery. These narratives, blending historical events with myth, became foundational to Viking sagas, reflecting cultural values and reinforcing heroic ideals through oral tradition."
"Where were Viking queens, such as Astrid of the Danes, most influential in political alliances?","Viking queens like Astrid of the Danes wielded influence in political alliances, particularly in Denmark. Despite limited direct rule, they mediated treaties and secured power through marriages, ensuring stability and strengthening the authority of their male kin."
What was the role of Viking settlements in Ireland in fostering cultural exchange between Norse and Gaelic societies?,"Viking settlements in Ireland, such as Dublin, became hubs for cultural exchange. Norse traders and warriors interacted with Gaelic societies, blending pagan and Christian traditions. This cross-cultural engagement influenced art, language, and religious practices, fostering mutual adaptation."
Cause-effect: How did Viking raids on Irish monasteries in the 9th century lead to increased Christian conversions among Norse settlers?,"Viking raids on Irish monasteries, like the 839 attack on Clonmacnoise, disrupted local economies. However, sustained contact with Christian communities exposed Norse settlers to Christian teachings. Over time, some Norse adopted Christianity, altering their religious practices and integrating into Irish society."
Where did Harald Fairhair establish his capital after unifying Norway?,"Harald Fairhair founded his capital at Trondheim, strategically situated on the Trondelag region's trade routes. This location allowed him to control key maritime passages and consolidate power over the fragmented Viking kingdoms of Norway."
Who was the first Christian missionary to convert a Viking chieftain in the 9th century?,"Ansgar, a Baltic missionary, converted the Danish chieftain Ribe in 850. His efforts laid the groundwork for Christianity's spread in Scandinavia, though widespread conversion took centuries due to Norse pagan traditions."
"In a 9th-century battle, a Viking fleet faces a Christian army. What tactics did the Norse employ to gain an advantage?","Vikings used feigned retreats and ambushes to lure enemies into terrain unfavorable for cavalry. Their longships' speed and shallow draft allowed rapid maneuvering, outmaneuvering heavier Christian forces in rivers and coastal areas."
"Who was Ragnar Lothbrok's son, known for his role in the Viking conquest of England?","Ivar the Boneless, a half-brother of Ragnar, led the Great Heathen Army. His strategic campaigns, including the 865 invasion of England, established Viking dominance in the region and inspired later sagas."
Where was the first Norse Christian monastery established in the 9th century?,"The monastery at Jelling, Denmark, built by Harald Bluetooth in 980, marked a pivotal moment. It combined Christian and pagan symbols, reflecting the gradual conversion of elite Norse rulers while preserving cultural identity."
What role did the design of Viking longships play in their ability to navigate both open seas and inland waterways?,"Longships' shallow drafts and flexible hulls allowed them to travel swiftly on open waters and maneuver through rivers, fjords, and coastal areas. This versatility enabled raids, trade, and exploration, connecting Norse societies to distant regions like the British Isles and Byzantium."
What was the primary reason Leif Erikson's voyages led to Norse settlements in Vinland?,"Leif Erikson's exploration of Vinland, likely in present-day Newfoundland, was driven by the search for a new homeland after his father's exile. His settlement there demonstrated Norse capability to establish permanent colonies beyond Scandinavia."
What agricultural practices allowed Viking farms to sustain large populations in harsh climates?,"Vikings used crop rotation, livestock grazing, and windbreaks to maximize soil fertility. They cultivated rye, oats, and barley, while dairy and meat from cattle, pigs, and goats provided protein, supporting dense settlements in northern Europe."
Scenario: A Viking king faces a rebellion. How might he leverage his royal authority to restore order?,"The king could summon a great assembly (things), declare the rebels' guilt, and impose fines or exile. He might also offer pardons or rewards to loyal chieftains, reinforcing his rule through legal and political means."
What distinguished Halfdan the White's leadership in unifying Norway?,"Halfdan's military campaigns and strategic alliances subdued rival jarls, establishing a centralized kingdom. His rule solidified royal authority, though his legacy remains debated due to conflicting sagas and limited archaeological evidence."
How did Viking Thing assemblies differ from Anglo-Saxon moots in governance structure?,"Viking Things were open gatherings of free men for lawmaking and dispute resolution, while Anglo-Saxon moots were more localized and focused on legal cases. Things emphasized collective decision-making, whereas moots often relied on local elites. Both systems reflected Norse and Anglo-Saxon values of communal justice, but Vikings prioritized assembly participation over hierarchical authority."
What distinguished Viking settlements in Scotland from those in Denmark?,"Scottish Viking settlements, like those in Orkney, integrated defensible earthworks and stone forts, reflecting ongoing conflict with Gaelic neighbors. Danish settlements, such as Ribe, featured wooden longhouses and marketplaces, showing closer ties to trade networks. Scottish sites emphasized military preparedness, while Danish ones prioritized economic stability."
What does the discovery of the L’Anse aux Meadows site reveal about Viking exploration strategies?,"The site, dated to the 11th century, shows Norse temporary settlement in North America, suggesting exploration rather than permanent colonization. Archaeological evidence, like iron tools and wooden structures, indicates resource exploitation and trade, not large-scale colonization, aligning with Norse accounts of Vinland."
How did the design of Viking longships enable their exploration of both open seas and inland waterways?,"Viking longships featured shallow draft, overlapping planks, and a single sail, allowing navigation of rivers and coastal waters. Their flexible keel and strong hull enabled swift travel across the North Sea and beyond. This design facilitated rapid raids and trade, adapting to diverse environments from Scandinavian fjords to distant shores."
In what ways did Viking exploration of Scotland contrast with that of the British Isles?,"Viking exploration of Scotland focused on strategic islands like Orkney and Shetland, aiming to control trade routes and convert local rulers. In contrast, their ventures in the British Isles often targeted monastic sites for plunder, reflecting differing priorities between religious and economic motives in the 9th century."
What role did Viking kings play in the establishment of trading networks across the North Sea?,"Viking kings like Harald Fairhair and Cnut the Great centralized power, enabling large-scale trade networks. They protected trade routes, negotiated alliances, and facilitated exchange between Scandinavia, the British Isles, and the Frankish Empire. Royal patronage of merchant guilds and standardized weights/measurements boosted commerce, linking Viking territories to broader medieval economies."
Scenario: A Viking chieftain faces a rival claiming his throne. How might he use the Thing to legitimize his rule?,"The chieftain would convene the Thing, a judicial assembly, to present evidence of his lineage and deeds. By securing support from free farmers and warriors, he could declare the rival's claims invalid. Public displays of wealth and alliances with neighboring clans would reinforce his authority, ensuring acceptance of his rule through communal consensus."
Who was the first Viking king to formally adopt Christianity and integrate it into governance?,"Harald Bluetooth (r. 958–985) was the first Scandinavian monarch to embrace Christianity. He commissioned the Jelling Stone, promoting conversion and unifying Denmark. His court adopted Christian rituals, and he facilitated the construction of the first Norse Christian monastery at Hedeby, blending pagan traditions with Christian practices to ease societal transition."
What was the significance of the Treaty of Wedmore in the context of Viking expansion into England?,"Signed in 878, the Treaty of Wedmore ended Anglo-Saxon-Viking hostilities. It recognized Viking leader Guthrum as king of the Danelaw, ceding northern and western England to Norse control. This solidified Viking dominance in the region, enabling long-term settlement and cultural exchange, while allowing Wessex to maintain its southern stronghold."
Scenario: A Viking fleet is trapped in a fjord during winter. How might they sustain their supply lines and maintain morale?,"The fleet would stockpile dried meat, fish, and preserved provisions. Skilled hunters would supplement food supplies, while shipwrights repaired vessels. Rituals and storytelling would boost morale, and leaders might distribute loot fairly to prevent dissent. Strategic alliances with local chieftains could secure additional resources, ensuring survival until spring."
Where were Viking runes most commonly inscribed?,"Viking runes were most commonly inscribed on stones, weapons, and everyday objects. Runestones, found across Scandinavia, often marked clan lineage or legal codes. Runes were also etched onto wooden staffs and metal items, serving as memorials or navigational aids. These inscriptions provided historical records and reinforced Norse cultural identity."
How did Leif Erikson's voyages compare to those of other Norse explorers?,"Leif Erikson's voyages focused on discovering Vinland, unlike other Norse expeditions that prioritized settlement in Iceland or Greenland. His 10th-century journey sought new trade routes and resources, contrasting with earlier explorers' goals. While others established permanent colonies, Leif's expedition was primarily exploratory, leaving no lasting settlements beyond temporary encounters with Indigenous peoples."
How did the conversion of Viking societies to Christianity differ between Scandinavia and the British Isles?,"Scandinavia's conversion to Christianity was gradual, blending pagan traditions with Christian practices, while the British Isles saw forced conversions and cultural suppression. Scandinavian rulers adopted Christianity for political alliances, whereas in the Isles, it was often imposed through conquest and missionary efforts."
Which Viking leader is credited with unifying Norway and establishing the House of Halfdan?,"Halfdan the White, ruler of the East Norse, consolidated power by defeating rivals and centralizing authority in the 9th century, laying the foundation for Norway's medieval kingdom."
"When did Viking raids on France intensify, leading to the establishment of permanent settlements?","Between 842 and 861, Viking raids on France escalated, culminating in the founding of permanent settlements like Ribe and Dorestad, which became key trade hubs."
Which Viking leader is known for using runic inscriptions to document military campaigns and governance?,"King Gudfred of Jutland employed runes to record legal codes and military victories, ensuring administrative continuity and reinforcing Norse cultural identity."
How did Ivar the Boneless' tactics differ from traditional Viking warfare strategies?,"Ivar the Boneless prioritized psychological warfare and rapid mobility, using feigned retreats and alliances to outmaneuver enemies, contrasting with conventional raiding methods."
Compare Viking settlements in France with those in Scandinavia.,"French Viking settlements featured fortified towns and trade networks, while Scandinavian settlements focused on agrarian communities, reflecting differing economic priorities and cultural integration."
When did Viking kings formalize their authority through the establishment of the Jarl system in Norway?,"By the late 9th century, Viking kings in Norway institutionalized the Jarl system, granting regional leaders military and administrative power under royal oversight. This hierarchy balanced centralized rule with local governance, ensuring loyalty through shared interests in trade and defense."
Scenario: A Viking farmer in the Danelaw faces a famine. How might he secure food through local economic networks?,"The farmer would barter surplus grain from his own fields for livestock or dried fish with neighboring households. He might also trade with monasteries for salted meat or seek aid from a local chieftain, leveraging the Danelaw's integrated trade routes to mitigate scarcity."
What role did the Thing play in resolving disputes among Viking settlers in the Danelaw?,"The Thing served as a public assembly where free men debated and judged legal cases. Settlers in the Danelaw used it to resolve disputes over land, trade, or inheritance, ensuring collective accountability and maintaining social order through communal law."
How did Viking longship design influence their economic interactions with the British Isles?,"The shallow draft and flexible hull of Viking longships enabled swift trade between Scandinavia and the British Isles. These ships facilitated the exchange of luxury goods like silver, wool, and ivory, boosting regional economies through efficient maritime commerce."
Historical Interpretation: Why did Viking kings prioritize converting to Christianity over pagan traditions?,"Viking kings adopted Christianity to strengthen political alliances with Christian European rulers, secure trade privileges, and legitimize their rule. This shift also allowed them to integrate into broader Christian networks, easing conversions among elites and facilitating cultural exchange."
Where did Viking settlers establish their principal trading post in the Volga River region?,"Viking traders founded a major settlement at Bolgar, near the confluence of the Volga and Kama rivers, around 859 CE. This site became a key hub for trade between the Norse and the Byzantine Empire, facilitating the exchange of furs, wax, and silver."
What caused the decline of Viking raiding in the late 9th century?,"The decline of Viking raids was driven by the establishment of permanent settlements in key regions like England and Russia. These settlements shifted Viking economic focus from raiding to trade, reducing the need for plunder-based warfare."
What effect did Cnut the Great's reign have on Scandinavian trade networks?,"Cnut's unification of Denmark, Norway, and England (1016–1035) stabilized North Sea trade routes. His rule ensured safe passage for merchants, boosting exchanges between Scandinavia, the British Isles, and the Byzantine Empire through centralized governance."
Why did Viking Thing assemblies emphasize open debate over hierarchical decision-making?,"Thing assemblies ensured communal participation in governance, allowing free men to debate laws and resolve disputes. This fostered collective accountability and minimized power concentration, crucial for maintaining social cohesion among Viking settlements."
"Who was the Norse god associated with war and strategy, and how did his mythology influence Viking tactics?","Tyr, god of war and oaths, symbolized honor and bravery. Viking warriors invoked his protection before battles, believing his strength and wisdom guided their strategies in combat."
Scenario: A Viking warlord faces a siege by a Christian kingdom. How might Ivar the Boneless use his knowledge of Norse mythology to inspire his troops?,"Ivar might cite tales of Odin's cunning and Thor's strength to rally warriors, framing the siege as a test of Norse valor. He could also use sacrificial rituals to invoke divine favor, boosting morale through mythic narratives."
Why did Viking trade networks with Russia focus on luxury goods like furs and wax?,"Viking traders exchanged furs and wax for silk and silver in Byzantium. These goods were highly valued in Eastern markets, enabling wealth accumulation and strengthening ties between Norse and Russian polities."
Scenario: A Viking merchant in Novgorod faces a trade dispute. How might he resolve it through the legal framework of the Rus' state?,"The merchant would appeal to the veche, a council of free men, to mediate. Legal codes enforced by local rulers prioritized restitution and reputation, ensuring fair resolutions aligned with communal and economic stability."
What role did Varangian guards play in the Byzantine Empire's military structure?,"Varangian guards, recruited from Norse warriors, served as elite imperial bodyguards in the 9th century. Their loyalty to the Byzantine emperor made them invaluable in battles, while their Norse origins provided specialized skills in combat and shipbuilding, strengthening Byzantine naval power."
Where did Viking settlers establish their agricultural hubs in Eastern Europe?,"Viking settlers established agricultural hubs along the Dnieper River in Eastern Europe. These settlements, linked to the Dnieper trade route, became key centers for farming, trade, and cultural exchange between Scandinavia and the Byzantine Empire."
What was the primary purpose of Viking runic inscriptions on memorial stones?,"Viking runic inscriptions on memorial stones primarily commemorated warriors' achievements and recorded historical events. They served as a means of preserving lineage, celebrating victories, and marking significant milestones, such as the Oseberg ship burial discovered in Norway."
Where did Viking families typically store their most valuable possessions during raids?,"Viking families stored their most valuable possessions, like silver and tools, in the longhouse's central hearth area. This location, protected by wooden partitions, allowed quick access during raids while keeping treasures secure within the communal living space."
Scenario: A Viking shipwright in 9th-century Norway must choose between using oak or pine for a longship. Which material offers superior durability for coastal raids?,"Oak provides greater durability and resistance to rot, making it ideal for longships navigating harsh seas. Pine, while lighter, risks structural failure in prolonged exposure to saltwater, limiting its use for warships."
"Which Viking leader's voyages to Vinland predate Columbus by over 500 years, and what evidence supports this claim?","Leif Erikson's 1000s voyage to Vinland, documented in the Saga of the Greenlanders, is corroborated by the L'Anse Aux Meadows site in Newfoundland, indicating Norse temporary settlement."
Compare Viking longship construction techniques with Byzantine dromon warships. How did these differences affect their naval strategies?,"Viking longships featured shallow drafts and flexible keels for swift, shallow-water raids, while dromons had deeper drafts and heavier armor for sustained Mediterranean warfare. This shaped Viking raiding tactics versus Byzantine blockading strategies."
Scenario: A Viking trader in 10th-century Novgorod faces a dispute over fur prices. How might the Rus' legal system resolve this through the veche assembly?,"The veche assembly would convene to hear both parties, apply customary trade laws, and impose penalties or compensation based on established norms, ensuring resolution through communal consensus rather than force."
"Which economic good did Viking traders prioritize in their exchanges with the Byzantine Empire, and why was it valuable?","Furs were highly valued in Byzantium for their warmth and status symbolism. Vikings traded furs for silver, silk, and luxury goods, enhancing their economic ties through the Varangian trade network."
Historical Interpretation: How did Viking farming practices in Eastern Europe impact their ability to sustain long-term settlements?,"Viking farming in Eastern Europe relied on crop rotation and mixed farming, ensuring soil fertility and food security. This supported permanent settlements and trade hubs, allowing communities to thrive despite harsh climates and seasonal shortages."
Cause-effect: What caused the establishment of the Duchy of Normandy?,"Viking raids on France in 911 led to Rollo's treaty with the Frankish king, granting him land in Normandy. This created a semi-autonomous duchy blending Norse and Frankish governance, shaping medieval France's political landscape."
"Scenario: If a Viking farmer in 9th-century France faces a drought, how might he adapt his agricultural techniques?","He would shift to drought-resistant crops like rye, increase livestock grazing, and rely on trade for surplus grains, balancing subsistence with local market demands to mitigate food shortages."
Historical Interpretation: How did the Viking Laws (Lagabot) address property disputes among settlers?,"Lagabot used compensation and witness testimony to resolve property conflicts, ensuring fair outcomes through communal assemblies. This reinforced social cohesion and legal accountability in Viking settlements."
Cause-effect: Why did Leif Erikson's voyages to Vinland precede Columbus by centuries?,"Leif Erikson's 1000s expeditions were driven by Norse exploration of North Atlantic trade routes, seeking new resources and land. Documented in the Saga of Erik the Red, these voyages offer evidence of early transatlantic contact."
"How did Viking farming techniques in Eastern Europe differ from those in Scandinavia, and what advantage did this provide?","Vikings in Eastern Europe adopted three-field crop rotation, allowing year-round farming, while Scandinavia relied on two-field systems. This increased food surplus and supported permanent settlements, enabling long-term stability in regions like Novgorod."
"Who was the first Viking ruler to convert to Christianity, and how did this affect his political alliances?","Olaf Trygvǫson of Norway converted in 995, aligning with Christian kingdoms to secure trade routes and legitimacy. His conversion facilitated ties with the Byzantine Empire and reduced conflicts with Christian states."
Cause-effect: What led to the decline of pagan practices among Viking settlers in England?,"Christianity spread through missionary efforts and royal conversions, such as Aethelred's 978 edict. Pagan rituals were gradually replaced by Christian festivals, easing integration into Anglo-Saxon society."
How did the Rus' state's control over the Dnieper River influence its trade with Byzantium?,"The Dnieper River allowed the Rus' to transport goods like furs and beeswax to Constantinople efficiently. This control made them key intermediaries, enriching the state and securing Byzantine trade partnerships."
Who was the Viking king credited with unifying Denmark and establishing the first Viking kingdom?,"Harald Bluetooth unified Denmark and Norway by 960, forging the first Viking kingdom. His reign solidified control over trade routes and strengthened ties with the Frankish Empire through strategic marriages."
How did Viking settlements in England differ from those in the Danelaw in terms of agricultural organization?,"Viking settlements in England, like York, integrated local farming systems with Scandinavian techniques, while Danelaw areas prioritized large, communal farmland. English settlements often merged with Anglo-Saxon land, whereas Danelaw farms featured long, narrow fields for efficient plowing. These differences reflected varied resource management and adaptation to local environments."
Why did Viking Thing assemblies in Denmark emphasize consensus over individual rule compared to Norway?,"Denmark's Thing assemblies prioritized collective decision-making to balance regional power, reflecting a fragmented kingdom. Norway's centralized jarl system allowed more direct rule by elites. This contrast arose from Denmark's need for unity amid rival chieftains, while Norway's geography favored centralized control over dispersed settlements."
Historical Interpretation: How did Queen Astrid of Denmark influence Viking-era governance structures?,"Queen Astrid, regent of Denmark, promoted centralized authority by mediating conflicts and enforcing laws, shaping the transition from clan-based to state-like governance. Her role as a political figure, rather than a ruler, highlights the Viking Age's shift toward structured power dynamics, influencing later Scandinavian states."
Why did the Battle of Stamford Bridge (1066) lead to Harald Hardrada's death despite his initial military success?,"Harald Hardrada's forces, weakened by the prolonged siege of York, faced a surprise attack by English archers during the retreat. The battle's outcome hinged on exhaustion and terrain, not just strategy. His death crippled Viking ambitions in England, marking a turning point in Anglo-Norman dominance."
Compare Viking daily life in the North Sea trade zones versus inland settlements.,"North Sea traders prioritized maritime skills, with homes built near harbors and diets rich in fish and salted meat. Inland settlers focused on farming, using wooden plows and storing surplus grains. Both regions shared metalwork traditions, but coastal communities emphasized shipbuilding, while inland areas developed specialized agricultural tools."
Scenario: A Viking in 10th-century Scotland faces a dispute over a fishing ground. How might he resolve this through the local Thing assembly?,"The Viking would present the dispute to the Thing assembly, where free men debated and voted on equitable solutions. Decisions relied on consensus, with elders or chieftains mediating. Property rights were enforced through oaths, and punishments like fines or exile applied for breaches of Viking law."
Where were the primary centers of Norse pagan worship in 9th-century Normandy?,"Norse settlers in Normandy maintained pagan practices in rural areas, with temples like those at Mont-Saint-Michel. However, Christianization by the 10th century led to syncretism, blending pagan symbols with Christian iconography in some regions."
Who was the first Norman Duke to establish a permanent settlement in southern England after 1066?,"William the Conqueror, Duke of Normandy, founded the town of Rouen's English counterpart, Southampton, and established royal towns like Winchester. His policies centralized Norman control, integrating Anglo-Saxon and Norman systems."
Scenario: A Viking ship captain in 9th-century Scotland must navigate unpredictable storms. What navigational tools would he rely on?,"The captain used sunstones to locate the sun, celestial navigation by stars, and coastal landmarks. He relied on experienced crew members’ knowledge of weather patterns and seasonal winds to avoid treacherous waters."
Where did Harald Hardrada establish his base of operations during his 1066 campaign in England?,"Harald Hardrada based his operations in Yorkshire, where he secured support from local nobles. From there, he marched toward Stamford Bridge, aiming to challenge William the Conqueror’s forces in northern England."
Why did Viking raids on Scotland intensify in 875?,"Viking raids on Scotland surged in 875 due to the collapse of the Uí Néill dynasty, creating power vacuums. Norse leaders like Ragnvald and Olaf took advantage, establishing the Kingdom of the Isles. This period saw widespread plundering and the conversion of many Scottish kings to Christianity, reshaping regional politics."
When did Harald Hardrada's 1066 campaign in England begin?,"Harald Hardrada's campaign began in August 1066 after he secured support from northern English nobles. He landed at Pembridge, seeking to claim the English throne. His rapid advance culminated in the Battle of Stamford Bridge, where he was fatally wounded, ending his bid for the throne."
Why were Viking axes preferred over swords in battle?,"Viking axes were favored for their reach and psychological impact. Their curved blades could deliver fatal blows at 10-15 feet, disrupting formations. Axes were also easier to mass-produce, making them practical for both warriors and farmers. Their design allowed for swift combat and efficient clearing of battlefields."
When did the Varangian Guard become a permanent Byzantine military unit?,"The Varangian Guard became a permanent unit in 988 under Basil II, following the Rus' victory at the Battle of Kleidion. Recruited from Norse and Scandinavian mercenaries, they served as the emperor's elite bodyguard, combining Norse martial skills with Byzantine discipline and loyalty."
How did Viking settlements in the Danelaw differ from those in Norway in terms of defensive structures?,"Viking settlements in the Danelaw featured earthwork banks and wooden palisades, while Norwegian settlements relied on wooden fortifications and natural terrain. This difference arose from varying threats: Danelaw settlements faced Anglo-Saxon resistance, whereas Norway's coastal locations offered natural protection against raids."
Who led the first recorded Christian mission to convert Viking settlers in the 9th century?,"Ansgar, a Northman missionary, led the first Christian mission to convert Viking settlers in the 9th century. Sent by Emperor Louis the Pious, he established a cathedral in Hamburg, marking the start of organized Christian outreach to Norse communities in Europe."
Cause-effect: How did the introduction of Christianity impact Viking artifact production in the 11th century?,"Christianity's spread reduced the production of pagan symbols like runestones and sacrificial axes. Instead, Viking artisans crafted Christian iconography, such as crucifixes and gospels, reflecting cultural shifts and the integration of Norse craftsmanship into Christian liturgical art."
What caused the gradual decline of Norse pagan rituals in Eastern Orthodox Christian territories?,"The 11th-century Christianization of Kievan Rus and other Eastern territories led to the suppression of Norse pagan practices. State-sanctioned Christianization, combined with the loss of traditional Norse leadership, eroded pagan rituals and replaced them with Orthodox Christian traditions."
How did Ragnar Lothbrok's raids influence Viking expansion into Francia?,"Ragnar Lothbrok's raids on Francia in the late 9th century disrupted Frankish defenses, enabling Viking settlements in the Seine River region. These raids facilitated the establishment of Dorestad as a major trade hub, linking Viking networks to Frankish commerce and accelerating cultural exchange."
Scenario: A Viking in 9th-century Scandinavia faces a moral dilemma about converting to Christianity. How might he reconcile his pagan beliefs with new religious practices?,"Vikings often blended pagan traditions with Christian customs, such as using Christian relics in rituals or adopting Christian names while retaining old festivals. This syncretism allowed gradual conversion without immediate abandonment of cultural identity, easing societal transitions in regions like the Danelaw."
How did Viking Thing assemblies in Norway differ from those in Sweden in terms of decision-making?,"Norwegian Things emphasized consensus and clan influence, while Swedish assemblies prioritized hereditary leadership. Norway’s decentralized structure allowed regional autonomy, whereas Sweden’s centralized system reinforced royal authority over judicial rulings."
Which Viking leader was instrumental in the conversion of the Anglo-Saxon kingdom of Northumbria to Christianity?,"The conversion of Northumbria was primarily driven by missionary monks, not a Viking leader. However, Viking settlers in the Danelaw later adopted Christianity, influenced by English and Frankish missionaries by the late 9th century."
How did Erik the Red’s exile from Norway influence his decision to explore Vinland?,"Exiled for manslaughter, Erik the Red sailed westward in search of new lands, leading his sons to discover Vinland. This venture, driven by desperation and opportunity, marked one of the earliest recorded European settlements in North America."
"Which role did Jarls hold in Viking society, and how did it impact governance?","Jarls were regional governors and military commanders, often overseeing trade and settlements. They acted as intermediaries between chieftains and rulers, ensuring loyalty and administrative efficiency in Viking-age territories like the Danelaw and Norway."
How did the conversion of King Olaf Trygvesson of Norway influence Christianization in the 10th century?,"Olaf's adoption of Christianity in 995 spurred his kingdom's religious transformation, aligning Norway with Christian Europe. His efforts included building churches and promoting monastic education, accelerating the shift from pagan practices to Christian worship among elites and commoners by the late 10th century."
"What role did runes play in Viking legal systems, and how did they differ from written records?","Runes were used for short legal inscriptions on stones or wood, often recording verdicts or property transfers. Unlike formal written records, they served as public memorials rather than administrative tools, reflecting the oral tradition of Viking law and the importance of communal memory."
How did the establishment of Christian monasteries in Viking territories impact the preservation of Norse oral traditions?,"Christian monasteries preserved Norse oral traditions through written scribes who transcribed sagas and poetry. While Christianizing elites adopted scriptural texts, the oral storytelling tradition endured among commoners, ensuring cultural continuity despite religious shifts."
In what ways did Queen Astrid of Sweden leverage her lineage to assert political power during Viking Age succession disputes?,"Queen Astrid of Sweden (970–1050) used her ties to the Danish royal family to mediate conflicts and secure her son's succession. Her strategic marriages and diplomatic alliances highlighted the role of royal bloodlines in Norse politics, balancing power between rival Viking clans."
What caused the decline of pagan temple sites in the Danelaw by the late 11th century?,"The Danelaw's pagan temples declined due to Norman conquests (1066) and intensified Christianization. By the late 11th century, most temples were replaced by churches, as Christian rulers enforced religious conformity, marginalizing older Norse spiritual practices."
Scenario: A Viking in 9th-century England faces a moral dilemma when a Christian monk offers him a relic. How might he balance his pagan beliefs with the promise of divine favor?,"The Viking might invoke Odin’s wisdom to discern truth from deceit, then seek a compromise—honoring both Norse deities and Christian saints. This reflects the era’s syncretism, where some Vikings adopted Christian symbols while retaining pagan practices, often to navigate political alliances or societal pressures."
Cause-effect: How did the conversion of Cnut the Great to Christianity in 1030 AD influence the integration of Norse and Christian traditions in England?,"Cnut’s conversion facilitated the blending of Norse and Christian customs, such as using Christian iconography in Viking art and allowing Norse festivals to coexist with liturgical practices. This synthesis eased the transition to Christianity, as seen in the patronage of churches with Norse motifs in his realm."
Where: Which English monastery became a key center for the preservation of Norse oral traditions during the 11th century?,"The monastery at Jarrow, founded by Saint Benedict Biscop, preserved Norse sagas and legal codes through scribes like Alcuin. Its location near Viking settlements allowed for the transmission of oral traditions, blending Christian scholarship with pre-Christian cultural memory."
Cause-effect: What role did the Viking Age’s expansion into England play in the spread of Norse religious practices across the British Isles?,"Viking raids and settlements introduced Norse gods like Odin and Thor to parts of England, particularly in the Danelaw. Local communities adopted these beliefs, blending them with existing pagan customs, which later influenced the gradual Christianization of regions like East Anglia."
"Where: Where was the largest Viking temple dedicated to Thor discovered in England, and what does its location reveal about Viking settlement patterns?","The temple at St. Albans, near Verulamium, was a major hub for Norse traders and settlers. Its location on a trade route highlights the Vikings’ strategic use of religious sites to reinforce their identity and legitimize control over English territories."
Which Viking leader was known for his role in the 991 Battle of Maldon against the Anglo-Saxons?,"Ubba, also called Ubba Iron-Arm, led the Viking forces in the Battle of Maldon, where he died fighting the Anglo-Saxon army. His leadership and bravery became a symbol of Viking valor, though the battle marked a significant setback for the invaders."
When was the Great Heathen Army of Vikings first recorded as invading England?,"The Great Heathen Army, led by Ivar the Boneless, first invaded England in 865. Their campaigns reshaped the political landscape, establishing the Danelaw and sparking prolonged conflict with Anglo-Saxon kingdoms."
Which archaeological site in England reveals the earliest known Viking longship burial?,"The Oseberg Ship, discovered in Norway, is the earliest known Viking longship burial. Its 890s AD date and rich grave goods highlight Viking craftsmanship and elite status, though similar finds in England remain scarce."
Which Viking weapon was commonly used in England's Viking Age warfare?,"The seax, a curved knife, was widely used by Viking warriors in England. It served as both a weapon and tool, reflecting Norse practicality and the weapon's adaptability in combat and daily life."
Who was the first known Anglo-Saxon king to convert to Christianity under Viking influence?,"Aethelred I of Mercia, also called 'Aethelred the Kind', converted to Christianity in 695 after being captured by the Vikings. His conversion helped ease tensions and facilitated cultural integration between Anglo-Saxons and Norse settlers."
"Which Viking leader is most closely associated with the 865 AD Battle of York, and what was his strategic role?","Ivar the Boneless led the Great Heathen Army, using York as a base to subdue Northumbria. His tactics combined siege and ambush, securing control over eastern England and enabling further Viking expansions."
"How did Viking runic inscriptions serve as legal records, and what materials were typically used?","Runic inscriptions documented land claims, disputes, and laws on stone, wood, or metal. They provided permanent, public records in Norse legal systems, ensuring accountability and preserving community agreements."
Scenario: A Viking raider in 9th-century Rus' must choose between looting a Christian monastery or negotiating with local rulers. What factors might influence his decision?,"He might weigh potential wealth from plunder against risks of retaliation. Negotiating could offer safer trade opportunities, leveraging his reputation for strategic alliances over immediate gains."
"Which Viking explorer is credited with reaching North America around 500 years before Columbus, and what was the name of his settlement?","Leif Erikson, son of Erik the Red, established Vinland near present-day Newfoundland. His expedition, recorded in the Saga of the Greenlanders, marked the first known Norse presence in North America."
How did Jarls in Viking-age Scandinavia balance their roles as military leaders and regional governors?,"Jarls oversaw both warfare and local governance, managing resources and defending territories. Their dual role ensured loyalty to kings while maintaining regional stability through centralized control."
Why did Viking traders establish commercial ties with the Byzantine Empire in the 9th century?,"Viking traders sought Byzantine silk, silver, and luxury goods, while exporting furs, slaves, and amber. Constantinople's strategic position facilitated safe trade routes, and diplomatic marriages strengthened ties. This exchange enriched Viking economies and fostered cultural interactions between Norse and Byzantine societies."
Scenario: A Viking leader in 9th-century Ireland faces rebellion from local chieftains. How might he respond?,"The leader may broker alliances with rival clans or offer tribute to placate rebels. If resistance persists, he might deploy military force, leveraging his reputation for strength. Alternatively, he could negotiate terms that grant local leaders autonomy in exchange for loyalty, ensuring stability through pragmatic diplomacy."
Why did Queen Astrid of Sweden use her lineage to assert power during succession disputes?,"Astrid's royal bloodline legitimized her claims against rival dynasties. By aligning with powerful Norse chieftains and emphasizing her heritage, she secured political alliances and military support. This strategy enabled her to navigate Viking Age succession conflicts, balancing diplomacy and force to maintain authority."
Compare the architectural features of Viking settlements in England and the Baltic region.,"English Viking settlements featured timber-framed longhouses with thatched roofs, often near rivers for trade. Baltic settlements incorporated stone foundations and wooden fortifications, reflecting stronger fortification needs. Both regions used local materials, but English sites showed greater integration with Anglo-Saxon architecture, while Baltic sites preserved Norse design elements."
How did Viking Thing Assemblies in England adapt to local Anglo-Saxon legal traditions?,"Viking Thing Assemblies in England blended Norse and Anglo-Saxon legal practices, incorporating local customs like blood feuds and compensation systems. They often convened in open fields, allowing freemen to settle disputes, though royal courts later influenced their structure under Norman rule."
Which Viking king consolidated Norse rule in England through strategic marriages and alliances?,"Cnut the Great (r. 1016–1035) unified England by marrying Emma of Normandy and leveraging his naval power. His reign established the North Sea Empire, blending Viking governance with Anglo-Saxon administrative systems."
How did Viking runic inscriptions encode Norse religious beliefs in England?,"Runes in England often included symbols like the 'ansuz' and 'tyr' to represent gods and concepts. Inscriptions on stones or weapons referenced fate (wyrd) and divine protection, reflecting a syncretic blend of pagan and emerging Christian symbolism."
"Which Viking leader's expeditions led to the discovery of Greenland, and how did this relate to Norse kingship?","Erik the Red, exiled from Iceland, led the 982 voyage to Greenland, establishing settlements that linked Norse colonies to Norway's royal courts. His son Leif Erikson later explored Vinland, expanding Viking influence through maritime networks."
How did Erik the Red's exile from Iceland shape Viking expansion into Greenland?,"Erik the Red's banishment for manslaughter drove him to seek new lands. He organized a 982 expedition to Greenland, using Norse knowledge of navigation and shipbuilding to establish permanent settlements under the patronage of Norwegian kings."
Why did Viking queens in Scotland play a unique role in shaping the region's political landscape?,"Viking queens in Scotland, like Queen Gyda of Dublin, influenced politics through marriage alliances and military leadership. They secured power during succession crises, balancing Norse and local Gaelic interests. Their roles were critical in maintaining Viking dominance and integrating with Scottish kingdoms."
When did Viking farming techniques in Scotland begin to incorporate advanced irrigation systems?,"By the late 9th century, Scottish Vikings adopted irrigation in fertile glens, enhancing crop yields. This adaptation allowed sustained settlement, contrasting with earlier reliance on slash-and-burn, and reflected integration into local agricultural practices."
How did the conversion of Viking leaders to Christianity influence their interactions with Scottish kingdoms?,"Converted Viking leaders, like Ólaf I of Dublin, used Christianity to legitimize rule and foster ties with Scottish churches. This shift eased conflicts over land and resources, though traditional Norse practices persisted among commoners."
Why was Ubba's leadership pivotal in the Viking raids on Northumbria?,"Ubba, a key figure in the Great Heathen Army, led the 865 AD invasion of Northumbria, exploiting internal Anglo-Saxon strife. His strategic victories weakened the kingdom, enabling Viking control and reshaping the region's political landscape."
When did the conversion of Viking settlements in Scotland begin to take root?,"Conversion began in the late 9th century as Viking rulers, like King Constantine II, adopted Christianity to align with Scottish elites. However, Norse pagan traditions remained strong among settlers, leading to a gradual, uneven process of religious transformation."
What design features of Viking longships enabled their versatility in both open-sea travel and riverine warfare?,"Viking longships featured clinker-built planking, a shallow draft, and a flexible dragon prow. These elements allowed swift movement across oceans, rivers, and coastal areas, while the single-mast design facilitated rapid navigation and maneuverability in diverse environments."
How did archaeological excavations at the Oseberg ship burial reveal insights into Viking shipbuilding and social status?,"The Oseberg ship, buried with a rich array of artifacts, confirmed the use of advanced shipbuilding techniques and highlighted the high status of its occupant, likely a high-ranking woman. Finds included wagons, textiles, and ritual items, illustrating the ship's role in both transport and ceremonial contexts."
"What evidence supports Leif Erikson's voyages to North America, and how did this predate Columbus by centuries?","The Vinland Map and Norse sagas reference Erikson's 1000 AD journey to a land he called Vinland. Archaeological discoveries, like the L'Anse aux Meadows site, confirm Norse settlements, proving sustained contact with North America over 500 years before Columbus's 1492 voyage."
Compare the design and function of Viking swords to Anglo-Saxon weapons of the same era.,"Viking swords featured double-edged blades with cruciform hilt guards, optimized for thrusting and cutting. Anglo-Saxon swords often had single-edged blades with simpler hilts. Both were crafted for combat, but Viking designs reflected their seafaring culture and emphasis on mobility."
What role did the conversion to Christianity play in altering Viking burial customs and grave goods?,"Christianization led to the decline of pagan burial practices, such as ship burials and weapon graves. Christian Vikings adopted simpler burials with crosses and religious symbols, reflecting ideological shifts while retaining some traditional elements in funerary rituals."
Who was the Viking queen whose political marriages solidified Danish control over England?,"Queen Emma of Wessex, through her marriage to Æthelred the Unready, strengthened Danish influence in England. Her daughter, Ælfgifu, later married Cnut the Great, securing Danish claims to the English throne through dynastic alliances."
Which Viking leader's reign marked the peak of Scandinavian influence over the British Isles?,"Cnut the Great (r. 1016–1035) unified Denmark, Norway, and England, establishing the North Sea Empire. His centralized rule and strategic alliances maximized Scandinavian control over British trade and political structures."
What historical interpretation explains the Byzantine Empire's interest in Viking traders?,Byzantine officials viewed Vikings as valuable intermediaries for accessing Scandinavian resources like furs and amber. Their raids on the empire's trade routes also prompted Byzantine alliances with Viking factions to secure economic and military advantages.
When did Viking settlements in Russia begin to integrate with Slavic cultural practices?,"Viking settlements in Russia, established in the late 8th to early 9th century, gradually adopted Slavic customs through trade and intermarriage, leading to the formation of the Kievan Rus' state by the mid-9th century."
Who was the Viking leader responsible for the founding of the Varangian Guard in the Byzantine Empire?,"Rostislav of Novgorod, a Viking Rus' prince, is credited with establishing the Varangian Guard in the 10th century, which became a elite military unit for the Byzantine court, reflecting Viking influence in Eastern Europe."
What historical interpretation explains the decline of Norse god worship in Viking settlements?,"Historians interpret the decline of Norse gods in Viking settlements as a gradual shift toward Christianity, driven by royal patronage, trade with Christian Europe, and the desire for political legitimacy among Norse elite."
When did Viking queens in Scotland first challenge male-dominated succession norms?,"Viking queens in Scotland, such as Ingigerd of Orkney, asserted power from the late 9th to 11th centuries, leveraging royal lineage and political alliances to influence succession disputes amid Norse and Anglo-Saxon kingdoms."
Who was the Viking queen whose marriage to a Scottish king secured Norse control over the western isles?,"Ragnhild the Volute, a Norse queen, married King Constantine II of Scotland in the 11th century, solidifying Viking influence over the Western Isles and facilitating cultural and political integration between Norse and Scottish elites."
What role did Viking traders play in the Byzantine Empire's economic networks?,"Viking traders facilitated the exchange of furs, amber, and slaves between Scandinavia and the Byzantine Empire, enriching both regions. Their participation in the Silk Road and Black Sea trade routes provided Byzantium with luxury goods while securing access to Norse resources."
Why did the Byzantine Empire offer special privileges to Viking merchants?,"The Byzantine Empire granted Vikings tax exemptions and safe passage to secure their trade networks. This fostered loyalty and ensured a steady supply of valuable goods, strengthening economic ties between the two powers."
Compare the use of runes in Viking settlements to their use in Scandinavian regions.,"Runes in Viking settlements often marked boundary stones and memorials, while in Scandinavia they were used for legal texts and personal inscriptions. This reflects localized adaptations of the runic script for administrative and cultural purposes."
What daily challenges did Viking farmers face in harsh Nordic climates?,"Viking farmers struggled with short growing seasons, permafrost, and unpredictable weather. They adapted by cultivating hardy crops like rye, using manure to enrich soil, and relying on livestock for sustenance and trade."
Why did Harald Fairhair's unification of Norway differ from other Viking leaders' strategies?,"Harald Fairhair centralized power through military conquest and legal reforms, unlike leaders who focused on raiding. His consolidation of Norway laid the foundation for a unified kingdom, contrasting with fragmented Viking societies elsewhere."
Where did Viking explorers establish settlements in the Mediterranean during the 9th century?,"Viking explorers founded temporary settlements in Sicily and southern Italy, such as the Isle of Saint Nicholas, around 850 CE. These outposts facilitated trade and cultural exchange, reflecting their maritime reach beyond the North Sea."
What economic practices did the Vikings employ in their trade networks across the North Sea?,"Vikings used a barter system and coinage to trade goods like furs, amber, and slaves. They established market towns in regions like Jomsborg, blending Scandinavian and continental economic systems for mutual benefit."
When did Harald Hardrada's fleet set sail for England in 1066?,"Harald Hardrada's fleet departed from Tønsberg, Norway, in September 1066. His invasion aimed to claim the English throne, culminating in the Battle of Stamford Bridge, where he was killed."
Where did Viking raids on France target during the 9th century?,"Viking raids in 9th-century France focused on coastal areas like Rouen and Paris. They established fortified strongholds, such as the Duchy of Normandy, and disrupted Frankish trade routes along the Seine."
What economic reforms did Cnut the Great implement to stabilize his North Sea empire?,"Cnut standardized coinage, established legal codes, and promoted trade across Denmark, Norway, and England. His policies unified economic systems, reducing regional disparities and fostering stability in his realm."
Compare the reigns of Harald Fairhair and Olaf Trygvason in unifying Norway.,"Harald Fairhair (c. 860–933) unified Norway through conquest, establishing a centralized kingdom. Olaf Trygvason (960s–995) consolidated power via diplomacy and military campaigns, blending royal authority with Christianization. Both faced resistance from rival chieftains, but Olaf’s reign marked a shift toward centralized governance and Christian rule."
Which Viking leader explored the Faroe Islands first: Naddodd or Eirik the Red?,"Naddodd, a 9th-century explorer, is recorded as the first to settle the Faroe Islands, likely in the 800s. Eirik the Red later expanded Viking presence there in the 980s, establishing settlements that became crucial for trade routes to Greenland and Vinland."
When did Halfdan the Black’s reign mark a turning point for Viking expansion into the British Isles?,"Halfdan the Black (d. 875) solidified Viking control over East Anglia by 869, after defeating the Anglo-Saxon kingdom of East Anglia. His campaigns enabled the establishment of Danelaw, a vast region under Viking influence, reshaping political and cultural landscapes in England."
Compare the settlement patterns of Iceland and Greenland in the Viking Age.,"Iceland was settled by Norse and Gaelic settlers in the 9th century, with farms and longhouses forming isolated communities. Greenland’s settlements, established in the 10th century, relied on Norse-Greenlandic hybrid cultures, adapting to harsh climates with sod houses and limited trade networks."
Which Viking city was the primary hub for trade between the North Sea and the Byzantine Empire?,"Hedeby, located in present-day Germany, was the dominant trading hub from the 8th to 10th centuries. It connected Viking networks to the Hanseatic League and Byzantine markets, facilitating the exchange of goods like silver, furs, and luxury items across the North Sea and Baltic regions."
Why did Viking settlers in Greenland face environmental challenges?,"Viking settlers in Greenland struggled with harsh winters, short growing seasons, and soil depletion. Limited arable land and reliance on livestock made sustainable agriculture difficult, leading to gradual decline by the 15th century."
Which Norse region developed the most advanced shipbuilding techniques?,"Scandinavia, particularly Sweden and Norway, pioneered advanced shipbuilding. Their use of clinker-built longships allowed swift, seaworthy vessels ideal for raiding, trading, and exploration across the North Sea and Atlantic."
When did Viking longships transition to heavier designs for trade voyages?,"By the late 9th to early 10th century, Viking longships evolved into broader, deeper vessels with more cargo space. This adaptation facilitated long-distance trade across the North Sea and into the Baltic, Mediterranean, and Black Sea."
Which Viking leader's reign marked the peak of Norse expansion into Eastern Europe?,"Rurik's establishment of the Varangian ruling dynasty in Kievan Rus (860s–880s) symbolized Viking influence in Eastern Europe. His successors forged trade networks and political alliances, securing Norse dominance in the region."
Why did Viking settlements in Normandy shape its medieval economic development?,"Viking control of Normandy's coastal trade routes facilitated access to Atlantic markets. Their shipbuilding expertise and strategic location enabled commerce with England and Iberia, fostering a mercantile economy that outlasted Viking rule, creating a foundation for Norman maritime dominance in the 11th century."
What caused the Viking axe to become a symbol of both warfare and status?,"The Viking axe's dual-edged design allowed efficient combat and tree-felling, making it practical for raiders. Its size and craftsmanship signified wealth, while runic inscriptions on some axes reinforced Norse identity, blending utility with social status in Viking society."
How did Norse pagan practices differ from Christian rituals in Viking Age Scandinavia?,"Norse paganism emphasized nature worship and ancestral veneration, with rituals like blot sacrifices to gods such as Odin. Christianity introduced structured prayers, monastic life, and moral codes, leading to tensions that fueled Viking raids as acts of religious defiance."
Why did Halfdan the Black’s leadership alter Viking strategies in the British Isles?,"Halfdan’s consolidation of Northumbrian territories forced Vikings to adopt feudal alliances with local rulers. This shift from raiding to territorial control enabled sustained dominance, transforming Viking presence into a structured political entity in the 9th century."
What caused the Norse gods to be perceived as more anthropomorphic than Celtic deities?,"Norse mythology depicted gods like Odin and Thor with human-like flaws and emotions, reflecting Norse cultural values. In contrast, Celtic deities were often abstract or nature-based, leading to distinct religious practices and mythological narratives in the Viking Age."
How did Viking trade routes with the Byzantine Empire differ from those with the Rus? ,"Viking trade with the Byzantine Empire focused on the Black Sea via the Dnieper River, using Varangian intermediaries. In contrast, trade with the Rus emphasized the Baltic-White Sea route, directly connecting Norse settlements to Byzantine markets. Both relied on intermediaries but differed in geographic pathways and the scale of direct contact with imperial authorities."
Why did Ivar the Boneless target East Anglia in 869? ,"Ivar the Boneless targeted East Anglia due to its wealth and strategic location. The region’s fertile lands and access to the North Sea made it a lucrative prize. By securing East Anglia, Ivar aimed to establish a base for further raids and control over key trade routes, weakening Anglo-Saxon resistance in the region."
How did Ubba’s leadership shape Viking expansion in England? ,"Ubba’s leadership prioritized rapid, coordinated raids to destabilize Anglo-Saxon kingdoms. By targeting wealthy centers like York and Lindsey, he weakened regional defenses, enabling subsequent Viking settlers to establish permanent holdings. His tactics laid the groundwork for the Danelaw’s formation and long-term Norse influence in England."
Why did the Vikings establish settlements in Kievan Rus? ,"Vikings settled in Kievan Rus to control lucrative trade routes between the Baltic and Black Seas. By establishing key cities like Novgorod, they facilitated the exchange of furs, honey, and slaves for Byzantine goods. These settlements became economic hubs, integrating Rus into broader Eurasian trade networks and strengthening Norse influence in Eastern Europe."
Scenario: A Viking leader faces a dispute over land distribution in a Thing assembly. How did the assembly's structure influence the resolution?,"The Thing assembly, a Norse governing body, allowed free men to debate and vote on disputes. Land conflicts were resolved through consensus, with legal codes like the *Gulating Law* dictating penalties. This system ensured communal accountability and minimized tribal warfare by prioritizing collective decision-making."
Which Viking farming technique maximized crop yields in northern Scandinavia's short growing season?,"Vikings used crop rotation and raised fields (sandwalls) to extend growing seasons. These techniques improved soil drainage and warmth, enabling barley, rye, and oats to thrive. Such innovations sustained populations in harsh climates and supported trade networks."
Cause-effect: How did the discovery of the Oseberg ship artifact reshape understanding of Viking craftsmanship?,"The Oseberg ship's intricate carvings and advanced construction revealed Viking mastery of shipbuilding and artistry. Its discovery proved Norse sailors crafted vessels for both trade and exploration, blending practicality with symbolic motifs like dragons and serpents."
Scenario: A Viking trader in Normandy faces a customs dispute. Which local authority would resolve it?,"Normandy's *châteaux* and local lords handled trade disputes, blending Viking and Frankish systems. Norse traders often negotiated through these authorities, leveraging their reputation for fair deals to secure privileges in the Danelaw region."
Which economic reform by Cnut the Great unified North Sea trade networks?,"Cnut standardized currency, including silver coins and weights, across his realms. This reform facilitated trade between the North Sea and Byzantine empires, reducing fraud and fostering economic stability within his North Sea empire."
Where did the Vikings face their most decisive defeat against the Anglo-Saxons?,"The Battle of Stamford Bridge in 1066 marked the Vikings' most decisive defeat. Harold Hardrada's forces clashed with William the Conqueror's army after defeating Harold Godwinson. The Norse losses, including Hardrada's death, crippled Viking ambitions in England."
Why did Erik the Red name his Greenland settlement 'Erik the Red's Land'?,"Erik the Red named Greenland to attract settlers after his exile from Iceland. The name, though misleading, reflected his hope to redeem his reputation. His settlement at Brattahlíð became a hub for Norse exploration and trade in the region."
How did Viking longships differ from the Byzantine Empire's ships?,"Viking longships featured dragon prows, shallow drafts, and flexible oak frames for speed and maneuverability. Byzantine ships were larger, heavier, and built for trade, with multiple decks and advanced sail systems for long-distance commerce."
Where was the primary Viking trading hub in the North Sea?,"Hedeby, in present-day Germany, was the North Sea's main Viking trading hub. It connected Scandinavia to the Frankish and Byzantine Empires, exchanging furs, amber, and silver for spices, glass, and luxury goods."
What was the primary factor in the establishment of Viking settlements in the Faroe Islands?,"The Faroe Islands' rugged terrain and limited arable land necessitated self-sufficient farming. Vikings established settlements by cultivating hardy crops like barley and rye, utilizing steep slopes for terraced farming, and relying on fishing and livestock to sustain communities in this harsh environment."
Scenario: A Viking farmer in southern Sweden faces a harsh winter. What agricultural strategy would he employ to ensure food security?,"A Viking farmer would store root vegetables, dried fish, and preserved meat in underground cellars. He would also use pit storage for grains and prioritize livestock breeding to maintain food reserves, relying on communal cooperation and resource-sharing networks during scarcity."
What artifact discovered in Birka provided evidence of Viking-era textile production techniques?,"The Birka textile workshop uncovered woven tapestries and loom weights, revealing advanced spinning and weaving methods. These artifacts demonstrated the use of dyed wool and linen, indicating trade connections with the Byzantine Empire and sophisticated domestic craft traditions."
What artifact found in Hedeby revealed the extent of Viking trade with the Islamic world?,"Silver dirhams discovered in Hedeby's merchant quarter confirmed Viking trade with the Islamic Caliphate. These coins, minted in the Abbasid Empire, indicate Hedeby's role as a key hub for goods like silk, spices, and ceramics, showcasing the Vikings' extensive Mediterranean and Middle Eastern commercial networks."
Why was Odin associated with wisdom in Norse mythology?,"Odin's association with wisdom stemmed from his role as a war god and seeker of knowledge. He sacrificed his eye for wisdom at Mimir's well and gained insights through poetry and prophecy. This linked him to Norse intellectual pursuits, contrasting with other gods like Thor, who embodied strength and protection."
How were Viking swords crafted for both combat and ceremonial use?,"Viking swords were crafted using high-carbon steel, tempered for edge retention. Blades were double-edged with a central fuller for flexibility. Handles featured grip patterns and carved hilts. This design balanced durability and weight, making them effective in both combat and ceremonial contexts."
When did Viking raids on France first intensify?,"Viking raids on France intensified in 845 when they attacked Paris, looting churches and killing the bishop. This marked a shift from sporadic raids to coordinated campaigns, exploiting weak Frankish defenses. The event highlighted their strategic use of surprise and mobility in North Sea trade routes."
How did Cnut the Great unify North Sea trade networks?,"Cnut unified North Sea trade by securing control of England, Denmark, and Norway. He standardized coinage, protected merchant routes, and brokered alliances with the Holy Roman Empire. This stability reduced piracy, fostering economic growth and cultural exchange across the North Sea region."
What historical interpretation explains the Norse conversion to Christianity in Ireland?,"The Norse adopted Christianity in Ireland due to prolonged contact with Irish missionaries, political alliances, and the Church's role in legitimizing Viking rule. This contrasted with Scandinavia's slower conversion, driven by royal patronage and Germanic influence."
How did Viking weapons differ from those of the Anglo-Saxon elite?,"Viking weapons featured lightweight, curved blades for slashing, while Anglo-Saxon swords had heavier, straight edges for thrusting. Vikings also used axes and spears more frequently, reflecting their mobility and raiding tactics."
Compare Viking longships to the ships of the Byzantine Empire.,"Viking longships prioritized speed and shallow draft for raids, with overlapping planks and single masts. Byzantine ships emphasized cargo capacity and naval warfare, using reinforced hulls and multiple masts for stability in open seas."
How did Harald Hardrada's leadership shape Viking influence in England?,"Hardrada's aggressive campaigns and alliances with Norman nobles temporarily extended Viking power in England. His focus on rapid, decisive strikes contrasted with earlier Viking strategies, but his defeat at Hastings marked the end of Viking dominance in the region."
Why was Ivar the Boneless called 'Boneless' in Viking sagas?,"Ivar the Boneless earned his epithet due to his reportedly frail physique and strategic prowess, not physical absence of bones. His name symbolized his ability to conquer territories through cunning rather than brute strength, reflecting Norse cultural emphasis on tactical warfare."
How did Jarls maintain control over their Viking settlements?,"Jarls governed through a mix of military authority and patronage, leveraging their wealth from trade and raids. They managed land, mediated disputes, and hosted feasts to reinforce loyalty, ensuring their dominance within regional hierarchies."
How did Norse society structure family roles during the Viking Age?,"Norse society divided roles by gender: men managed farms, waged war, and mediated disputes, while women handled domestic affairs, crafted goods, and inherited property. This division ensured communal survival and reinforced social stability."
Which Scottish ruler established the Kingdom of the Isles in the 9th century?,"Ragnvald the Great, a Norse chieftain, unified the islands through military campaigns, creating a Norse-dominated realm that later influenced Scottish history."
What caused the decline of Norse religious practices in Normandy by the 12th century?,Norman rulers' patronage of Christianity and the establishment of monastic institutions accelerated the erosion of pagan traditions through education and institutional conversion.
Which Norse god was central to the ritual of the Yule festival?,"Odin, associated with wisdom and war, was honored in Yule rituals, though the festival itself primarily celebrated the winter solstice and renewal of the sun's strength."
How did the structure of Norse society influence trade networks during the Viking Age?,"The hierarchical system, with jarls controlling long-distance commerce and karls managing local trade, enabled efficient resource allocation and expansion of Viking maritime routes."
Why did Cnut the Great adopt Christianity in 1017?,"Cnut embraced Christianity to solidify his rule over a unified North Sea realm, aligning with the religious expectations of his Christian subjects and reinforcing his legitimacy as a ruler. This conversion also facilitated alliances with Christian kingdoms, securing his empire's stability against rival Norse and Anglo-Saxon powers."
Compare the military strategies of Halfdan and Ubba during the Danish conquest of England.,"Halfdan focused on land-based sieges and alliances to subdue English kingdoms, while Ubba led naval raids to destabilize defenses. Their combined tactics exploited divisions among Anglo-Saxon rulers, enabling the Danes to conquer England through both force and strategic opportunism."
What historical interpretation explains the elevation of Viking queens like Astrid of Sweden to power?,"Scholars suggest Viking queens wielded influence through political marriages and advisory roles, reflecting a matriarchal tradition in Norse society. Their elevated status often stemmed from necessity, ensuring continuity in leadership when male heirs were absent or vulnerable."
How did Viking queens differ from Anglo-Saxon queens in political influence during the 9th century?,"Viking queens frequently held direct political authority, managing alliances and warfare, while Anglo-Saxon queens were more often ceremonial figures. Norse society's matrilineal customs allowed queens to shape governance, contrasting with the patriarchal structures of Anglo-Saxon courts."
Why was Ubba's role in the Uppsala sagas emphasized over other Viking leaders?,"Ubba's portrayal as a ruthless conqueror in the sagas served to legitimize Viking expansion by framing it as a divine mission. His exaggerated feats highlighted the cultural value of heroism and conquest, distinguishing him from lesser-known leaders in Norse oral traditions."
Why did Viking settlers in Normandy adopt French agricultural techniques?,"Viking settlers in Normandy integrated French farming methods to adapt to local soil and climate, enhancing crop yields. This shift supported longer-term settlement and reduced reliance on Norse traditions, fostering economic stability in the region."
Scenario: How would a Viking raid on a French monastery differ from a raid in England?,"A Viking raid on a French monastery would target monastic wealth and religious artifacts, while raids in England focused on monasteries as strategic hubs. French raids often involved looting, whereas English raids aimed to secure political control and convert sites to Norse influence."
Why did the Danelaw region in England develop distinct farming practices?,"Danelaw's farming evolved due to fertile soils and a mix of Norse and Anglo-Saxon techniques. Crop rotation, advanced plowing tools, and livestock management thrived, enabling surplus production that supported Viking settlements and trade networks."
Where did archaeologists find evidence of Viking longship construction in Scandinavia?,"Archaeologists discovered longship construction sites at Gokstad and Oseburg in Norway. These sites revealed shipbuilding craftsmanship, with Oseburg’s ship showcasing intricate carvings and materials, underscoring Viking technological expertise and maritime prowess."
Where did Viking longships primarily originate in Scandinavia?,"Viking longships were mainly built in Norway, Sweden, and Denmark. Crafted from oak and pine, these ships featured a narrow hull, single mast, and shallow draft, enabling swift travel across open waters and riverine navigation."
What impact did Viking exploration have on Ireland's economy?,"Viking raids and settlements in Ireland from the late 8th century introduced new trade networks, spreading Norse craftsmanship and silver. They disrupted local economies but also facilitated cultural exchanges through plunder and commerce."
Compare Viking longships to Anglo-Saxon ships.,"Viking longships were lighter, faster, and designed for both warfare and trade, with a shallow draft for river travel. Anglo-Saxon ships were bulkier, slower, and optimized for coastal defense and cargo transport, reflecting different naval priorities."
How did Harald Fairhair's unification efforts differ from Sweyn Forkbeard's?,"Harald Fairhair unified Norway through strategic alliances and military campaigns, establishing centralized rule by 872. Sweyn Forkbeard, a Danish leader, focused on conquests in England and Denmark, using raids to expand his influence rather than consolidating a kingdom."
Compare the design of Viking longships to Anglo-Saxon war galleys.,"Viking longships featured shallow drafts, sleek hulls, and symmetric oars for speed and versatility, ideal for raiding and exploration. Anglo-Saxon war galleys had deeper drafts, heavier construction, and were suited for riverine combat, reflecting different strategic priorities."
Why did Halfdan the White focus his campaigns on Northumbria?,"Halfdan targeted Northumbria to expand Danish influence in England, leveraging alliances with local rulers and exploiting internal divisions. This strategy helped secure the Danelaw and strengthen Norse control over key trade routes in the late 9th century."
Compare Ivar the Boneless' tactics to Halfdan's during the Danish conquest of England.,"Ivar the Boneless prioritized rapid, coordinated raids to destabilize Anglo-Saxon kingdoms, while Halfdan focused on consolidating conquered territories through diplomacy and military strength, reflecting distinct approaches to empire-building."
When did the Viking Age in Normandy transition to feudalism?,"The Viking Age in Normandy transitioned to feudalism by the early 11th century, as Rollo's descendants adopted Carolingian administrative practices, blending Norse governance with French feudal structures to solidify their rule over the region."
Why were Viking laws essential for their expansion?,"Viking laws standardized governance, resolved disputes, and facilitated trade. These codes, like the 'Lagabotn,' ensured cohesion among Viking societies, enabling organized raids and settlements. They also provided a framework for managing resources and maintaining order, which supported their expansion into new territories."
What caused Ivar the Boneless to target the East Angles in 869?,"Ivar the Boneless targeted the East Angles due to their weakened defenses, alliance with Mercia, and strategic location. By striking this region, he aimed to disrupt English defenses, secure resources, and establish a foothold in the English realm, which would later contribute to the broader Viking conquest of England."
Why did Harald Fairhair prioritize consolidating power in Norway?,"Harald Fairhair prioritized consolidating power in Norway to unify the fragmented kingdom under his rule. He employed military campaigns, strategic marriages, and legal reforms to centralize authority, ensuring stability and long-term control. This consolidation allowed Norway to become a cohesive political entity, enhancing its influence and resources."
Who led the Great Heathen Army that invaded England in 865?,"The Great Heathen Army, which invaded England in 865, was led by Ivar the Boneless, with Halfdan the White as a key commander. This coalition of Viking leaders aimed to conquer England, leveraging their combined strength to overwhelm local defenses and establish Viking dominance."
How did the establishment of Viking kingship in Normandy affect their governance?,"The establishment of Viking kingship in Normandy shifted their governance toward feudal structures, integrating into the local hierarchy. This adaptation allowed them to consolidate power, manage resources effectively, and maintain control over their territories, blending Norse and Frankish administrative systems for stability."
Where did Viking settlers establish the first Rus' state in Eastern Europe?,"Viking settlers founded the first Rus' state in Novgorod, Russia, around 860. This hub became a trade nexus between Byzantium and Scandinavia, blending Norse and Slavic cultures. Its strategic location on the Volga River facilitated commerce and military dominance in the region."
Historical interpretation: How did the role of Viking queens challenge traditional Norse gender norms?,"Viking queens like Astrid of Sweden and Lagertha defied norms by wielding political power and military influence. Their roles suggest fluid gender expectations, where elite women could broker alliances, lead warriors, or rule independently, reflecting a society that valued strength over rigid gender roles."
Why did the Byzantine Empire offer tribute to Viking leaders like Oleg of Novgorod?,"The Byzantine Empire paid tribute to Viking leaders like Oleg of Novgorod to avoid destruction of their cities and secure trade routes. Oleg’s 860 raid demonstrated Viking military prowess, forcing Constantinople to negotiate rather than face annihilation, ensuring safe passage for merchants and diplomats."
"Where did the Battle of Svolder take place, and what was its significance for Viking power?","The Battle of Svolder occurred near the Øresund in 1000, where Olaf Sigurdsson defeated his rivals. This victory solidified his control over Norway, marking a shift toward centralized Viking kingship. It also highlighted the growing political ambition of Norse rulers during the late Viking Age."
Who were the jarls in Norse society and what roles did they play?,"Jarls were aristocratic leaders in Norse society, governing territories and leading military campaigns. They held land, administered justice, and acted as chieftains, often serving as advisors to kings. Their status was hereditary, and they played critical roles in maintaining order and expanding Viking influence through warfare and diplomacy."
"Which Norse explorer was the first to reach North America, and when did this occur?","Leif Erikson reached North America around 1000 CE, becoming the first known Norse explorer to set foot in Vinland. His voyage followed his father Erik the Red's exile, and he sailed westward, discovering a land he called 'Markland' and later 'Vinland,' likely modern Newfoundland."
"Scenario: How did Viking runestones serve as memorials, and what information did they typically convey?","Viking runestones commemorated warriors, chieftains, and lineage, often detailing victories, deaths, or family ties. They featured inscriptions in Old Norse, celebrating heroic deeds and ensuring names endured. Some stones marked burial sites, while others honored gods or recorded legal codes, reflecting Norse values of honor and legacy."
Which archaeological site in Scandinavia provided evidence of Viking longship construction techniques?,"The Gokstad Ship, discovered in Norway, revealed Viking longship construction methods. Dating to the 9th century, it featured iron nails, a single mast, and a curved prow. Its design enabled both swift travel and stability, crucial for raids and transatlantic voyages, showcasing Viking engineering prowess."
"Who founded the first Rus' state in Eastern Europe, and what was its significance?","Rurik, a Varangian leader, founded the Rus' state in 862 CE, establishing Novgorod and later Kiev. This marked the beginning of Kievan Rus', a powerful East Slavic state that integrated Norse, Slavic, and Byzantine influences, shaping Eastern European politics and culture for centuries."
Compare Viking longships and Byzantine dromons in terms of construction and naval use.,"Viking longships were lightweight, clinker-built vessels designed for speed and shallow waters, used for raids and trade. Byzantine dromons were heavier, sail-and-oar-powered warships, optimized for coastal defense and naval battles. Vikings relied on their agility, while Byzantines prioritized firepower and stability in Mediterranean warfare."
Who led the Viking raids on Ireland in the late 8th century?,"The exact leader remains uncertain, but the Viking raids began under the semi-mythical Longship King, possibly a chieftain from the Dublin area. These early raids, starting around 795 CE, marked the Vikings' first sustained presence in Ireland, leading to the establishment of the Viking longphort at Lín in 802."
When did Viking traders first establish regular contact with the Byzantine Empire?,"Viking trade with the Byzantine Empire began in the late 8th century, with Norse merchants sailing via the Volga and Dnieper rivers to reach the Black Sea. By the 9th century, they were trading furs, slaves, and amber for silk, spices, and luxury goods, solidifying economic ties between the two regions."
Compare Viking settlements in England and Ireland in terms of governance.,"In England, Viking settlers established the Danelaw, a semi-autonomous region governed by Norse laws and jarls, blending Scandinavian and Anglo-Saxon systems. In Ireland, Viking enclaves like Dublin operated as self-governing entities, often resisting integration into the Irish kingship structure, leading to prolonged conflict."
Who was the first Norse explorer to reach the Byzantine-controlled Black Sea?,"Ongus, a Viking raider, is credited with reaching the Byzantine-controlled Black Sea in the late 8th century. His raids, recorded in the 9th-century Anglo-Saxon Chronicle, marked the first known Norse contact with the Eastern Roman Empire, initiating a century of Viking trade and diplomacy in the region."
"When did Viking trade networks expand to the Byzantine Empire, and what goods were exchanged?","By the 9th century, Viking traders reached the Byzantine Empire via the Volga River. They exchanged furs, amber, and honey for silver, textiles, and luxury goods, fostering economic ties that influenced Scandinavian wealth and cultural exchange."
Scenario: A Viking ship encounters a North American ice shelf in 985. How would the crew adapt?,"The crew would secure the ship to driftwood, melt ice for water, and hunt seals. They might use local resources to repair sails or tools, prioritizing survival while assessing potential settlement sites for future exploration."
Historical interpretation: How did Harald Fairhair’s legal reforms strengthen Viking governance?,"Harald’s laws standardized justice, reduced clan-based violence, and centralized power, enabling efficient resource management and military organization, which solidified his rule and facilitated Viking expansion across Scandinavia."
"When were the Oseberg ship burials discovered, and what did they reveal about Viking society?","Discovered in 1904, the Oseberg ship burials (c. 834–840) contained women’s graves with wagons, textiles, and tools, indicating high-status female roles in trade, craftsmanship, and ritual practices."
Scenario: A Viking queen leads a fleet to defend her realm. What strategies would she employ?,"She would leverage her diplomatic skills to forge alliances, use naval superiority to blockade enemies, and deploy skilled warriors. Her leadership in battle and negotiations would reinforce her political authority and protect her people."
What role did the jarls play in Norse governance?,"Jarls were noble chieftains in Viking Age Scandinavia, governing regional territories and leading military campaigns. They mediated disputes, collected taxes, and oversaw trade, forming the upper echelon of a semi-feudal society. Their authority was often hereditary, though challenged by Viking kings like Harald Fairhair in the 9th century."
"Where did the Varangian Guard originate, and what was its purpose?","The Varangian Guard originated in 9th-century Kievan Rus' and was established by Byzantine Emperor Leo VI. Composed of Norse warriors, it served as an elite personal bodyguard for the Byzantine emperor, ensuring loyalty and military strength. Its formation marked Norse integration into Eastern European power structures."
What was the significance of the Battle of Nesher in 854?,"The Battle of Nesher (854) saw Rus' forces, led by Askold and Dir, defeat the Khaganate of Bulgaria. This victory secured control over the Dnipro River trade routes, facilitating the expansion of the first Rus' state. It marked a key step in establishing Kievan Rus' as a dominant power in Eastern Europe."
Where did Viking settlers establish the first permanent settlements in Russia?,"Viking settlers founded the first permanent settlements in the 850s along the Dnieper River, near present-day Kyiv. These settlements, part of the Rus' state, became hubs for trade between Scandinavia, Byzantium, and the Byzantine-controlled Black Sea. They laid the foundation for Kievan Rus', a major medieval state in Eastern Europe."
"When did Erik the Red settle in Greenland, and what prompted this migration?","Erik the Red settled Greenland around 982. He led Norse settlers there after being banished from Iceland for manslaughter, seeking new land for farming and trade."
What role did chieftains play in Norse society's governance and conflict resolution?,"Chieftains, or jarls, governed Norse communities through the Thing assemblies, mediated disputes, and led military campaigns, ensuring social order and resource distribution."
Which archaeological site in Norway revealed evidence of Viking-era ironworking techniques?,"The Kongsberg Ironworks site in Norway shows Viking Age iron smelting methods, including blast furnaces and casting techniques used for tools and weapons."
"When did Harald Hardrada launch his invasion of England, and what was his goal?","Harald Hardrada invaded England in 1066, aiming to claim the English throne after the death of Edward the Exile. His campaign ended at the Battle of Stamford Bridge."
What was the primary function of the Viking Age Thing assemblies in legal matters?,"Thing assemblies served as public forums for lawmaking, dispute resolution, and collective decision-making, ensuring communal adherence to Norse legal codes and traditions."
What was the significance of the Domesday Book in documenting Viking influence in Normandy?,"The Domesday Book (1086) recorded landholdings in post-Norman Conquest England, revealing Viking settlers' integration into Norman society. It highlighted their agricultural practices and land ownership, showing their lasting impact on feudal structures and regional economies in Normandy and beyond."
Which role did women play in Viking Age trade networks?,"Women managed domestic economies, traded goods like wool and honey, and negotiated deals at marketplaces. They often oversaw long-distance commerce, ensuring resource flow between settlements. Their roles were crucial to sustaining Viking trade networks across Scandinavia and beyond."
Where did Cnut the Great establish his capital after unifying the North Sea realms?,"Cnut the Great made London his primary capital after uniting England, Denmark, and Norway. He also ruled from York and Bergen, centralizing governance across his realms. This strategic choice reflected his control over key trade routes and political centers in the North Sea region."
What design feature allowed Viking longships to navigate both open seas and inland waterways?,"Viking longships featured a shallow draft and clinker-built hulls, enabling movement through rivers, lakes, and coastal waters. Their flexible, lightweight construction and sail/ oar hybrid propulsion made them versatile for raiding, trading, and exploration across vast distances."
Which Viking weapon was primarily used for close combat and featured a double-edged blade?,"The seax, a curved, single-edged knife with a short, sturdy handle, was a staple of Viking warfare. It excelled in thrusting and slashing, often made from iron or steel. Its versatility made it suitable for both combat and daily tasks, reflecting the practical design of Viking weaponry."
Where did Viking navigators establish their first permanent settlements along the eastern European river systems?,"Vikings founded settlements along the Dnieper River in present-day Ukraine, such as the city of Novgorod. These outposts facilitated trade with Byzantium and provided strategic access to the Volga and Danube rivers, linking the Baltic to the Black Sea."
What design innovation allowed Viking longships to transition between open sea and inland waterways?,"The clinker-built construction, with overlapping planks, created a flexible, water-resistant hull. This design, combined with a shallow draft, enabled longships to navigate both open seas and rivers, allowing Viking raids and trade across vast territories."
Which social institution in Viking society served as both a legal forum and a council for dispute resolution?,"The Thing was a communal assembly where free men gathered to settle disputes, pass laws, and elect leaders. It balanced legal justice with collective decision-making, reinforcing Norse governance through public participation and consensus."
What archaeological evidence reveals Viking Age trade networks in Eastern Europe?,"Excavations at sites like Staraya Ladoga and Novgorod uncovered silver coins, amber, and Byzantine ceramics, demonstrating Viking trade routes connecting Scandinavia to the Black Sea and Byzantium. These goods indicate long-distance commerce and cultural exchange."
Why did Viking navigators favor the Dnieper River for eastward exploration?,"The Dnieper provided a navigable route to the Black Sea, enabling access to Byzantine markets. This strategic waterway facilitated trade with the Abbasid Caliphate and allowed Vikings to establish settlements in Kievan Rus, linking Scandinavia to Eurasian trade networks."
What role did Norse chieftains play in shaping Normandy's feudal structure?,"Norse chieftains integrated into Normandy's feudal system by holding land under the Duke of Normandy. Their military expertise and administrative skills strengthened local governance, blending Viking and Frankish traditions in medieval European politics."
What caused Harald Fairhair's consolidation of power in 9th-century Norway?,"Harald's victory over rival jarls at the Battle of Hafrsfjord in 872 ended fragmentation, allowing him to centralize authority. His legal reforms and control over key fjords solidified his rule, creating a unified Norse kingdom."
"What materials were commonly used for Viking Age clothing, and why?","Wool from sheep, linen from flax, and animal hides were staple materials due to their availability. Wool provided warmth, linen was used for lighter garments, and hides offered durability. Dyeing techniques reflected social status and regional resources."
What role did Harald Fairhair play in unifying Norway compared to Cnut the Great's strategies in England?,"Harald Fairhair consolidated Norway through conquest and legal reforms, establishing a centralized monarchy. Cnut the Great unified North Sea realms via marriage alliances and military campaigns, creating a transient empire. Both leveraged military strength, but Harald focused on domestic unification, while Cnut prioritized regional dominance through political marriages."
"What caused Erik the Red's migration to Greenland, and how did it impact Viking settlements?","Erik the Red was exiled from Norway for crimes, prompting him to voyage westward. He established the Eastern and Western settlements in Greenland, fostering Norse presence in the North Atlantic. This migration laid the groundwork for later Norse exploration of Vinland, expanding Viking reach beyond the known world."
What was the significance of the Vinland settlements in Greenland compared to other Viking colonies?,"Vinland, established in Newfoundland, was a temporary hunting outpost, contrasting with Greenland's permanent settlements. While Greenland thrived through agriculture and trade, Vinland's limited resources and harsh climate led to abandonment, highlighting the challenges of northern exploration."
"What caused Ragnar Lothbrok's raids on Francia, and how did they influence Viking expansion?","Ragnar Lothbrok's raids on Francia were driven by plunder and revenge for his capture. These campaigns intensified Viking attacks on Frankish territories, establishing a pattern of maritime raids. They facilitated the Norse presence in the Seine River region, laying foundations for later settlements and trade networks."
How did Viking exploration of the eastern Atlantic differ from their inland waterway navigation?,"Eastern Atlantic exploration relied on advanced longships and celestial navigation, enabling open-sea voyages to Vinland. Inland navigation utilized shallow-draft ships for rivers and coastal waters, allowing access to trade routes. This dual approach enabled the Vikings to expand across both maritime and continental Europe."
What role did iron tools play in Viking Age trade networks across Scandinavia and the British Isles?,"Iron tools were highly sought after in Viking trade, exchanged for silver, textiles, and slaves. Production centers like Jorvik and York facilitated commerce, linking Scandinavian forests to markets in England and beyond. This demand fueled economic growth and reinforced Viking political influence through resource control."
Scenario: How did Queen Astrid of Sweden navigate political alliances during the 10th-century conflicts with the Danes?,"Queen Astrid brokered marriages with German nobles and secured alliances with the Holy Roman Empire to counter Danish aggression. She leveraged her status as a Christian ruler to legitimize her claims, balancing Viking raiding power with diplomatic engagement to protect Swedish sovereignty."
What strategic advantage did Harald Hardrada gain by launching his 1066 invasion of England during the height of the winter?,"Harald Hardrada exploited the dispersed English fleet and lack of naval preparedness, securing a surprise landing at Peness. His winter campaign disrupted Anglo-Saxon defenses, allowing him to challenge William the Conqueror before the English could consolidate their forces."
How did Viking raiders adapt their tactics to target Scottish monasteries in the 9th century?,"Vikings used swift, surprise attacks on isolated monasteries, leveraging their longships for rapid movement. They targeted religious sites for wealth and relics, often using deception to bypass defenses. These raids disrupted Scottish monastic networks and fueled retaliatory campaigns."
What agricultural innovations did Viking settlers introduce to Scottish crofting communities in the 9th century?,"Vikings introduced three-field crop rotation, improved livestock management, and fortified farmsteads. These practices enhanced soil fertility and food security, adapting to Scotland's harsh climate while preserving traditional Norse farming techniques for sustainable settlement."
"Who was the first recorded Norse ruler to establish a permanent settlement in Greenland, and what prompted this endeavor?","Erik the Red, exiled from Norway for manslaughter, led the first Norse colonization of Greenland in 982. His initiative was driven by a desire for redemption and the pursuit of new land for Viking expansion, marking a pivotal step in Norse transatlantic exploration."
Scenario: How did a Viking jarl manage a dispute between rival longship captains during a critical trade expedition?,"A jarl would mediate by invoking Norse legal traditions, enforcing oaths, and leveraging his authority to resolve conflicts. He might impose penalties for defiance, ensuring unity to protect the expedition's success and maintain clan loyalty."
What role did Jarls play in Viking Age governance compared to chieftains in other Scandinavian regions?,"Jarls were high-ranking rulers in Norse society, often governing extensive territories with military and administrative power. Unlike chieftains, they wielded centralized authority, oversaw tribute collection, and played key roles in Viking raids and political alliances."
"Who led the final Viking raid on the monastery of Lindisfarne, and what strategic advantage did this attack provide?","Ivar the Boneless orchestrated the 793 raid on Lindisfarne. By striking a Christian stronghold unexpectedly, the Vikings disrupted religious and political stability in Northumbria, securing resources and inspiring further raids across Anglo-Saxon territories."
"When did Viking exploration of the Faroe Islands begin, and what resource did settlers prioritize?","Viking exploration of the Faroe Islands began around 800 CE. Settlers prioritized the islands' abundant sheep and fish resources, establishing permanent farms and coastal fishing outposts by the late 9th century."
Scenario: How did a Viking jarl resolve a dispute over a shared trading route with a rival chieftain?,"A Viking jarl might mediate by offering a third-party arbitration, such as a mutual oath or a symbolic exchange of gifts, to ensure safe passage and maintain trade alliances without escalating conflict."
Where did Viking farmers introduce three-field crop rotation in 10th-century England?,"Viking farmers introduced three-field crop rotation in the Danelaw region of England, enhancing soil fertility and food production by dividing land into winter, spring, and fall crops."
Where did Viking settlers establish their first permanent communities in Normandy by the 880s?,"Viking settlers established their first permanent communities in the Pays de Caux region of Normandy by the 880s, leveraging its fertile land and strategic coastal access for trade and defense."
How did Viking settlers adapt to Scotland's harsh winters during 9th-century colonization?,"Vikings built sturdy longhouses with thick thatched roofs and insulated walls. They cultivated hardy crops like barley and oats, stored food in underground cellars, and relied on fishing and livestock to sustain communities through cold months."
How did Harald Fairhair's strategies differ from Cnut the Great's in unifying their realms?,"Harald Fairhair centralized power through military conquest of Norwegian petty kingdoms, while Cnut the Great secured loyalty via strategic marriages, alliances, and administrative reforms, blending diplomacy with military strength."
What role did the Varangian Guard play in facilitating Scandinavian trade with the Byzantine Empire?,"The Varangian Guard, composed of Norse warriors, secured Byzantine trade routes and provided military protection for merchant convoys. Their presence ensured safe passage for Scandinavian goods like furs and amber, while importing luxury items, fostering economic and cultural exchanges between the two regions."
"Where did Viking merchants establish the first permanent trading post in eastern Europe, and what goods did they exchange?","Viking merchants founded Novgorod in 859 CE, trading furs, wax, and slaves for silver, textiles, and ceramics. This post became a key hub for commerce between Scandinavia, the Byzantine Empire, and the Slavic principalities, linking northern and southern trade networks."
"What caused the Viking preference for the seax over other swords, and how did it reflect their combat tactics?","The seax's compact design and portability made it ideal for close-quarters combat and everyday use. Its prevalence in Viking Age grave goods suggests it was favored for both practicality and ritual significance, contrasting with longer swords used for mounted warfare."
What economic shift marked the transition from Viking raiding to structured trade in the 9th century?,"The establishment of permanent trade networks, such as those in Dublin and Novgorod, shifted Viking economies from raiding to commerce. Standardized coinage, long-distance markets, and partnerships with local rulers replaced plunder as the primary economic activity, ensuring sustained wealth."
"Where did Viking settlers establish a permanent trading hub in the Byzantine Empire during the 10, century?","Viking settlers established a permanent trading hub in Constantinople, where they formed the Varangian Guard and engaged in commerce with Byzantine elites, exchanging furs, amber, and slaves for textiles and spices."
How did Cnut the Great's legal reforms in England reflect a blend of Norse and Anglo-Saxon traditions?,"Cnut's laws merged Old Norse legal principles with Anglo-Saxon customs, standardizing weights, measures, and penalties to unify his realm and legitimize his rule over diverse populations."
Compare the administrative strategies of Halfdan Ragnarsson and Cnut the Great in consolidating power in Viking Age Scandinavia.,"Halfdan Ragnarsson focused on centralized rule in Denmark through military force, while Cnut unified England, Denmark, and Norway via strategic marriages, alliances, and a centralized bureaucracy."
What role did Viking laws play in regulating trade between the Byzantine Empire and Scandinavian regions?,"Viking laws standardized trade practices, including weights, measures, and contracts, enabling stable commerce between Scandinavia and Byzantium, though their enforcement varied across regions."
Where did Viking settlers introduce advanced shipbuilding techniques in 10th-century Byzantine coastal settlements?,"Viking settlers introduced advanced shipbuilding in Thessaloniki, adapting their longships for Mediterranean conditions, which enhanced naval trade and defense along the Aegean Sea."
What role did Viking kings play in the governance of their realms during the 9th century?,"Viking kings oversaw military campaigns and diplomacy but relied on jarls for local governance. They enforced laws and mediated disputes, while jarls managed resources and defense. This dual system balanced centralized authority with regional autonomy, ensuring stability in expanding territories."
"When did the conversion of the East Angles to Christianity under King Æthelred begin, and what event catalyzed this shift?","The conversion of the East Angles began in the late 8th century, accelerated after the 793 AD Viking raid on Lindisfarne. King Æthelred's alliance with the Mercians and the Anglo-Saxon Chronicle's recording of missionary efforts marked this transition, blending Christian and pagan practices."
"Where did Viking settlers etch the Runestone of Gullög, and what event is commemorated there?","The Runestone of Gullög was carved in Gotland, Sweden, around 1100 AD. It commemorates the death of Gullög, a Swedish noble, and reflects the fusion of Norse mythology and Christian iconography in Viking Age memorial practices."
"What caused the decline of longship construction in the 11th century, and where did this shift occur first?","The decline of longship construction in the 11th century began in Scandinavia due to shifting trade routes and the rise of merchant vessels. Coastal towns like Hedeby saw a transition to smaller, more maneuverable ships for Baltic trade."
"When did King Olaf Trygvesson of Norway initiate the Christianization of his realm, and what was its impact on Viking raids?","King Olaf Trygvesson began Christianizing Norway in the 990s, enforcing laws against paganism. This reduced Viking raids in the North Sea by aligning Norway with Christian Europe, though resistance persisted in regions like the Danelaw."
"Where did the Viking leader Ubba establish a temporary base during the 865 invasion of England, and what strategic advantage did it provide?","Ubba established a base at York in 865, leveraging its control of the Humber Estuary. This allowed the Viking Army to launch raids into Mercia and East Anglia, exploiting logistical routes and weakening Anglo-Saxon defenses."
"Which Viking ruler established the first permanent Norse settlement in North America, and how did their methods differ from earlier Norse expeditions?","Leif Erikson founded L'Anse aux Meadows in 1000 CE. Unlike one-time voyages, his settlers used longships and Norse knowledge of Atlantic currents, demonstrating strategic planning for sustained presence."
Compare the administrative roles of Viking jarls in Norway and Sweden during the 9th century.,"Norwegian jarls were subordinate to kings, managing local governance and tribute collection. Swedish jarls held greater autonomy, often acting as semi-independent rulers in a decentralized system."
Historical interpretation: How did Viking queens like Astrid of Sweden influence political alliances compared to their male counterparts?,"Viking queens negotiated marriages and treaties to secure power, often mediating disputes. Unlike male jarls, they leveraged diplomatic networks to strengthen regional alliances without direct military command."
"Which artifact best exemplifies Viking Age craftsmanship in the 9th century, and what does it reveal about their society?","The Oseberg ship, a 72-foot longship, showcases advanced shipbuilding and trade networks. Its intricate carvings and preserved contents indicate a society valuing both maritime prowess and elite status."
How did Viking exploration of the western Atlantic differ from their ventures in the eastern Mediterranean?,"Western Atlantic expeditions focused on resource exploitation and settlement, using longships for open-sea travel. Eastern ventures prioritized trade with Byzantium, relying on smaller vessels and established ports for commerce."
How did Viking kings ensure loyalty among their jarls during the 9th century?,"Viking kings secured loyalty through land grants, military support, and political marriages. Jarls were rewarded with estates and titles, while their allegiance was reinforced by participation in royal campaigns. This system balanced power, preventing rebellion by integrating jarls into the king's military and administrative structures."
What caused the Viking preference for the axe over the sword in combat?,"Axes were favored for their range, shock damage, and ease of use. Their design allowed for powerful strikes, making them effective against armored foes. This weapon choice reflected Viking tactics emphasizing mobility and decisive blows, contrasting with the slower, more complex sword combat."
Why was Odin considered the most revered Norse god during the Viking Age?,"Odin was revered as the god of war, wisdom, and death, embodying both martial prowess and intellectual pursuit. His self-sacrifice on Yggdrasil and mastery of runes made him a symbol of leadership and knowledge, aligning with Viking values of bravery and strategic thinking."
How did Viking laws address disputes between merchants and foreign traders?,"Viking laws, like the *Gulating Law*, mandated arbitration and compensation for damages. Disputes were resolved through legal councils, with fines proportional to the offense. This system fostered trade by ensuring predictable conflict resolution, especially in interactions with Byzantine and Germanic merchants."
What role did the Byzantine Empire play in shaping Viking trade networks?,"The Byzantine Empire provided access to luxury goods and established trade routes, encouraging Viking merchants to engage in long-distance commerce. Its demand for furs, wax, and slaves incentivized Viking raids and settlements, integrating Scandinavian economies into the broader medieval trade system."
How did Viking Thing assemblies in Denmark differ from those in England in structure and decision-making authority?,"Denmark's Things were more centralized, with a single lawspeaker (goði) overseeing decisions, while England's Thanes operated in regional assemblies. Danish Things emphasized collective land ownership, whereas English assemblies focused on local governance and military mobilization, reflecting differing social hierarchies."
"What daily tasks did Viking women perform in rural communities, and how did these roles support the household economy?","Viking women managed households, processed food, dairied, and wove textiles. They also oversaw farming, traded goods, and maintained family ties. These tasks ensured agricultural productivity, resource management, and social stability, vital for sustaining Viking households and clans."
"Who was the first Viking leader to establish a permanent settlement in Normandy, and what impact did this have on the region's future?","Rollo, a Viking chieftain, founded Normandy after the 911 Treaty of Saint-Clair-sur-Eupre. This settled raids into a feudal alliance, blending Norse and Frankish cultures. It laid the foundation for the Duchy of Normandy, later central to the Norman Conquest of England."
How did Viking exploration of the western Atlantic differ from their raids on the eastern English coast in terms of longship design and navigation techniques?,"Western Atlantic voyages used longer, more seaworthy longships with square sails for ocean crossings, while raids on England relied on lighter, faster ships for swift attacks. Navigation techniques involved celestial observation and coastal landmarks, with Atlantic expeditions requiring advanced maritime planning."
"What were the key features of Viking Age daily life in rural France, and how did they adapt to local agricultural practices?","Viking settlers in rural France practiced mixed farming, cultivating wheat, barley, and livestock. They adapted to local soil and climate, using wooden plows and crop rotation. Communal labor and seasonal festivals reinforced social bonds, blending Norse traditions with Frankish agricultural methods."
"Where did Leif Erikson establish the first known Norse settlement in North America, and what evidence supports its existence?","Leif Erikson founded L'anse aux Meadows in Newfoundland, Canada. Archaeological findings, including timber structures and iron tools, confirm this Norse outpost, dated to ~1021 CE, predating Columbus by nearly 500 years."
What cause-effect relationship links Viking settlements in Scotland to the decline of Pictish cultural identity?,"Viking raids and settlements from the 8th century onward disrupted Pictish governance and cultural continuity. The fusion of Norse and Pictish elements created a new cultural hybrid, hastening the Picts' assimilation into Scottish society."
How did Viking Thing assemblies in Russia differ from those in Scandinavia in resolving legal disputes?,"In Kievan Rus', Things were influenced by Byzantine and Slavic traditions, emphasizing communal decision-making. Unlike Scandinavian Things, they incorporated local customs and relied less on written laws, reflecting Russia's diverse social structure."
What historical interpretation explains the Norse influence on the development of the Varangian Guard in Russia?,"The Varangian Guard, a elite Rus' military unit, likely originated from Norse mercenaries hired by Prince Oleg. This reflects the Vikings' role as traders and warriors in Eastern Europe, blending Norse and Slavic political systems."
"Where did Viking settlers establish a temporary base in Scotland, and how did it impact local resistance?","The Vikings established a base at Tingwall on Orkney in the 9th century. This foothold allowed them to control the region's trade routes, intensifying resistance from local Gaelic kingdoms and shaping Scotland's medieval political landscape."
How did Harald Hardrada's military campaigns reflect the economic priorities of the Viking Age?,"Harald Hardrada's campaigns, such as the 1066 invasion of England, prioritized securing wealth through raiding and territorial control. His focus on swift, decisive strikes aligned with Viking economic strategies of acquiring resources and expanding trade networks. By targeting rich regions, he aimed to fund his fleet and consolidate power, reflecting the Viking Age emphasis on economic gain over prolonged conquest."
What role did Christian missionaries play in the conversion of Scandinavian rulers?,"Christian missionaries, often sent by the Frankish and Anglo-Saxon kingdoms, used diplomacy and strategic alliances to convert Scandinavian rulers. By offering political and economic benefits, they gradually influenced elites, who adopted Christianity to legitimize power and integrate into Christendom. This process was gradual, blending pagan practices with Christian rituals to ease transition."
How did Cnut the Great's Christian reforms shape his administrative policies?,"Cnut's conversion to Christianity in 1016 led to reforms that merged Norse and Christian governance. He established Christian courts, promoted church patronage, and integrated Christian law into Viking legal traditions. His policies balanced pagan customs with Christian values, ensuring stability in his realm while aligning with European Christendom's expanding influence."
What economic factors drove Viking expansion into Eastern Europe?,"Viking expansion into Eastern Europe was driven by access to rich resources like grains, silver, and fur, and lucrative trade routes connecting the Baltic to the Black Sea. Overland and riverine networks allowed them to profit from commerce, while political opportunities in fragmented regions enabled control of key trade hubs, boosting their economy and influence."
How did the Viking Age economy adapt to the spread of Christianity?,"As Christianity spread, Viking economies integrated with Christendom through trade and taxation systems. Monasteries and churches became economic centers, and Christian practices influenced land management and resource extraction. Viking elites adopted Christian taxation and charity systems, aligning their economies with emerging medieval structures while retaining traditional trade networks."
Which Viking artifact provides evidence of their use of celestial navigation?,"The sunstone, a refractive crystal found in Viking ship burials, was used to locate the sun's position on overcast days. This tool enabled Viking sailors to navigate the open ocean, supporting their long-distance exploration and maritime prowess during the Viking Age."
Where did Viking farming practices significantly impact the landscape of Eastern Europe?,"Viking farming techniques transformed the fertile plains of Eastern Europe by introducing three-field crop rotation and heavy plows. These methods increased soil fertility and agricultural output, shaping the region's rural economy and supporting Viking settlements from the 9th to 11th centuries."
How did Erik the Red's voyages influence the discovery of Greenland?,"Erik the Red's expeditions to Greenland, documented in the Saga of Erik the Red, relied on Norse longships and knowledge of Arctic currents. His settlements there, established around 982 CE, became a base for further exploration, including Leif Erikson's journey to Vinland."
Which Viking exploration route led to the first known Norse settlement in North America?,"The Norse route to Vinland, as described in the Saga of the Greenlanders, involved traveling westward from Greenland via the North Atlantic. This journey, likely guided by the sunstone and celestial navigation, led to the establishment of a temporary settlement at L'Anse aux Meadows in present-day Newfoundland."
"Why did Viking longships have a shallow draft, and how did this feature enhance their maritime versatility during the Viking Age?","Viking longships featured a shallow draft due to their clinker-built hulls, enabling navigation in shallow coastal waters and rivers. This versatility allowed raiding, trade, and exploration, solidifying their dominance in the North Sea and Baltic regions."
How did the worship of Odin and Thor reflect the Viking Age's values of heroism and divine favor in warfare?,"Odin and Thor embodied Viking values of bravery and divine favor. Odin's wisdom and sacrifice for knowledge, Thor's strength in battle, reflected the Viking ethos of valor and the afterlife's rewards for warriors."
What historical interpretation explains the role of the Viking 'thing' in maintaining social order across diverse Norse territories?,"The Viking 'thing' served as a legal assembly where laws were debated, disputes resolved, and communal decisions made. This system fostered unity across diverse Norse territories by balancing local autonomy with shared legal principles."
"Why did Viking settlers in France adapt their legal practices to blend with Frankish laws, and what impact did this have on regional governance?",Viking settlers in France integrated Frankish legal codes to secure alliances and governance. This adaptation facilitated stable settlements and blended Viking and Carolingian administrative practices in regions like Normandy.
What historical interpretation links Ubba's role in the Battle of Maldon to the broader Viking strategy of securing trade routes in England?,"Ubba's leadership at the Battle of Maldon (991) exemplified Viking strategy to secure trade routes. His tactics demonstrated the Norse commitment to economic and military dominance in Anglo-Saxon England, reflecting broader Viking expansion goals."
How did Viking runes serve as a form of communication beyond tombstones?,"Viking runes were used for practical communication, such as marking ownership, recording transactions, and sending messages. Inscribed on objects like weapons and tools, they facilitated trade and legal documentation, reflecting a utilitarian purpose beyond ceremonial use."
Why did Viking laws prioritize compensation over punishment?,"Viking legal codes, like the Danes' laws, emphasized restitution to maintain social harmony. Offenders paid wergild (compensation) to victims or their families, reflecting a focus on reconciliation rather than retribution, which preserved community stability."
When did Viking weapons transition from bronze to iron?,"By the late 8th century, Viking weapons shifted from bronze to iron due to improved smelting techniques and iron's superior durability. This transition enhanced combat effectiveness, enabling more lethal weaponry during raids and battles."
How did Viking raids on Normandy influence Frankish military tactics?,"Frankish armies adopted mobile fortifications and naval defenses after Viking raids, such as the 845 Loire River attack. These innovations improved coastal protection and enabled quicker responses to seaborne threats, reshaping medieval warfare strategies."
Why did Harald Bluetooth's conversion to Christianity affect his kingdom's legal reforms?,"Harald's Christian conversion aligned his kingdom's laws with Church principles, promoting moral governance and reducing pagan practices. This shift formalized legal codes, integrated Christian ethics into justice, and strengthened ties with Christian Europe."
What role did Viking trade with the Byzantine Empire play in the spread of Islamic currency during the Viking Age?,"Viking traders encountered Islamic dirhams in Byzantine markets, adopting them as a medium of exchange. This facilitated cross-cultural economic integration, allowing Vikings to conduct transactions with Middle Eastern and Mediterranean merchants, thereby accelerating the diffusion of Islamic currency across Europe."
Why did Halfdan the White establish a Viking settlement in Ireland despite initial failed attempts?,"Halfdan sought to secure strategic footholds in Ireland to control lucrative trade routes and counterbalance rival Norse factions. His eventual success in 876 CE solidified Viking influence, enabling long-term settlements that exploited Ireland's resources and disrupted local power structures."
How did Viking traders navigate the Black Sea to establish commercial ties with the Byzantine Empire?,"Vikings used seasonal wind patterns and river systems to reach Byzantine ports like Chersonesus. They traded furs, amber, and slaves for silk, spices, and luxury goods, leveraging their maritime expertise to bypass overland routes and dominate eastern trade networks."
What economic incentives drove Viking settlers to establish long-term communities in Ireland during the 9th century?,"Ireland's rich farmland, abundant livestock, and access to silver deposits provided Viking settlers with resources to sustain permanent colonies. Control over trade routes and local elites enabled them to extract wealth, fostering a hybrid Norse-Irish economy that lasted centuries."
Why did Harald Hardrada's interactions with the Byzantine Empire influence his military strategies during the Norman Conquest of England?,"As a Varangian Guard commander, Harald gained expertise in Byzantine siege tactics and heavy cavalry maneuvers. These experiences shaped his approach to the Battle of Stamford Bridge, where he employed disciplined formations to counter Norman forces, reflecting his exposure to Eastern military innovations."
"Which Viking leader led the Great Heathen Army's invasion of England in 865, and what was the strategic goal of their campaign?","Ivar the Boneless commanded the Great Heathen Army, aiming to exploit England's political fragmentation. Their goal was to secure wealth, forge alliances with Anglo-Saxon rulers, and establish dominance over the kingdom, culminating in the conquest of Northumbria in 867."
"Scenario: In 871, a Viking warlord commands a fleet to attack a fortified English town. What tactical advantage would the Vikings exploit, and how does this reflect their military strategy?","Vikings would use their fast longships to attack from the sea, exploiting the lack of coastal defenses. This reflects their hit-and-run tactics, reliance on speed, and preference for overwhelming targets with concentrated force rather than prolonged sieges."
"When did Viking exploration reach the British Isles, and how did these voyages influence the Anglo-Saxon kingdom of Mercia's political structure?","Viking exploration reached the British Isles by the late 8th century. Their raids on Mercia weakened its centralized authority, leading to the formation of the Danelaw—a region under Viking control—and the fragmentation of Mercian power by the early 9th century."
"Which Viking raid on Normandy in 911 prompted the Frankish king to issue a charter granting Viking settlers autonomy, and what long-term impact did this have on the region's governance?","The 911 raid on Normandy led to Charles III granting Viking leader Rollo autonomy, establishing the Duchy of Normandy. This created a semi-independent Viking state, blending Norse and Frankish traditions and laying the foundation for the Normans' later dominance in France."
"How did Viking exploration routes to the North Atlantic, such as the journey to Greenland, demonstrate their navigational prowess and adaptability in harsh environments?","Viking voyages to Greenland relied on celestial navigation, seasonal sailing, and knowledge of currents. They adapted by building turf-covered longhouses and livestock pens, showcasing their ability to thrive in extreme climates and establish permanent settlements in the North Atlantic."
Which Viking settlement in Ireland became a major trade hub in the 9th century and how did its strategic location influence its economic role?,"Limerick emerged as a key Viking settlement in Ireland by the 870s. Its position on the Shannon River facilitated trade with the British Isles and mainland Europe, enabling the exchange of goods like silver, wool, and weapons. This economic vitality sustained Viking control over the region for centuries."
"When did the Varangian Rus' establish permanent settlements in the Dnieper River region, and what factors contributed to their long-term presence?","By the late 9th century, the Varangian Rus' founded settlements along the Dnieper. Their strategic location allowed control of trade routes and access to the Black Sea, fostering economic prosperity. This ensured their settlement endured despite political shifts, influencing Kievan Rus' formation."
What cause-effect relationship can be drawn between the death of King Olaf II of Norway and the subsequent Viking expansion into the British Isles?,"Olaf II's death in 1000 weakened Norwegian central authority, creating power vacuums. This enabled Viking settlers to exploit political fragmentation in the British Isles, intensifying raids and eventual colonization efforts by the late 10th century."
What cause-effect relationship can be drawn between the use of runes in Viking legal codes and the standardization of governance in Scandinavian territories?,"Runes inscribed on legal codes like the Ynglinga Law standardized laws across Norse territories, reducing disputes. This uniformity reinforced social order and centralized authority, enabling cohesive governance over diverse regions."
Which Viking king's conversion to Christianity in the early 10th century led to the establishment of Christian monasteries in his kingdom's territories?,"Harald Bluetooth's conversion in 960 spurred the founding of Christian monasteries in Denmark. This shift facilitated cultural integration, blending Norse traditions with Christian practices and strengthening ties with the Christianized Frankish Empire."
How did the Varangians' role in the Byzantine Empire differ from their influence in the Kievan Rus'?,"Varangians served as elite imperial guards in Byzantium, ensuring loyalty to the emperor, while in Kievan Rus', they integrated into local governance, shaping political structures. Their military expertise in Byzantium contrasted with their role as settlers and administrators in Eastern Europe."
What does the use of iron in Viking weapons reveal about their technological advancements and military dominance during the Viking Age?,"Iron replaced bronze, enabling stronger, more durable weapons like swords and axes. This technological leap allowed Vikings to dominate battlefield engagements, from raids to battles, and influenced warfare across Europe through their superior weaponry."
Why did Harald Hardrada's military strategies in the 11th century reflect a blend of Viking raiding tactics and Byzantine military discipline?,"Hardrada's training in Constantinople exposed him to Byzantine tactics, which he combined with traditional Viking raiding methods. This fusion enabled his forces to execute coordinated assaults, as seen in the 1066 Battle of Stamford Bridge, blending speed with disciplined formations."
"How did the conversion of Viking rulers to Christianity, such as Olaf Trygvesson, impact the spread of Christian monasteries in Scandinavia compared to other regions?","Converted rulers like Olaf Trygvesson promoted Christian monasteries as centers of learning and spirituality. Unlike other regions, Scandinavia's conversion was gradual, with local adaptations, ensuring monasteries preserved Norse traditions while spreading Christianity."
In what way did the Viking Age's emphasis on compensation in legal codes reflect the broader societal values of Norse society?,"Viking laws prioritized compensation over punishment, reflecting a focus on restoring balance and social harmony. This approach underscored values like honor, reputation, and collective responsibility, ensuring disputes resolved without escalating violence."
How did the conversion of Viking rulers to Christianity differ from the gradual assimilation of Norse society?,"Viking rulers converted to Christianity to secure political alliances and access European trade networks, while Norse society adopted Christianity gradually through missionary efforts, preserving local traditions and pagan practices for generations."
Why did Vikings establish long-term settlements in Scotland despite initial resistance?,"Vikings settled in Scotland by 843 to exploit its strategic location for trade and raiding. Existing Norse connections and fertile lands allowed them to form the Kingdom of the Isles, blending Scandinavian and local cultures for economic dominance."
Why did Halfdan the White focus his campaigns on Scotland rather than England?,"Halfdan targeted Scotland to avoid English conflicts and capitalize on Viking ties to the Kingdom of the Isles. His raids from 870s onward aimed to expand Norse influence in the North Sea, leveraging Scotland's weaker defenses and trade routes."
"When did the Varangian Guard become a permanent Byzantine military unit, and what role did Norse society play?","The Varangian Guard became a permanent Byzantine unit by 860, recruited from Norse warriors. Their loyalty and martial skills reflected Norse societal values of honor and warfare, ensuring their role in Byzantine imperial defense for centuries."
"When did Harald Fairhair unify Norway, and what legacy did his conquests leave on Viking society?","Harald Fairhair unified Norway by the late 9th century through conquest. His centralized rule established a template for Viking leadership, blending raiding prowess with governance. This set a precedent for future Norse kings, merging military strength with political control."
What artifacts from Ireland reveal Viking interactions with native Celtic cultures?,"Irish Viking artifacts, like the Tara Broighter torc and decorated brooches, show fusion of Norse and Celtic styles. These items, often found in burial sites, indicate trade, intermarriage, and cultural exchange between Viking settlers and Irish elites."
"Why did Vikings target Ireland in the late 8th century, and what resources did they seek?","Vikings raided Ireland in the 8th century to exploit its rich monasteries, which held wealth in silver and manuscripts. Ireland’s strategic location also allowed them to launch further raids into Britain and the Frankish Empire, making it a key hub for their expansion."
What does the Gokstad Ship artifact reveal about Viking Age maritime technology?,"The Gokstad Ship, discovered in Norway, is a 9th-century longship with a 70-foot hull. Its massive size and sturdy construction showcase Viking advancements in shipbuilding, enabling long-distance voyages and raids across Europe and beyond."
"Which Viking settlement in France became a major center of trade in the 9th century, and what factors contributed to its strategic importance?","The Viking settlement at Le Havre became a key trading hub in 9th-century France due to its access to the Seine River, facilitating commerce with Frankish and Germanic regions. This location allowed Vikings to control vital trade routes, enhancing their economic influence and securing alliances with local lords."
"Why did Viking kings like Harald Sigurdsson seek to centralize power in their kingdoms, and how did this impact the political structure of Scandinavia?","Viking kings centralized power to consolidate territories and legitimize their rule, transforming Scandinavia from a fragmented confederation into cohesive kingdoms. This shift bolstered administrative control, military organization, and the spread of Norse legal traditions across the region."
"What historical interpretation explains the use of runes in Viking legal codes, and how did this reflect their legal traditions?","The use of runes in Viking legal codes reflects the historical interpretation that Norse societies valued oral tradition and symbolic communication. Runes served as legal markers, ensuring the preservation of laws and reinforcing social order through written records, albeit minimal in scope."
"Which Viking king's campaigns against France in the 9th century were influenced by the legacy of Ragnar Lothbrok, and how did these raids shape Frankish-Frankish relations?","Ragnar Lothbrok's legendary raids on Francia inspired Viking leaders like Rollo to target French territories in the 9th century. These campaigns, though mythologized, shaped Frankish-Frankish relations by prompting the Carolingian dynasty to offer autonomy to Viking settlers, as seen in the Treaty of Saint-Clair-sur-Epte in 911."
"Why did Viking settlers in France adopt local customs while maintaining their Norse identity, and what does this reveal about Viking cultural adaptability?","Viking settlers in France adopted local customs like Christian practices and feudal obligations while retaining Norse traditions, demonstrating their cultural adaptability. This duality allowed them to integrate into French society while preserving their identity, fostering long-term coexistence and mutual influence between the two cultures."
"Which Viking leader's campaigns in Russia led to the establishment of the first Kievan Rus' trade routes, and what role did this play in the region's development?","Olaf the Red's raids (860s) linked Byzantine and Slavic trade networks. This facilitated the emergence of Kieyvan Rus' as a commercial hub, integrating Slavic and Norse economies through fur, wax, and grain exchanges."
"What historical interpretation explains the decline of Viking longship construction in the late 10th century, and how did this reflect broader societal changes?","The shift from raiding to centralized kingdoms reduced the need for swift ships. This reflects the transition to agrarian societies, prioritizing land-based power and stability over maritime expansion."
"Why did Viking settlers in Ireland adopt the Irish language despite their Norse identity, and what does this reveal about cultural adaptation?","They integrated Irish for trade and governance, blending languages in legal and religious contexts. This shows their pragmatic approach to coexistence, leveraging local knowledge to sustain settlements."
"Which Viking weapon design, exemplified by the double-edged axe, was most effective in both combat and ship construction, and how did this dual use reflect Norse resourcefulness?","The double-edged axe (mace) was versatile for close combat and shipbuilding. Its design highlights Norse ingenuity in maximizing materials, combining utility for warfare with essential tools for maritime activities."
"How did the establishment of Viking settlements in Novgorod influence the political structure of Kievan Rus', and what role did Norse governance models play?","Novgorod's Norse-influenced governance, with a veche (assembly), introduced participatory rule. This blended Norse chieftainship with Slavic traditions, shaping Kievan Rus' early political systems through collective decision-making."
"Where did Viking settlers establish long-term bases in Ireland, and what factors contributed to their success?","Vikings founded Dublin in the late 8th century. Its strategic position on the east coast provided access to trade routes and rich farmland. The site's natural harbor and proximity to Norse-controlled Wessex facilitated resource acquisition and cultural exchange, ensuring their settlements thrived despite initial resistance."
"Scenario: In 839 CE, a Viking fleet raided a Scottish monastery. What was the likely purpose of this attack, and how did it reflect Viking military tactics?","The raid on Iona aimed to plunder wealth, spread Christianity, or assert dominance. Vikings used swift, surprise attacks with longships to overwhelm targets. This reflected their reliance on mobility, hit-and-run tactics, and the integration of raiding into broader political and religious strategies."
"When did Viking raids on France first escalate, and what triggered this shift in their strategy?","Viking raids on France intensified in 845 CE after the Battle of Bremen. Weakened by internal strife, the Carolingian Empire's borders became vulnerable. Vikings shifted from coastal raids to targeting key cities like Paris, exploiting logistical weaknesses and securing lucrative trade routes."
"Where were Viking weapons such as the seax and spear most commonly found in archaeological sites, and what does this indicate about their military presence?","These weapons were prevalent in England, France, and Ireland. Their widespread discovery indicates Viking military presence across these regions, where they were used in raids, skirmishes, and settlements. The seax's versatility and the spear's reach suited both battlefield and shipboard combat."
"When did Viking queens like Astrid of Sweden begin to exert influence over North Sea politics, and what role did they play in Norse governance?","By the 9th century, Viking queens like Astrid of Sweden influenced North Sea politics through marriage alliances and diplomacy. They mediated disputes, secured trade routes, and legitimized rulers, reflecting a growing role in governance as Norse societies expanded and centralized power."
How did the spread of Christianity differ between the Eastern and Western Viking regions during the 10th century?,"In the East, the Byzantine Empire's influence led to Orthodox Christianization through trade and diplomacy, while Western Scandinavia adopted Catholicism via papal missions. Eastern Vikings, like the Varangians, preserved Norse traditions alongside Christian practices, whereas Western conversions often involved forced assimilation and the destruction of pagan sites."
What role did Norse chieftains play in shaping the social hierarchy of Viking Age Scandinavia?,"Norse chieftains governed through a mix of hereditary leadership and personal prowess, balancing clan loyalty with military strength. Their authority was reinforced by rituals, feasts, and redistribution of wealth, creating a stratified society where warriors and farmers formed the backbone of communal and economic stability."
Compare Viking battle tactics in sea and land warfare during the 9th century.,"At sea, Vikings used longships for swift raids, leveraging their maneuverability to attack and retreat. On land, they formed shield walls and relied on hit-and-run tactics, exploiting terrain to outflank enemies. Both strategies emphasized speed, surprise, and psychological pressure over prolonged engagements."
What was the significance of the Varangian Guard in the Byzantine Empire's military structure?,"The Varangian Guard, composed of Norse warriors, served as the Byzantine Empire's elite heavy infantry, renowned for their loyalty and combat skills. Their presence reinforced Norse cultural integration into the empire while providing a strategic advantage in sieges and battles, cementing their reputation as elite soldiers."
How did Viking farming techniques adapt to the diverse climates of their settlements?,"Vikings cultivated crops like barley and rye in temperate regions, while northern settlements focused on root vegetables and fish. They used iron plows, manure, and crop rotation to maximize yields. In Iceland, they relied on turf farming and animal husbandry, adapting to harsh climates through sustainable practices and communal land management."
"Where did Viking exploration reach in the 10th century, and what evidence supports this?","Viking exploration extended to Greenland and Vinland (modern Newfoundland) by the 10th century. Archaeological finds like the L'Anse aux Meadows site in Newfoundland, with Norse tools and structures, confirm their presence. These settlements were likely temporary, driven by the search for new resources and trade routes."
"What caused the shift from Viking raiding to settled colonization in the late 9th century, and how did this affect their economy?","The shift was driven by resource depletion in Scandinavia and the demand for land and wealth. Settlers established permanent colonies in areas like the Danelaw and Normandy, fostering agriculture, trade, and feudal systems. This transition diversified their economy beyond raiding, integrating them into local societies."
"How did the worship of Odin manifest in Viking Age military leadership, and what evidence supports this?","Odin was revered as the god of war and wisdom, influencing Viking leadership through rituals like the 'blót' and the practice of 'seer' divination. Runestone inscriptions and the discovery of sacrificial sites, such as Uppsala's temple, highlight his central role in military and political strategy."
"What factors contributed to the success of Viking settlements in the Danelaw region, and how did they integrate with Anglo-Saxon society?","Viking settlers thrived in the Danelaw due to fertile land, strategic trade routes, and alliances with Anglo-Saxon rulers. They adopted local governance models, intermarried with Saxons, and blended Norse and Anglo-Saxon legal systems, creating a hybrid society that stabilized their rule."
"What role did Halfdan the Black play in the Viking Age expansion of the Danelaw, and how did his leadership shape Anglo-Saxon-Norse relations?","Halfdan the Black unified Viking forces in East Anglia, expanding the Danelaw through conquest and alliances. His leadership established a semi-autonomous Norse kingdom, blending Scandinavian and Anglo-Saxon administrative practices. This fostered both cooperation and conflict, reshaping the region's political landscape."
"Scenario: A Viking longship approaches the coast of Iceland in 874 CE. What immediate actions would the crew take to establish a settlement, and what resources would they prioritize?","The crew would anchor near a fjord, assess soil for farming, and secure timber for shelter. They would prioritize building longhouses, cultivating barley, and constructing boats for trade. Settlements relied on communal labor, livestock, and fishing to sustain year-round habitation."
"When did Ivar the Boneless lead his final campaign against the Anglo-Saxon kingdoms, and what was the strategic significance of this event?","Ivar led his campaign in 878 CE, culminating in the Battle of Edington. This victory weakened Anglo-Saxon resistance, securing Viking control over much of England and paving the way for the Danelaw's establishment."
Cause-effect: How did the decline of the Byzantine currency system directly impact Viking trade networks in the 9th century?,"Byzantine debasement of coins reduced their value, prompting Vikings to seek alternative trade routes and currencies. This shift increased reliance on local barter and led to greater Viking involvement in Russian and Scandinavian markets."
"Scenario: A Viking trader arrives at a Novgorod market in 900 CE. What goods would he exchange, and how did this reflect broader trade dynamics?","The trader would exchange furs, wax, and slaves for Byzantine silver and silk. This reflected the Viking Age's role as intermediaries in the trade network linking Scandinavia, Russia, and the Byzantine Empire."
How did Viking interactions with Normandy in the 9th century differ from their dealings with England during the same period?,"Vikings in Normandy often established trade networks and settlements, integrating with local Frankish elites, while in England they primarily focused on raiding and later ruling through conquest. Normandy's proximity to the Frankish heartland facilitated gradual assimilation, whereas England's fragmented Anglo-Saxon kingdoms led to more direct political domination."
"What caused the establishment of Viking trading posts in Normandy, and how did this impact their economic strategies?","The 845 Viking raid on Paris weakened Frankish control, enabling Norse traders to dominate the Seine River trade. This shift allowed them to profit from luxury goods and silver, diverting resources from raiding and fostering long-term economic integration with the Carolingian economy."
"Why did Viking settlers in Ireland prioritize coastal settlements, and what does this reveal about their strategic thinking?","Coastal sites provided access to maritime trade routes, defensive advantages against Gaelic resistance, and proximity to fertile land. This choice reflects Viking emphasis on control of key economic nodes and adaptability to both seafaring and agrarian economies."
How did Leif Erikson's exploration of Vinland compare to other Viking expeditions in terms of long-term settlement potential?,"Vinland's harsh climate and lack of timber hindered permanent settlement, unlike Greenland's more sustainable environment. While Leif's voyages confirmed Norse reach, sustained colonization required resources unavailable in Vinland, contrasting with established settlements in Iceland and the Danelaw."
How did the development of Viking weapons like the seax influence their effectiveness in both land and maritime warfare?,"The seax's compact, curved blade allowed for quick strikes in melee combat and was ideal for boarding ships. Its lightweight design suited both close-quarters fighting and naval boarding, complementing heavier weapons like the axe, which dominated land battles."
How did Viking weapons like the two-edged sword differ from those of their contemporaries in design and function?,"Viking swords featured a double-edged, cruciform hilt for balance and reach, with tempered steel blades optimized for thrusting. Unlike heavier Roman or Byzantine swords, they were lighter and suited for both cutting and thrusting, reflecting Viking emphasis on mobility and close combat."
Scenario: A Viking finds a rune-carved stone in a forest. How would he interpret its purpose and significance?,"The Viking would likely see it as a memorial or boundary marker, engraved with runes to record lineage, victories, or territorial claims. Such stones reinforced Norse values of honor and identity, serving as public declarations of status and ancestral ties."
Comparison: How did Viking runic inscriptions differ from those of the Anglo-Saxons in structure and content?,"Viking runes often used the Elder Futhark script for poetic and commemorative texts, while Anglo-Saxon runes relied on the Younger Futhark for practical records. Viking inscriptions frequently included kennings and mythological references, whereas Anglo-Saxon runes prioritized legal and administrative clarity."
How did Halfdan the Black's leadership influence the political stability of the Danelaw region?,"Halfdan the Black unified Danish and Norse settlers in the Danelaw, establishing centralized governance that balanced Norse and Anglo-Saxon traditions. His policies reduced internal conflict, enabling sustained control and economic integration in East Anglia."
Scenario: A Viking trader arrives in a Rus' village. How would he negotiate trade with local chieftains?,"The trader would offer luxury goods like silver, furs, and weapons in exchange for timber, wax, and slaves. Gift-giving and feasting would build trust, aligning with Rus' customs while leveraging Viking reputation for strength and resourcefulness."
"Where did Viking longships originate, and what materials were used in their construction?","Viking longships originated in Scandinavia, primarily built from oak and pine. Their hulls featured clinker-built construction, with overlapping planks secured by iron nails. This design allowed for speed and maneuverability, essential for both raiding and long-distance voyages across open seas and rivers."
Which Norse leader was instrumental in establishing the Danelaw in eastern England?,"Sigeferth, a Viking warlord, played a key role in establishing the Danelaw in the early 9th century. His campaigns secured control over eastern England, creating a semi-autonomous Norse-controlled region that blended Anglo-Saxon and Norse legal systems, fostering economic and cultural exchange."
Who commanded the Varangian Guard in the Byzantine Empire during the 10th century?,"The Varangian Guard, composed of Norse warriors, was commanded by a senior Byzantine officer known as the 'Strategos.' These mercenaries, valued for their combat skills, served as the emperor's elite bodyguard, becoming a crucial link between Norse and Byzantine military traditions."
How did Erik the Red's exile influence his decision to colonize Greenland?,"Erik the Red was exiled from Iceland in 982 CE for manslaughter. Seeking a new homeland, he sailed west, discovering Greenland. His settlement there, established around 985 CE, became a base for future Norse expansion into Vinland. The exile provided both motivation and resources, leading to the first Norse permanent colony outside Scandinavia."
Why did Harald Fairhair unify Norway's kingdoms in the 9th century?,"Harald Fairhair unified Norway to consolidate power after decades of civil war among the jarls. By 872 CE, he defeated rivals and established a centralized monarchy, ending fragmented rule. This unification strengthened Norway's position in Viking expansion and secured his legacy as its first historically documented king."
How did Viking raids on France reshape feudal structures in the 9th century?,"Viking raids on France, beginning in 845 CE, destabilized feudal hierarchies by attacking monasteries and towns. The inability of local lords to defend against raids forced the Carolingian monarchy to centralize authority, leading to the rise of a more centralized feudal system by the late 9th century."
"When did Erik the Red establish the first Norse settlement in Greenland, and what factors influenced its location?","Erik the Red founded the Greenland settlement in 985 CE. He chose a northern coastal region for its access to fishing and trade routes, avoiding hostile Indigenous groups. The settlement's location also allowed seasonal farming, though harsh winters posed significant challenges."
Cause-effect: How did the Viking Age's emphasis on raiding shape the development of Norse longship technology?,"The need for swift, versatile ships to raid distant lands drove innovations like the clinker-built hull and shallow draft. These features enabled rapid navigation across open seas, while cargo capacity supported both warfare and trade, adapting ships to multiple strategic purposes."
"When did Norse warriors first adopt the two-edged sword as a primary weapon, and what advantages did it offer?","Norse warriors widely used two-edged swords by the 9th century. Their balanced design allowed for both thrusting and cutting, making them effective in close combat. The weapon’s durability and reach suited Viking tactics, blending strength with precision in battle."
Cause-effect: How did the Rus' adoption of Scandinavian shipbuilding techniques impact their trade networks?,"Rus' merchants adopted Norse ship designs, enabling faster, more stable vessels for navigating rivers and seas. This innovation expanded their trade routes, connecting Byzantium, the Baltic, and the Black Sea, and fostering economic growth through efficient commerce."
What was the significance of the Gjermundbu Helmet discovered in Norway?,"The Gjermundbu Helmet, dating to the 9th century, is a rare surviving Viking artifact showcasing advanced metalworking. Its intricate design, including a unique hinged brow, reflects Norse craftsmanship and warrior status. Found in a burial mound, it suggests the helmet was a symbol of elite identity, blending practicality with artistic expression in Viking warrior culture."
Cause-effect: How did Harald Fairhair's unification of Norway influence Viking raids on France?,"Harald Fairhair's consolidation of Norway in the 9th century strengthened Viking naval power, enabling larger and more coordinated raids. This centralized authority allowed for better resource allocation and strategic planning, leading to intensified attacks on France. The resulting wealth and political pressure prompted Frankish rulers to seek alliances with Norse leaders, reshaping regional power dynamics."
How did Viking daily life in rural areas differ from urban centers?,"Rural Viking communities focused on farming, herding, and craftsmanship, with households managing livestock and seasonal crops. Urban areas, like Hedeby, thrived as trade hubs, housing merchants, artisans, and foreign traders. Rural life emphasized self-sufficiency, while towns fostered specialization, fostering economic interdependence across the Viking world."
What role did runestones play in Viking religious practices?,"Runestones served as markers of Norse pagan beliefs, often commemorating warriors or leaders. Inscriptions invoked gods like Odin and Thor, reflecting spiritual devotion. These stones also reinforced communal identity, linking individuals to ancestral lines and divine favor. Their placement in public spaces underscored the integration of religion into daily Norse life."
How did Viking artifacts reveal their technological advancements?,"Viking artifacts, such as the Oseberg ship and Gotlandic bracteates, showcase advanced shipbuilding, metalwork, and trade networks. The Oseberg ship's design enabled long-distance voyages, while intricate jewelry reflects metallurgical skill. These items highlight Norse ingenuity, blending practical innovation with artistic sophistication across their maritime empire."
"What caused Ivar the Boneless's strategic advantage in the Battle of York, and how did it lead to the city's capture?","Ivar's use of deception, including feigned retreats and ambushes, disoriented Northumbrian defenses. By exploiting the city's weak northern defenses, he forced the Anglo-Saxons into a chaotic retreat, securing York's surrender in 866. This victory marked the start of the Danelaw's establishment in England."
"When did Ubba and Ivar's joint campaign against the Kingdom of Northumbria occur, and what was its outcome?","In 866, Ubba and Ivar led the Great Heathen Army to attack Northumbria. Their combined forces overwhelmed the kingdom, leading to the establishment of the Danelaw. This victory allowed Viking settlers to dominate northern England, reshaping its political landscape."
"How did Viking longship design differ from Anglo-Saxon warships, enabling Viking raids?","Viking longships featured shallow drafts, oars, and a single sail, allowing swift travel between continents. In contrast, Anglo-Saxon ships were bulkier and slower. This design made longships ideal for surprise raids, enabling Vikings to strike quickly and retreat efficiently."
"What caused Erik the Red's exile from Iceland, and how did it lead to Greenland's colonization?","Erik's exile in 982 stemmed from a feud with local chieftains. Seeking new lands, he led a group to Greenland, establishing the first Norse settlement. His punishment and desire for redemption drove this venture, marking a pivotal moment in Viking expansion."
"When did the Battle of Stamford Bridge occur, and what did it signify for Viking history?","Fought in 1066, the Battle of Stamford Bridge marked the end of the Viking Age. Harald Hardrada's defeat by the English at this battle, coupled with his death, halted Viking ambitions in England and signaled the decline of Norse influence in the region."
How did Norse paganism influence Viking burial practices?,"Norse paganism dictated elaborate ship burials, with the deceased placed in a longship alongside grave goods. Wealthy individuals were interred with weapons, jewelry, and food, reflecting their status and beliefs in an afterlife. Sacrifices, like animals or humans, were also made to honor gods, as seen in the Oseberg ship burial."
Which agricultural tools were essential for Norse farming?,"Norse farmers used iron plows, sickles, and wooden scythes for tilling and harvesting. Oxen-drawn plows enabled deeper soil cultivation, while stone axes and hammers shaped tools. Crop rotation and intercropping improved soil fertility, sustaining settlements in harsh climates."
"Scenario: If Leif Erikson had returned to Greenland, what might he have found?","Leif might have found Greenland's settlements abandoned due to climate cooling and resource depletion. The Norse had struggled with harsh winters, limited arable land, and conflicts with indigenous populations. His return would have revealed a fading colony, not the thriving settlements of his youth."
How did King Olaf Trygvason's policies affect Norway's Christianization?,"King Olaf enforced Christian laws, banned pagan rituals, and built churches, earning him a saintly reputation. His reforms faced opposition from traditionalists, leading to his assassination. Yet his legacy solidified Christianity as Norway's dominant religion by the 11th century."
Which Scottish king's reign saw the most intense Viking raids in the 9th century?,"King Aedh mac Cináeda's reign (870s) faced relentless Viking raids, particularly in the Western Isles and the Clyde, as Norse forces sought to control coastal trade routes and subjugate local chieftains."
"Scenario: If Cnut the Great had died in 1034, how might the succession in England and Norway have changed?","Cnut's death would have triggered disputes among his sons, likely leading to fragmented rule. Harold Haresoft might have claimed England, while Norway's throne could have passed to Magnus Barefoot, altering the North Sea power balance."
Which artifact provides evidence of Viking metalworking techniques in the 10th century?,"The Oseberg Ship's iron tools and bronze fittings demonstrate advanced Viking metalworking, including precision casting and alloying methods used for weaponry and daily implements."
Who led the Varangian Guard in the 10th century?,"The Varangian Guard, a Byzantine elite unit, was commanded by Norse warriors under the emperors Basil I and Leo VI, serving as both bodyguards and military elite in Constantinople."
"What caused the decline of Viking-era trade networks in the 11th century, and how did it impact Norse economy?","The decline of Viking trade networks in the 11th century stemmed from shifting political power in the East, reduced Frankish demand for Norse goods, and the rise of Hanseatic League dominance. This led to diminished access to luxury commodities, prompting Norse communities to focus on local agriculture and internal trade, altering economic structures in the Baltic and North Sea regions."
"Scenario: If Harald Fairhair had died without heirs, how might Viking Age Norway's unification have unfolded?","Without Harald Fairhair's heirs, Norway might have remained fragmented into rival kingdoms, delaying centralized rule. This could have prolonged Viking raids and weakened Norway's ability to project power, potentially allowing other Scandinavian realms to dominate North Sea trade routes instead."
"When did the worship of Norse gods transition to Christianity in Denmark, and what triggered this shift?","Denmark's shift from Norse paganism to Christianity accelerated in the 10th century, particularly after the 960s. Danish kings like Harald Bluetooth promoted Christianity to solidify alliances with Christian Europe, while Viking raids and missionary efforts gradually eroded pagan practices among elites and commoners."
How did Norse society's chieftain system enable both cooperation and conflict during the Viking Age?,"The chieftain system fostered cooperation through kinship ties and shared resources, but also bred conflict over land and status. Chieftains balanced loyalty to families with allegiance to regional leaders, creating a flexible social structure that supported both internal stability and Viking expansion."
Cause-effect: How did the Norse economy's reliance on trade influence their religious practices?,"The Norse economy's dependence on trade exposed Vikings to diverse cultures, including Christianity. This exposure, combined with Viking raids, led to syncretism where pagan rituals merged with Christian symbols. Coastal communities adopted Christian practices earlier, while inland areas clung to traditional Norse beliefs longer."
Where did the Varangian traders establish their first permanent settlements in the 9th century?,"The Varangian traders established their first permanent settlements along the Dnieper River in present-day Ukraine, forming the basis of the Kievan Rus' state. This location facilitated trade between the Baltic and Black Seas, integrating Norse commerce with Slavic and Byzantine networks."
Historical interpretation: How did the Norse concept of fate (wyrd) influence Viking raiding strategies?,"The Norse concept of wyrd, or fate, shaped Viking raiding strategies by instilling a belief in predestination. Warriors saw raids as fulfilling their destined roles, balancing courage with divine will, which influenced their decision-making and risk-taking in warfare."
Cause-effect: How did the establishment of the Kievan Rus' state in 882 impact Norse trade networks?,"The Kievan Rus' state's formation in 882 under Oleg of Novgorod centralized trade routes, reducing Norse influence. This shift redirected commerce toward Slavic intermediaries, altering Viking trade dynamics and fostering a distinct Rus' identity."
Where did Halfdan the Black consolidate his power in the 9th century?,"Halfdan the Black consolidated power in Jutland by subjugating rival tribes and establishing a centralized kingdom. His reign marked the unification of Denmark, strengthening Norse political structures and enabling further expansion into the Frankish Empire."
How did the establishment of the Christian Church in Norway influence Viking burial customs by the 11th century?,"The Christian Church in Norway by the 11th century led to the decline of pagan burial practices like ship burials. Christian graves featured stone markers, reflecting new religious norms. This shift highlighted the merging of Norse traditions with Christian rituals, altering societal customs and reinforcing ecclesiastical authority."
"What caused the Varangians to adopt Byzantine military tactics, and how did this shape their role in the Eastern Roman Empire?","The Varangians adopted Byzantine tactics through prolonged service in the Eastern Roman Empire, learning advanced formations and siege techniques. This integration made them elite soldiers, securing their role as the imperial guard. Their Byzantine influence also facilitated cultural exchanges, blending Norse and Greek military traditions."
How did the use of runes in Norse legal systems differ from their use in personal commemoration?,"Runes in Norse legal systems encoded laws and contracts on wooden staves or stones, ensuring clarity and permanence. Personal runestones, by contrast, commemorated individuals' achievements or lineage. Legal runes emphasized communal governance, while personal runestones reflected individual identity and status."
Cause-effect: How did the decline of the Viking longship's dominance impact Norse trade routes and economic strategies?,"The decline of the Viking longship by the 11th century shifted trade to coastal and riverine networks. Norse merchants adapted by using smaller, more maneuverable vessels, focusing on urban markets. This transition diversified their economy, reducing reliance on seaborne raids and fostering commerce with Byzantium and the Islamic world."
"Where were Viking Thing assemblies typically held, and what role did they play in governance?","Viking Thing assemblies were held in open fields or village centers, known as 'Þingvæng.' They served as forums for lawmaking, dispute resolution, and collective decision-making, uniting chieftains, freemen, and slaves. These gatherings reinforced communal ties and ensured social order, reflecting Norse values of consensus and shared responsibility."
Comparison: How did Viking exploration differ from medieval Islamic navigation techniques?,"Viking exploration relied on celestial navigation, sunstones, and oral traditions, while Islamic navigators used advanced astrolabes and detailed charts. Vikings prioritized direct routes and coastal landmarks, whereas Islamic merchants mapped vast trade networks. Both aimed to expand influence but employed distinct technological and cultural approaches."
"Who were the primary builders of Viking longships, and what skills did they require?","Viking longships were crafted by specialized shipwrights, often from coastal communities with generations of maritime expertise. They required knowledge of timber selection, rope-making, and advanced joinery techniques. These builders combined practical skills with ceremonial reverence for the sea, ensuring ships balanced speed, durability, and seaworthiness."
Comparison: How did Norse farming techniques in Scandinavia differ from those in France?,"Norse farmers in Scandinavia used heavy plows and three-field systems, adapting to poor soil with crop rotation. In contrast, French peasants employed lighter tools and two-field systems due to richer soil. Norse methods emphasized preservation of arable land, while French techniques relied on higher yields from fertile regions."
Which battle marked the first major Viking victory in England?,"The Battle of Lindisfarne (793) marked the first major Viking victory by destroying the monastery, signaling the start of sustained raids. This attack showcased their naval prowess and disrupted Anglo-Saxon defenses, encouraging further incursions."
How did Varangian traders dominate Eastern European trade routes?,"Varangians controlled the Volga and Dnieper rivers, acting as intermediaries between Scandinavia and the Byzantine Empire. Their mastery of river navigation and military strength enabled them to dominate trade, extract tribute, and establish key settlements like Novgorod."
How did the Varangians integrate into the Byzantine military?,"Varangians joined the Byzantine Varangian Guard as elite warriors, blending Norse combat techniques with Byzantine tactics. Their recruitment from Scandinavia provided the empire with disciplined fighters, while their loyalty ensured their role in defending the empire’s eastern borders."
Which Viking leader is credited with establishing the first Christian church in Norway?,"Harald Fairhair, who unified Norway in 872, promoted Christianity through marriage alliances, leading to the Christianization of Norway by the early 11th century."
"When did the Norse pagan pantheon begin to decline in Denmark, and what event marked this shift?","The decline of Norse paganism in Denmark began in the 11th century, accelerated by the 1045 Synod of Hedeby, which mandated Christian worship and outlawed pagan practices."
"Where did Leif Erikson establish the first known European settlement in North America, and when was it founded?","Leif Erikson founded Vinland in the 10th century, likely in Newfoundland, Canada, based on Norse sagas describing a land of forests and strange animals."
"Which Viking ruler's death in 1066 directly led to the Battle of Stamford Bridge, and where did it occur?","Harald Hardrada's death at the Battle of Stamford Bridge in 1066, near York, ended his invasion of England and marked a turning point in the Norman Conquest."
"Where did Viking settlers establish permanent communities in Normandy, and when did this occur?","Viking settlers founded permanent communities in Normandy by the 840s, including Rouen, after defeating the West Franks and establishing the Duchy of Normandy by 911."
"Scenario: In 872, Halfdan the White faces a rebellion led by Jarl Sigvard of Jutland. How did he consolidate power while navigating Viking Age political alliances?","Halfdan the White quelled the rebellion by securing alliances with eastern Danish chieftains. He leveraged his control of the Baltic trade routes to strengthen his position, while offering political autonomy to loyal jarls. This strategy balanced centralized authority with local governance, ensuring stability in his expanding realm."
Historical interpretation: How did the discovery of the Gokstad ship (c. 895) reveal Viking Age shipbuilding techniques and trade networks?,"The Gokstad ship's massive size and advanced design, including a clinker-built hull, demonstrated Norse mastery of seafaring. Its construction materials and burial context suggest it was a high-status vessel, linking Viking trade networks across the North Sea and beyond."
Comparison: How did the role of jarls in Norway differ from their counterparts in the Byzantine Empire?,"Norwegian jarls were hereditary chieftains governing local territories, while Byzantine jarls were military officers with administrative roles. The former focused on land management and warfare, whereas the latter served as elite commanders within the empire's hierarchical structure."
Scenario: A Viking jarl in 850 AD negotiates with a Christian king of East Anglia. What strategic advantages might he seek?,"The jarl would likely seek trade privileges, safe passage for raiding parties, and political alliances. By aligning with the king, he could secure resources, avoid retaliation, and leverage the king's Christian authority to legitimize his own status among pagan allies."
Historical interpretation: How did the Oseberg ship burial (c. 834) challenge assumptions about Viking Age gender roles?,"The Oseberg ship, buried with elaborate goods and a woman’s grave goods, suggested that women could hold significant social status. This challenged the stereotype of Viking society as male-dominated, highlighting the role of elite women in trade and ceremonial life."
"Where did Viking traders establish a significant market in 9th-century France, and what goods did they exchange?","Vikings established a major market at Le Havre, Normandy, by the 9th century. They traded furs, amber, and silver for French wine, textiles, and luxury goods, fostering economic ties between Scandinavia and Francia."
"What was the primary purpose of Viking runes in legal documentation, and how were they recorded?","Runes were used to record laws, contracts, and land claims in Viking societies. Inscribed on stone or wood, they provided a durable means of preserving legal agreements and communal rules."
"Where were Viking silver hoards typically discovered in France, and what do they indicate about Viking economy?","Silver hoards were found in sites like Le Tréport and La Haye-du-Puits, France. They reveal Viking accumulation of wealth through raids and trade, reflecting their economic strategies and interactions with local elites."
How did Viking kings like Ragnvald Eysteinsson influence Scandinavian political alliances in the 9th century?,"Ragnvald Eysteinsson forged alliances through marriage and warfare, securing control over key territories. His strategic marriages and military campaigns strengthened Viking influence in the North Sea and Baltic regions."
"What role did Norse gods play in Viking funerary practices, and how was this reflected in archaeological findings?","Norse gods were honored in funerary rites through sacrifices and offerings. Archaeological evidence, such as the Oseberg ship burial, shows grave goods dedicated to Odin, Thor, and other deities, underscoring their spiritual significance."
"When did Astrid the Fair rule Sweden, and what was her significance?","Astrid the Fair ruled Sweden in the 850s, likely as regent after her husband Eirik Bloodaxe's death. Her reign marked a shift toward centralized authority, with alliances securing Swedish dominance in the Baltic and Norse political integration."
How did Norse Thing assemblies differ from Anglo-Saxon Witan in governance?,"Norse Things were open public gatherings for legal disputes and lawmaking, while the Anglo-Saxon Witan was a closed council of nobles. Things emphasized communal decision-making, whereas the Witan focused on elite consultation and royal authority."
How did Viking trade networks compare to Mediterranean commerce in the 9th century?,"Viking trade focused on long-distance exchange of furs, amber, and silver, while Mediterranean commerce centered on grain, wine, and luxury goods. Vikings prioritized northern markets, whereas Mediterranean trade networks were more interconnected and monetized."
Compare the role of laws in Norse society with Anglo-Saxon legal systems during the Viking Age.,"Norse law, codified in texts like the Law of Járnsíða, emphasized communal justice and compensation, while Anglo-Saxon laws relied on wergild. Both systems used assemblies (things) for dispute resolution, but Norse laws prioritized clan loyalty, whereas Anglo-Saxon laws integrated Christian moral codes. Legal outcomes often involved fines rather than corporal punishment, reflecting distinct cultural values."
Why did Cnut the Great standardize weights and measures across his Viking realms?,"Cnut unified Denmark, Norway, and England to streamline trade and taxation. Standardized weights and measures ensured fair transactions, reinforced royal authority, and facilitated economic integration. This system mirrored Byzantine practices, enhancing administrative efficiency and reducing regional disparities in commerce."
What was the primary use of Viking runes in legal documentation?,"Viking runes were used to record legal contracts, land transfers, and witness testimony. Inscribed on stones or wood, they provided permanent records for disputes. Runes simplified complex legal terms, ensuring clarity in agreements. Their use declined with Christianization, replaced by Latin script in official documents."
What role did Erik the Red's exile play in the discovery of Vinland?,"Erik the Red was banished from Iceland for murder, prompting him to explore Greenland. His son Leif Erikson later sailed west, discovering Vinland. Erik's exile provided the incentive for exploration, while Greenland's resources supported the journey. This marked the first known European contact with North America, though settlements were short-lived."
Compare the political influence of Viking queens like Astrid the Fair and Astrid of Sweden.,"Astrid the Fair, regent of Norway, wielded power through marriage alliances and military strategy, while Astrid of Sweden (Astrid of the Fair) influenced politics via diplomacy. Both navigated patriarchal structures, but Astrid the Fair’s regency solidified her legacy, whereas Astrid of Sweden’s role was more indirect, reflecting varying degrees of female agency in Viking Age governance."
"Scenario: In 1000 AD, Leif Erikson's crew encounters a storm while sailing west of Greenland. How might they navigate safely to Vinland?","Leif's crew would rely on celestial navigation, using stars like Polaris and sun shadows. They might follow seabirds or drift ice to locate land, as described in the Saga of Erik the Red. Their survival depended on knowledge of Arctic weather patterns and the ability to spot potential shorelines from the sea."
How did Harald Fairhair consolidate power across Norway in the 9th century?,"Harald Fairhair waged wars against rival jarls, seizing key regions like Viken. He established a centralized monarchy, codified laws, and promoted loyalty through marriage alliances. His reign (c. 870–935) unified Norway, ending the era of fragmented petty kingdoms."
"When did the conversion of Norway to Christianity begin, and what triggered it?","Norway's conversion started in the 10th century, accelerated by Olaf Trygvesson's reign (965–970). Christianization followed military campaigns, royal marriages to Christian elites, and the establishment of bishoprics. Resistance persisted until the 11th century, when the St. Olaf cult solidified Christian identity."
How did Viking raids on England reshape the Anglo-Saxon political landscape?,"Raids (late 8th–early 10th centuries) led to the establishment of the Danelaw, a semi-autonomous region in eastern England. Viking leaders like Ivar the Boneless formed alliances with Anglo-Saxon nobles, creating hybrid kingdoms like York. This hybrid governance influenced later English state formation."
"When did Leif Erikson reach Vinland, and what evidence supports this?","Leif Erikson reached Vinland around 1000 AD, as recorded in the Saga of the Greenlanders. Archaeological findings at L'Anse aux Meadows (Newfoundland) confirm a Norse settlement, with tools, sod houses, and remnants of a shipyard dating to the early 11th century."
"Which Viking leader led a major raid on Paris in 845, demanding tribute from the Frankish court?","The Viking leader Ragnar Loðbrókr led the 845 raid on Paris, demanding tribute from the Frankish court. This event marked a significant shift in Viking strategies, demonstrating their ability to coerce powerful European states through naval superiority and strategic demands."
Historical interpretation: How did Harald Fairhair's consolidation of Norway influence Viking raids on France?,"Harald Fairhair's unification of Norway (c. 870s) enabled larger, organized Viking fleets to target France. This centralized power allowed for more coordinated raids, such as those on Paris, by leveraging Norway's maritime resources and strategic alliances."
Which battle in Ireland marked the first major Viking defeat by the Irish against a Norse force?,"The Battle of Bréifne in 841 marked the first major Viking defeat by the Irish, where the Norse were repelled by the united Gaelic clans. This victory demonstrated the resilience of Irish resistance and the challenges Vikings faced in establishing permanent settlements."
Where did Viking battles in Ireland primarily take place during the 9th century?,"Viking battles in Ireland during the 9th century primarily occurred in the River Shannon valley and the northwestern regions. These areas became focal points for conflict as Norse settlers clashed with Irish clans, shaping the trajectory of Viking influence in the island."
What was the significance of the Danelaw in Viking settlements in England?,"The Danelaw, established in the 9th century, was a region in eastern England under Norse control. It blended Scandinavian governance with Anglo-Saxon traditions, creating a hybrid legal and social system. This area became a vital trade hub, shaping England's political and cultural landscape through Viking influence."
Who was the key Viking leader responsible for establishing Norse rule in Normandy?,"Rollo, a Norse chieftain, secured Normandy after the Treaty of Saint-Clair-sur-Epte (911). He integrated Viking settlers into Frankish territory, founding the Duchy of Normandy. This alliance marked a pivotal shift in Viking strategy, transforming their presence into a lasting political entity."
How did Cnut the Great's governance impact the English legal system?,"Cnut standardized weights, measures, and legal codes across his realms, blending Anglo-Saxon and Norse traditions. His reforms centralized authority, reduced regional disparities, and laid the groundwork for England's later legal unification under centralized rule."
What role did Ragnar Lothbrok's descendants play in Viking Age politics?,"Ragnar Lothbrok's sons, such as Ivar the Boneless and Sigurd, led major campaigns in England and Francia. Their exploits, though legendary, underscored the strategic importance of Norse lineage in claiming power and expanding Viking influence across Europe."
Who was Halfdan the White and what role did he play in the 9th-century Viking raids on England?,"Halfdan the White, son of Ragnar Lothbrok, led Viking raids on England in the 860s. He commanded the Great Heathen Army, which overwhelmed East Anglia in 865, establishing Norse dominance in the region and reshaping Anglo-Saxon political structures."
"How were Viking swords constructed, and what materials were commonly used?","Viking swords featured tempered steel blades, often pattern-welded for strength. Handles were wrapped in leather, and hilts were wrapped in iron or animal sinew. They were crafted in forges across Scandinavia and traded widely, reflecting advanced metallurgical skills."
How did Leif Erikson's expeditions rely on Norse trade networks for supplies?,"Leif Erikson's voyages depended on Norse trade routes for provisions. His crew sourced food, tools, and materials from Greenland’s farms and settlements, which were sustained by exchanges with southern Norse communities and resources from Vinland."
"When did Harald Hardrada die, and what event led to his demise?","Harald Hardrada died in 1066 after the Battle of Stamford Bridge. He was killed defending Northumbria against Harold Godwinson’s forces, marking the end of Viking rule in England and a decisive moment in Norman conquest preparations."
How did Viking households organize labor during seasonal tasks?,"Viking households divided labor by age and skill, with men handling heavy tasks like fishing and construction, women managing crafts and food preparation, and children assisting with domestic chores. Seasonal shifts prioritized harvests, repairs, and trade, ensuring communal cooperation and resource efficiency."
What caused the Varangian Guard's formation in Kievan Rus'?,"The Byzantine Empire's need for elite warriors led to the Varangian Guard's creation in the 9th century. Norse mercenaries, drawn by wealth and prestige, became key in defending Constantinople, blending military service with political influence in Rus' and Byzantium."
How do Viking burial mounds in Scandinavia compare to those in Eastern Europe?,"Scandinavian burial mounds often featured ship burials with grave goods, reflecting seafaring culture, while Eastern European mounds typically contained inhumations with weapons and ceramics, emphasizing land-based status and Christianization influences."
What caused Ivar the Boneless' strategic success in Viking raids?,"Ivar's tactical adaptability and diplomacy, rather than brute force, enabled victories. He coordinated large fleets, used psychological warfare, and secured alliances, outmaneuvering enemies and consolidating power across England and Francia."
How did Viking longship design differ from other seafaring vessels?,"Viking longships featured shallow drafts, flexible keels, and overlapping planks for speed and maneuverability. Unlike bulkier ships, they allowed rapid raids and trade, combining utility with the Norse emphasis on mobility and exploration."
Compare the political roles of Astrid of Sweden and Lagertha of the Viking Age.,"Astrid of Sweden, daughter of King Sigurd, wielded power through alliances and military influence, shaping Scandinavian politics. Lagertha, a legendary shieldmaiden, symbolized female strength in Norse sagas, though her historical role remains debated. Both exemplified Viking Age gender dynamics, with Astrid as a documented ruler and Lagertha as a cultural archetype."
"Scenario: If Halfdan the White had united Denmark and Norway, how might Viking raids on England have changed?","A unified Halfdan might have redirected resources toward securing eastern routes, reducing raids on England. His focus on Denmark and Norway could have intensified pressure on the Anglo-Saxon kingdoms, potentially accelerating their fragmentation. However, centralized power might have stabilized Viking territories, altering the balance of power in the North Sea."
Where were the earliest runic inscriptions in Britain compared to those in Scandinavia?,"British runic inscriptions, like those at Brough-on-Humber, date to the 6th century, predating Scandinavian ones. Scandinavian runestones, such as the Uppsala Stone, emerged in the 8th century. British inscriptions often reflect local dialects, while Scandinavian ones emphasize Norse identity and Christian conversions."
How did the conversion of Norway to Christianity compare to Iceland's shift in the 11th century?,"Norway's conversion began in the 10th century through royal diplomacy and missionary efforts, aligning with the Church. Iceland's shift was slower, driven by laymen and incomplete by the 11th century. Norway's rulers actively promoted Christianity, while Iceland's transition faced resistance from traditional pagan practices."
"Scenario: If Harald Hardrada had avoided the Battle of Stamford Bridge, what might have been the outcome for the Viking Kingdom of Norway?","Avoiding Stamford Bridge might have allowed Harald to consolidate power in Norway, delaying Danish influence. However, without the Norman clash, his death could have left the kingdom vulnerable to internal strife. The absence of a decisive defeat might have prolonged Viking hegemony in the North Sea but risked fragmentation without external threats."
Who was Ubba of Northumbria and what role did he play in Viking conflicts?,"Ubba was a Viking leader who led campaigns against the Anglo-Saxon kingdom of Northumbria in the late 9th century. He was instrumental in the siege of York in 866, contributing to the establishment of the Danelaw. His death at the Battle of Maldon in 991 marked a turning point in Viking dominance in England."
"Where were the earliest Norse artifacts discovered in the British Isles, and what did they indicate about Viking trade networks?","The Lyminge hoard, found in Kent, contains 11th-century Norse silver coins, showing Viking trade links with the Frankish Empire. Artifacts like the Ribe Comb from Denmark reveal interconnected networks, while the Hoxne Hoard highlights Viking economic influence across the North Sea."
How did the establishment of the Jarls' governance in the Danelaw reflect Viking integration into English society?,"Jarls, or Viking chieftains, governed the Danelaw through a blend of Norse and Anglo-Saxon systems. They adopted English legal customs while retaining Norse military structures, demonstrating a pragmatic adaptation that facilitated long-term settlement and cultural fusion."
"What was the significance of the 11th-century Norse exploration of the Faeroe Islands, and how did it influence later Viking expansion?","The Faeroe Islands were settled by Norsemen in the 980s, serving as a strategic base for further exploration. This expansion enabled access to Greenland and Vinland, showcasing Viking navigational expertise and their role in shaping transatlantic maritime networks."
Who was Cnut the Great's chief advisor and how did this relationship shape his reign in England?,"Cnut's advisor, Earl Sigeric of Oxford, played a crucial role in stabilizing his reign. Sigeric's Anglo-Saxon legal expertise helped Cnut implement a hybrid governance system, blending Norse military strength with English administrative structures to secure his rule."
What caused Erik the Red's exile from Norway and how did it lead to Greenland's settlement?,"Erik the Red was exiled for manslaughter, prompting him to sail west. He founded the Greenland settlement in 982, using propaganda to portray it as a lush land, despite its harsh climate, to attract Norse settlers."
Why was Ivar the Boneless' physical disability a strategic advantage in Viking raids?,"Ivar's missing limbs likely hindered direct combat, but he excelled in deception and ambush tactics. His leadership in the 865 Great Heathen Army showcased strategic brilliance, leveraging mobility and surprise over brute strength."
How did Viking traders in the Byzantine Empire differ from other Mediterranean merchants?,"Vikings specialized in high-value goods like furs and slaves, while other traders focused on grain and textiles. Their unique access to the Black Sea via rivers allowed them to dominate as mercenaries and traders in the 9th century."
What caused the legendary sagas about Ragnar Lothbrok to emerge centuries after his death?,"Ragnar's raids inspired oral traditions that evolved into sagas, blending history with myth. These stories highlighted his prowess and justified Viking expansion, shaping Norse identity during the 12th-century Renaissance."
Why did Harald Fairhair succeed where earlier Viking leaders failed in unifying Norway?,"Harald combined military force with diplomacy, subduing rival jarls. His victory at the Battle of Vestrafjord (872) ended fragmentation, leveraging political instability and a centralized administrative system to consolidate power."
What role did Byzantine merchants play in Viking trade networks?,"Byzantine merchants facilitated Viking trade through the Black Sea and Mediterranean. Vikings exchanged furs, amber, and slaves for silk, spices, and silver. This contact influenced Norse art and Christianity, as seen in the 9th-century Varangian Guard's recruitment. The Byzantine Empire's wealth and strategic location made it a critical hub for Viking commerce and cultural exchange."
Where did Viking settlements first establish permanent communities in France?,"Vikings founded permanent settlements along the Seine River in northern France, notably at Rouen and Le Havre. These outposts, established after the Treaty of Saint-Clair-sur-Epte (859), marked their transition from raiding to governance. They integrated into local economies, blending Norse and Frankish traditions in architecture and administration."
How did Viking influence shape the development of English place names?,"Vikings left lasting marks on English place names through their settlements. Names ending in '-by' (farmstead) or '-thorpe' (village) reflect Norse heritage. Coastal towns like Whitby and York incorporated Old Norse elements, while the Danelaw region's geography shaped settlements, blending Germanic and Anglo-Saxon naming conventions."
What role did Ubba play in the Viking invasions of Northumbria?,"Ubba, a key leader in the 865 Great Army, spearheaded the Viking conquest of Northumbria. His forces besieged York (Jorvik), subduing the Anglo-Saxon kingdom by 867. Ubba's death in the Battle of York (867) marked the end of the Great Army's campaigns, though his tactics laid the groundwork for Norse dominance in the region."
Which Viking leader's reign marked the peak of Danish dominance in England under Cnut the Great?,"Cnut the Great's rule (1016–1035) unified Denmark, Norway, and England, establishing the North Sea Empire. His centralized governance and strategic alliances solidified Viking influence across Scandinavia and the British Isles."
Where were the earliest Norse temples dedicated to Thor and Odin discovered in England?,"The Uppåkra temple in Sweden and the Whithorn Priory in Scotland reflect Norse religious practices. In England, the 8th-century St. Oswald's shrine at Whitby showcased Norse pagan rituals before Christianization."
Compare the religious conversion timelines of Norway and Iceland during the Viking Age.,"Norway converted to Christianity by 1050 under Olaf Haraldsson, while Iceland resisted until 1000. Norway's gradual adoption allowed cultural blending, whereas Iceland's strict orthodoxy preserved Norse traditions longer."
"Which Viking chieftain was instrumental in the 866 siege of York, and how did it reshape Anglo-Saxon history?","Ubba, a Swedish commander, led the 866 York siege, devastating Northumbria. This victory established Viking overlordship in the region, reshaping English politics and enabling the Danelaw's formation."
"Where did Halfdan the White establish his power base, and how did it influence Danish governance?","Halfdan the White (c. 840s–870s) consolidated power in Jutland, creating a structured Danish kingdom. His governance laid foundations for later Viking expansion, blending local chieftaincy with centralized rule."
Where did Ragnar Lothbrok's family originate before their Viking raids?,"Ragnar Lothbrok's family hailed from the Jutland region of Denmark, a hub for Viking activity. Their raids across Francia, the British Isles, and the Baltic Sea established their legendary status in Norse sagas."
When did the construction of Viking longships reach its peak?,"Viking longships reached peak design in the 9th century, featuring sleek hulls, single masts, and versatile sails for both raiding and exploration across the North Sea and beyond."
Compare the territorial expansion of Erik the Red and Cnut the Great.,"Erik the Red settled Greenland, establishing Norse colonies, while Cnut the Great unified England, Denmark, and Norway, creating a vast North Sea empire through conquest and diplomacy."
"Who led the Viking forces at the Battle of Stamford Bridge, and what was the strategic significance of their victory?","Harald Hardrada led the Viking forces, defeating King Harold Godwinson. This victory secured control of Northumbria, demonstrating Viking military superiority and weakening Anglo-Saxon unity before the Hastings battle."
Why did Viking raids on Ireland intensify in the late 8th century despite earlier sporadic attacks?,"Viking raids on Ireland escalated due to improved longship technology, population pressure in Scandinavia, and weakened Irish tribal defenses. The 795 AD attack on Lambay marked the beginning of sustained Norse influence in the region."
What historical interpretation explains the discrepancy between Viking sagas and archaeological evidence of Irish settlements?,"Scholars interpret sagas as legendary tales emphasizing Norse heroism, while archaeological finds like the Rathlin Island monastery show limited permanent settlements, suggesting raiding outposts rather than colonization."
"Who was the first Viking king to establish a legal code in England, and what principles did it introduce?","King Guthrum created the Danelaw code in 878, blending Anglo-Saxon and Norse laws. It introduced trial by combat, land tenure systems, and punitive measures for theft, shaping English legal traditions."
"Why did Viking traders prefer specific goods for exchange in the Byzantine Empire, and what does this reveal about their economy?","Vikings traded furs, amber, and slaves for Byzantine silk and silver. This reveals a barter-based economy seeking luxury goods, reflecting their role as intermediaries in transcontinental trade networks."
"Who led the Viking forces at the 870 Siege of Dorchester-on-Thanet, and what was the strategic outcome?","Ivar the Boneless commanded the Viking forces. The siege, lasting 11 weeks, demonstrated their tactical endurance and disrupted Anglo-Saxon defenses, forcing the kingdom to negotiate peace terms."
When did the Viking Age transition from pagan practices to Christian conversion in Norway?,"The transition accelerated after Olaf II's 1015 conversion, but widespread Christianization occurred by the early 11th century, marked by royal patronage of churches and monastic foundations."
"What caused the discovery of the Oseberg ship in 1880, and what does it reveal about Viking craftsmanship?","The ship, found near Oslo, was accidentally uncovered during peat extraction. Its intricate carvings and preserved textiles showcase advanced shipbuilding and trade networks across Scandinavia and beyond."
How did the Thing assemblies influence Viking legal systems in 10th-century Iceland?,"Thing assemblies established democratic governance through public debate and consensus, codifying laws for disputes, crimes, and resource management, which shaped Icelandic independence and legal traditions."
"Who was the first Viking chieftain to commission Christian religious artifacts, and when did this occur?","Ragnvald Kali of Norway, in the 950s, commissioned Christian crosses and relics, reflecting early Christian influence among elite Norse circles before widespread conversion."
What role did the Oseberg ship's discovery in 1880 reveal about Viking craftsmanship?,"The 1880 Oseberg ship uncovered in Norway showcased advanced shipbuilding techniques, including a 70-foot-long, intricately carved vessel with a dug-out hull. Its rich grave goods highlighted Viking mastery of woodwork and trade networks, reflecting both technical skill and cultural sophistication."
Which Viking queen led a successful campaign against the Anglo-Saxons in the 9th century?,"Astrid the Fair, wife of Ivar the Boneless, orchestrated raids along the English coast. Her strategic leadership in the 860s targeted Northumbria, leveraging Viking alliances to disrupt Anglo-Saxon kingdoms, marking her as a key figure in Viking expansion."
When did Leif Erikson establish the first Norse settlement in Vinland?,"Leif Erikson founded Vinland around 1000 CE, based on his 999–1001 voyage. Archaeological evidence, like the Brantburg site in Newfoundland, confirms a short-lived settlement. This predates Columbus by nearly 500 years, showcasing Norse exploration's breadth."
When did the use of runes in Viking legal codes become standardized in Scandinavia?,"Runes were standardized in legal codes by the late 9th century, particularly in Sweden and Denmark. This formalization allowed for the recording of laws, disputes, and lineage, ensuring consistency across Viking territories and facilitating governance in the 10th century."
Who led the Rus' forces in the 860s raids on the Byzantine Empire's Black Sea coast?,"The Rus' leader, often identified as Rurik or his brother Sinius, commanded the 860s raids. These attacks targeted Byzantine trade hubs, securing access to luxury goods and establishing Norse dominance in the region's commerce."
Scenario: A Viking trader arrives at a Rus' trade post in 900 CE. What goods would he exchange?,"The trader would exchange furs, amber, and slaves for Rus' manufactured goods like iron tools, silverware, and textiles. This exchange highlights the economic interdependence between Viking and Rus' societies during the 9th century."
"Who was Ubba, and what role did he play in the Viking invasions of East Anglia?","Ubba, a key Viking warlord, led the 865 invasion of East Anglia as part of the Great Army. His forces besieged and devastated the region, weakening Anglo-Saxon defenses and paving the way for further Danish control in the late 9th century."
Who led the Viking forces in the 865 Great Heathen Army's invasion of England?,"Ivar the Boneless led the Great Heathen Army, which invaded England in 865. This coalition, including sons of Ragnar Lothbrok, aimed to subjugate Anglo-Saxon kingdoms, marking a pivotal phase in Viking expansion in Britain."
Where was the Viking settlement of Vinland established by Leif Erikson?,"Leif Erikson's Vinland settlement was located in present-day Newfoundland, Canada. Founded around 1000 CE, it was the first Norse colony in the Americas, based on the Vinland sagas' accounts of a land of grapevines."
Compare the legal systems of Viking Thing assemblies with those of the Anglo-Saxon witenagemot.,"Viking Thing assemblies were public gatherings where laws were debated and enforced, while the Anglo-Saxon witenagemot was a council of nobles. Both systems emphasized communal decision-making, but the Thing had broader public participation, reflecting Viking society's emphasis on collective governance."
Who was the first Viking king to unify the Danish realm under a centralized rule?,"Gorm the Old, ruling from 958-985, initiated centralized Danish rule. He established a legal code and fostered cultural unity, laying the foundation for the Danish kingdom's political structure and Viking Age legacy."
How did the Varangians differ from other Viking groups in their military and political roles?,"The Varangians were elite warriors serving the Byzantine Empire, known for their disciplined heavy infantry. Unlike other Vikings, they formed a permanent military force, influencing Eastern European politics and preserving Norse traditions within the Byzantine court."
How did Viking Thing assemblies function in resolving disputes between chieftains?,"Thing assemblies were public gatherings where chieftains debated and resolved conflicts through consensus. Decisions relied on collective judgment, with punishments like fines or exile enforced. Legal codes like the Icelandic Grágás regulated conduct, ensuring accountability and maintaining social order through communal participation."
Which Viking queen orchestrated a strategic alliance with the Frankish Empire in the 850s?,"Astrid the Fair, queen of Sweden, married Louis the Stammerer, king of East Francia, in 850. This alliance secured Viking interests in the Frankish realm, facilitated trade, and bolstered political influence, marking a pivotal moment in Viking diplomacy."
"When did Ragnar Lothbrok lead his most significant raid on Francia, and what was the outcome?","Ragnar Lothbrok raided the Loire Valley in 845, crippling Charles the Bald's forces. The Frankish king retaliated by burning Viking settlements, forcing Ragnar to retreat. This event highlighted Viking naval prowess and the limits of Frankish resistance."
How did the Battle of Svolder in 1000 CE influence Viking power dynamics in Scandinavia?,"The Battle of Svolder saw Olaf Sigurdsson defeat his brother Sigurd, securing control over Norway. This victory centralized power, ended rival claims, and established Olaf as a unifying figure, reshaping Viking political landscapes in the 11th century."
Which Halfdan led the Viking settlement of East Anglia and when did this occur?,"Halfdan of East Anglia, a Viking chieftain, established control over the region in the 9th century. His governance integrated Anglo-Saxon and Norse systems, fostering a hybrid culture and solidifying Viking influence in eastern England."
Compare Viking trade networks with the Byzantine Mediterranean trade routes in terms of goods and cultural exchange.,"Viking trade networks primarily exchanged furs, amber, slaves, and iron, linking northern Europe to the Byzantine Empire and Arab world. Byzantine routes focused on silk, spices, and luxury goods, fostering deeper cultural fusion. Vikings emphasized northern resources and direct maritime links, while Byzantine trade facilitated broader Mediterranean interactions, shaping distinct economic and cultural trajectories."
What role did the Viking conversion to Christianity play in reshaping their legal and social structures by the 11th century?,"Christianization introduced monastic institutions, centralized governance, and written laws, replacing pagan rituals with Christian festivals. Royal patronage of churches and scriptoria transformed legal codes, integrating Christian ethics into governance. This shift solidified hierarchical societies and reduced reliance on Norse deities, aligning Viking states with European Christian kingdoms."
How did the role of Ragnar Lothbrok in sagas contrast with the sparse historical records of his actual exploits?,"Sagas depict Ragnar as a legendary hero leading raids on Francia and England, emphasizing his mythic status. Historical records are fragmented, focusing on his family's political influence rather than personal feats. Archaeological evidence suggests his descendants, not Ragnar himself, shaped early Scandinavian power dynamics, highlighting the gap between folklore and documented history."
What was the primary economic impact of Viking settlements in Normandy during the 9th century?,"Viking settlements in Normandy integrated into local economies, boosting agriculture and infrastructure. They facilitated trade with England and France, introducing Norse legal practices and fostering a mixed cultural identity. This laid the groundwork for Normandy's later economic and political prominence, blending Viking and Frankish influences."
How did daily life in Viking longhouses differ from the domestic arrangements of Anglo-Saxon homesteads?,"Viking longhouses featured communal spaces for feasts and meetings, with multiple hearths and storage areas. Anglo-Saxon homesteads were more isolated, with separate living quarters and enclosed yards. Vikings emphasized kinship and shared resources, while Anglo-Saxons prioritized nuclear family units and agricultural self-sufficiency."
What caused the integration of Norse legal codes into the Hanseatic League's territories?,"Viking trade networks expanded into Northern Europe, blending Norse legal concepts like blood feuds with Hanseatic commercial practices. This fusion standardized dispute resolution and reinforced maritime law across merchant communities."
How did the Viking legal code's emphasis on restitution affect inter-kingdom conflicts?,"Restitution laws minimized prolonged warfare by offering compensation for harm. This reduced the need for endless feuds, fostering temporary alliances and stabilizing trade routes between rival Norse kingdoms."
Where did Harald Fairhair's consolidation of power primarily strengthen Viking maritime dominance?,"Harald Fairhair centralized authority in the Oslofjord region, securing key shipbuilding centers and trade hubs. This strengthened Norway's control over the North Sea and Baltic trade routes."
Where were Viking longships primarily constructed to support their expansion across the North Sea?,"Longships were mainly built in the Oslofjord and Skagerrak regions, where access to timber and skilled shipwrights enabled the creation of swift, versatile vessels for raiding and trade."
How did Queen Astrid the Fair's alliances reshape Scandinavian royal succession norms?,"Astrid's marriages to Danish and Frankish rulers normalized inter-kingdom dynastic ties. This shifted Scandinavian succession from patrilineal lines to include maternal claims, stabilizing power transitions during the 9th century."
